time,"H1[L=50,portfolio=btc]|base","H1[L=50,portfolio=btc]|stress","H1[L=50,portfolio=btc]|delay","H1[L=50,portfolio=top5]|base","H1[L=50,portfolio=top5]|stress","H1[L=50,portfolio=top5]|delay","H1[L=100,portfolio=btc]|base","H1[L=100,portfolio=btc]|stress","H1[L=100,portfolio=btc]|delay","H1[L=100,portfolio=top5]|base","H1[L=100,portfolio=top5]|stress","H1[L=100,portfolio=top5]|delay",H1[walk-forward]|base,H1[walk-forward]|stress,H1[walk-forward]|delay,H2[L=20]|base,H2[L=20]|stress,H2[L=20]|delay,H2[L=50]|base,H2[L=50]|stress,H2[L=50]|delay,H2[walk-forward]|base,H2[walk-forward]|stress,H2[walk-forward]|delay,H3[cadence=weekly]|base,H3[cadence=weekly]|stress,H3[cadence=weekly]|delay,H3[cadence=biweekly]|base,H3[cadence=biweekly]|stress,H3[cadence=biweekly]|delay,H3[walk-forward]|base,H3[walk-forward]|stress,H3[walk-forward]|delay,BTC_buy_hold|base,EW_monthly|base,BTC_buy_hold|stress,EW_monthly|stress,BTC_buy_hold|delay,EW_monthly|delay
2021-07-01 00:00:00+00:00,0.0,0.0,0.0,0.0,0.0,0.0,0.0,0.0,0.0,0.0,0.0,0.0,0.0,0.0,0.0,0.0,0.0,0.0,0.0,0.0,0.0,0.0,0.0,0.0,0.0,0.0,0.0,0.0,0.0,0.0,0.0,0.0,0.0,0.0,0.0,0.0,0.0,0.0,0.0
2021-07-02 00:00:00+00:00,0.0,0.0,0.0,0.0,0.0,0.0,0.0,0.0,0.0,0.0,0.0,0.0,0.0,0.0,0.0,0.0,0.0,0.0,0.0,0.0,0.0,0.0,0.0,0.0,0.0,0.0,0.0,0.0,0.0,0.0,0.0,0.0,0.0,0.000769784380087124,0.010610586036458258,-0.007110292662275808,0.002653022366879476,0.0,0.0
2021-07-03 00:00:00+00:00,0.0,0.0,0.0,0.0,0.0,0.0,0.0,0.0,0.0,0.0,0.0,0.0,0.0,0.0,0.0,0.0,0.0,0.0,0.0,0.0,0.0,0.0,0.0,0.0,0.0,0.0,0.0,0.0,0.0,0.0,0.0,0.0,0.0,0.02594703390206554,0.033471101813838944,0.02594703390206554,0.033471101813838944,0.017804898206057684,0.024954117566732048
2021-07-04 00:00:00+00:00,0.0,0.0,0.0,0.0,0.0,0.0,0.0,0.0,0.0,0.0,0.0,0.0,0.0,0.0,0.0,0.0,0.0,0.0,0.0,0.0,0.0,0.0,0.0,0.0,0.0,0.0,0.0,0.0,0.0,0.0,0.0,0.0,0.0,0.017354455431841664,0.03150647450533062,0.017354455431841442,0.03150647450533106,0.017354455431841664,0.03085377961460911
2021-07-05 00:00:00+00:00,0.0,0.0,0.0,0.0,0.0,0.0,0.0,0.0,0.0,0.0,0.0,0.0,0.0,0.0,0.0,-2.4547632714755352e-05,-0.002904547632714527,0.0,-2.4547632714755352e-05,-0.002904547632714527,0.0,-2.4547632714755352e-05,-0.002904547632714527,0.0,0.020921550687033275,0.013721550687033623,0.0,0.020921550687033275,0.013721550687033623,0.0,0.020921550687033275,0.013721550687033623,0.0,-0.04495714069104906,-0.012870285150662353,-0.04495714069104906,-0.012870285150662353,-0.04495714069104906,-0.013614116010452815
2021-07-06 00:00:00+00:00,0.0,0.0,0.0,0.0,0.0,0.0,0.0,0.0,0.0,0.0,0.0,0.0,0.0,0.0,0.0,-0.005276818261868432,-0.00529205976814362,-0.007960919750944484,-0.005276818261868432,-0.00529205976814362,-0.007960919750944484,-0.005276818261868432,-0.00529205976814362,-0.007960919750944484,0.0032208527750403615,0.003243729017500252,-0.003874983283411071,0.0032208527750403615,0.003243729017500252,-0.003874983283411071,0.0032208527750403615,0.003243729017500252,-0.003874983283411071,0.015667204189712347,0.03273493334887334,0.015667204189712347,0.03273493334887356,0.015667204189712347,0.03327459109973341
2021-07-07 00:00:00+00:00,0.0,0.0,0.0,0.0,0.0,0.0,0.0,0.0,0.0,0.0,0.0,0.0,0.0,0.0,0.0,-0.015610506247968226,-0.01565583535409365,-0.01398472488377911,-0.015610506247968226,-0.01565583535409365,-0.01398472488377911,-0.015610506247968226,-0.01565583535409365,-0.01398472488377911,-0.00925342890233094,-0.009318939272867421,-0.007665376182687589,-0.00925342890233094,-0.009318939272867421,-0.007665376182687589,-0.00925342890233094,-0.009318939272867421,-0.007665376182687589,-0.010143538209411607,0.004893631924804076,-0.010143538209411718,0.004893631924804298,-0.010143538209411496,0.0051405942527400494
2021-07-08 00:00:00+00:00,0.0,0.0,0.0,0.0,0.0,0.0,0.0,0.0,0.0,0.0,0.0,0.0,0.0,0.0,0.0,-0.020690821882937138,-0.020751858567970127,-0.020627450853223928,-0.020690821882937138,-0.020751858567970127,-0.020627450853223928,-0.020690821882937138,-0.020751858567970127,-0.020627450853223928,-0.0663784467839269,-0.06685279862322357,-0.0665520365380502,-0.0663784467839269,-0.06685279862322357,-0.0665520365380502,-0.0663784467839269,-0.06685279862322357,-0.0665520365380502,-0.029594233048866325,-0.07575100748982411,-0.029594233048866214,-0.07575100748982422,-0.029594233048866325,-0.07580806061613643
2021-07-09 00:00:00+00:00,0.0,0.0,0.0,0.0,0.0,0.0,0.0,0.0,0.0,0.0,0.0,0.0,0.0,0.0,0.0,0.012674373669962824,0.012712554639078721,0.012284264314387006,0.012674373669962824,0.012712554639078721,0.012284264314387006,0.012674373669962824,0.012712554639078721,0.012284264314387006,0.032667511661454984,0.03291768406428397,0.03191098472107301,0.032667511661454984,0.03291768406428397,0.03191098472107301,0.032667511661454984,0.03291768406428397,0.03191098472107301,0.02884509801237689,0.03574641393047928,0.02884509801237689,0.03574641393047928,0.02884509801237689,0.03550588305286628
2021-07-10 00:00:00+00:00,0.0,0.0,0.0,0.0,0.0,0.0,0.0,0.0,0.0,0.0,0.0,0.0,0.0,0.0,0.0,-0.00956907682888919,-0.009597541376639596,-0.009576498178606174,-0.00956907682888919,-0.009597541376639596,-0.009576498178606174,-0.00956907682888919,-0.009597541376639596,-0.009576498178606174,-0.0170300624499079,-0.017156324801239187,-0.016588372346536095,-0.0170300624499079,-0.017156324801239187,-0.016588372346536095,-0.0170300624499079,-0.017156324801239187,-0.016588372346536095,-0.009132794035996872,-0.008278798923288755,-0.009132794035996872,-0.008278798923288644,-0.00913279403599676,-0.00854244598438303
2021-07-11 00:00:00+00:00,0.0,0.0,0.0,0.0,0.0,0.0,0.0,0.0,0.0,0.0,0.0,0.0,0.0,0.0,0.0,0.004572834923507463,0.004586569271930019,0.003931144013754384,0.004572834923507463,0.004586569271930019,0.003931144013754384,0.004572834923507463,0.004586569271930019,0.003931144013754384,0.021547261652859806,0.021709803529787797,0.020910170192658617,0.021547261652859806,0.021709803529787797,0.020910170192658617,0.021547261652859806,0.021709803529787797,0.020910170192658617,0.022195203093507976,0.01748597037219146,0.022195203093507976,0.01748597037219146,0.022195203093507976,0.017450756930723177
2021-07-12 00:00:00+00:00,0.0,0.0,0.0,0.0,0.0,0.0,0.0,0.0,0.0,0.0,0.0,0.0,0.0,0.0,0.0,-0.055366147973209046,-0.06242900599669199,-0.007364815836599092,-0.055366147973209046,-0.06242900599669199,-0.007364815836599092,-0.055366147973209046,-0.06242900599669199,-0.007364815836599092,-0.04999188583879122,-0.05590290837954093,-0.03976585011632672,-0.03976524637738865,-0.04005884181468733,-0.03976585011632672,-0.04999188583879122,-0.05590290837954093,-0.03976585011632672,-0.03409679668807497,-0.03788911358320746,-0.03409679668807519,-0.03788911358320779,-0.03409679668807497,-0.03769759342482226
2021-07-13 00:00:00+00:00,0.0,0.0,0.0,0.0,0.0,0.0,0.0,0.0,0.0,0.0,0.0,0.0,0.0,0.0,0.0,-0.05991411375203681,-0.0603654930649572,-0.06528059182979118,-0.05991411375203681,-0.0603654930649572,-0.06528059182979118,-0.05991411375203681,-0.0603654930649572,-0.06528059182979118,-0.06516687973540225,-0.06557503722578628,-0.07018349838784255,-0.050026445693224564,-0.05041121521153402,-0.04898121802049804,-0.06516687973540225,-0.06557503722578628,-0.07018349838784255,-0.01078719051346122,-0.036744732297110505,-0.01078719051346122,-0.03674473229711006,-0.01078719051346122,-0.03641800372366266
2021-07-14 00:00:00+00:00,0.0,0.0,0.0,0.0,0.0,0.0,0.0,0.0,0.0,0.0,0.0,0.0,0.0,0.0,0.0,0.0005107536172710425,-0.014560766095916167,-0.000656805460251042,0.0005107536172710425,-0.014560766095916167,-0.000656805460251042,0.0005107536172710425,-0.014560766095916167,-0.000656805460251042,0.0035502044445465675,-0.014253992064533372,0.0029130557123278056,0.021109729014636036,0.021280710109319534,0.020278106674423757,0.0035502044445465675,-0.014253992064533372,0.0029130557123278056,0.0025126672031097197,0.0027286684962608554,0.0025126672031097197,0.0027286684962610774,0.0025126672031097197,0.002578960103283068
2021-07-15 00:00:00+00:00,0.0,0.0,0.0,0.0,0.0,0.0,0.0,0.0,0.0,0.0,0.0,0.0,0.0,0.0,0.0,-0.05232605188297035,0.0,-0.0516323943437037,-0.05232605188297035,0.0,-0.0516323943437037,-0.05232605188297035,0.0,-0.0516323943437037,-0.039688972053246285,0.0,-0.039443663526696815,-0.023699077355875287,-0.023887031430193106,-0.023478148324651893,-0.039688972053246285,0.0,-0.039443663526696815,-0.028879166782208365,-0.032454676512972847,-0.028879166782208365,-0.03245467651297318,-0.028879166782208476,-0.03232639130946291
2021-07-16 00:00:00+00:00,0.0,0.0,0.0,0.0,0.0,0.0,0.0,0.0,0.0,0.0,0.0,0.0,0.0,0.0,0.0,-0.006456236309275165,0.0,-0.05341302648640489,-0.006456236309275165,0.0,-0.05341302648640489,-0.006456236309275165,0.0,-0.05341302648640489,-0.006316554113667161,0.0,-0.0488154819446861,-0.0468260035393222,-0.047206462061554766,-0.04565465002965097,-0.006316554113667161,0.0,-0.0488154819446861,-0.015081264740177347,-0.060647177445881995,-0.015081264740177347,-0.06064717744588177,-0.015081264740177458,-0.060858022387522914
2021-07-17 00:00:00+00:00,0.0,0.0,0.0,0.0,0.0,0.0,0.0,0.0,0.0,0.0,0.0,0.0,0.0,0.0,0.0,0.0,0.0,-0.007343402243795483,0.0,0.0,-0.007343402243795483,0.0,0.0,-0.007343402243795483,0.0,0.0,-0.007322646660671839,-0.007414851513350307,-0.014664690407408587,0.0010103588640018035,0.0,0.0,-0.007322646660671839,0.004646671377587452,0.0006232583637226785,0.00464667137758723,0.0006232583637224565,0.004646671377587452,0.0007693929018417478
2021-07-18 00:00:00+00:00,0.0,0.0,0.0,0.0,0.0,0.0,0.0,0.0,0.0,0.0,0.0,0.0,0.0,0.0,0.0,0.0,0.0,0.0,0.0,0.0,0.0,0.0,0.0,0.0,0.0,0.0,0.0,0.0,0.0,-0.007769202230870298,0.0,0.0,0.0,0.008065603028612589,0.0006987231095247903,0.008065603028612811,0.0006987231095245683,0.008065603028612589,0.0006920374816148378
2021-07-19 00:00:00+00:00,0.0,0.0,0.0,0.0,0.0,0.0,0.0,0.0,0.0,0.0,0.0,0.0,0.0,0.0,0.0,0.0,0.0,0.0,0.0,0.0,0.0,0.0,0.0,0.0,0.0,0.0,0.0,0.0,0.0,0.0,0.0,0.0,0.0,-0.02976634448263127,-0.0615280772881337,-0.02976634448263127,-0.06152807728813403,-0.02976634448263127,-0.061271661140821054
2021-07-20 00:00:00+00:00,0.0,0.0,0.0,0.0,0.0,0.0,0.0,0.0,0.0,0.0,0.0,0.0,0.0,0.0,0.0,0.0,0.0,0.0,0.0,0.0,0.0,0.0,0.0,0.0,0.0,0.0,0.0,0.0,0.0,0.0,0.0,0.0,0.0,-0.0339105435018382,-0.05208557206659914,-0.0339105435018382,-0.052085572066598806,-0.0339105435018382,-0.05225135571576511
2021-07-21 00:00:00+00:00,0.0,0.0,0.0,0.0,0.0,0.0,0.0,0.0,0.0,0.0,0.0,0.0,0.0,0.0,0.0,0.0,0.0,0.0,0.0,0.0,0.0,0.0,0.0,0.0,0.0,0.0,0.0,0.0,0.0,0.0,0.0,0.0,0.0,0.0785010551695251,0.1056431639307367,0.0785010551695251,0.10564316393073692,0.0785010551695251,0.10557524494077009
2021-07-22 00:00:00+00:00,0.0,0.0,0.0,0.0,0.0,0.0,0.0,0.0,0.0,0.0,0.0,0.0,0.0,0.0,0.0,0.0,0.0,0.0,0.0,0.0,0.0,0.0,0.0,0.0,0.0,0.0,0.0,0.0,0.0,0.0,0.0,0.0,0.0,0.004747132349302907,0.034918271717648164,0.004747132349302907,0.03491827171764772,0.004747132349302907,0.03490789221938839
2021-07-23 00:00:00+00:00,0.0,0.0,0.0,0.0,0.0,0.0,0.0,0.0,0.0,0.0,0.0,0.0,0.0,0.0,0.0,0.0,0.0,0.0,0.0,0.0,0.0,0.0,0.0,0.0,0.0,0.0,0.0,0.0,0.0,0.0,0.0,0.0,0.0,0.04210638465250294,0.03114928638719694,0.04210638465250294,0.03114928638719716,0.04210638465250294,0.031416024845509094
2021-07-24 00:00:00+00:00,0.0,0.0,0.0,0.0,0.0,0.0,0.0,0.0,0.0,0.0,0.0,0.0,0.0,0.0,0.0,0.0,0.0,0.0,0.0,0.0,0.0,0.0,0.0,0.0,0.0,0.0,0.0,0.0,0.0,0.0,0.0,0.0,0.0,0.018894554861227597,0.016667991107346847,0.018894554861227597,0.016667991107346847,0.01889455486122782,0.017118593972245133
2021-07-25 00:00:00+00:00,0.0,0.0,0.0,0.0,0.0,0.0,0.0,0.0,0.0,0.0,0.0,0.0,0.0,0.0,0.0,0.0,0.0,0.0,0.0,0.0,0.0,0.0,0.0,0.0,0.0,0.0,0.0,0.0,0.0,0.0,0.0,0.0,0.0,0.03340575987931027,0.011909122569760733,0.03340575987931049,0.011909122569761177,0.03340575987931027,0.012040191233089859
2021-07-26 00:00:00+00:00,0.007880629723455046,0.00644062972345516,0.0,0.014966225222753815,0.007766225222753942,0.0,0.0,0.0,0.0,0.0,0.0,0.0,0.0,0.0,0.0,0.0,0.0,0.0,0.0,0.0,0.0,0.0,0.0,0.0,0.0,0.0,0.0,0.0,0.0,0.0,0.0,0.0,0.0,0.05178097936506032,0.012398454745909282,0.05178097936506032,0.012398454745909504,0.05178097936506054,0.012387868947953073
2021-07-27 00:00:00+00:00,0.011128989448344617,0.011144912637782944,0.009224524044917803,0.027073296221650445,0.027266721768088864,0.01933828722423847,0.0,0.0,0.0,0.0,0.0,0.0,0.0,0.0,0.0,0.0,0.0,0.0,0.0,0.0,0.0,0.0,0.0,0.0,0.0,0.0,0.0,0.0,0.0,0.0,0.0,0.0,0.0,0.05924707154084374,0.025927150088056017,0.05924707154084374,0.025927150088055795,0.05924707154084374,0.026016437982254725
2021-07-28 00:00:00+00:00,0.0028149027903927593,0.0028188859190236837,0.0027025015280024434,-0.0017376058943642247,-0.001749690730307507,-0.0017064792281594743,0.0,0.0,0.0,0.0,0.0,0.0,0.0,0.0,0.0,0.0,0.0,0.0,0.0,0.0,0.0,0.0,0.0,0.0,0.0,0.0,0.0,0.0,0.0,0.0,0.0,0.0,0.0,0.014304867840472024,-0.001963012378719098,0.014304867840472024,-0.001963012378718987,0.014304867840472246,-0.001833627972849361
2021-07-29 00:00:00+00:00,2.157625638199434e-05,2.1606701279708318e-05,2.071702173056522e-05,0.010084330952795373,0.010154589168257955,0.010171848733109723,0.0,0.0,0.0,0.0,0.0,0.0,0.0,0.0,0.0,0.0,0.0,0.0,0.0,0.0,0.0,0.0,0.0,0.0,0.0,0.0,0.0,0.0,0.0,0.0,0.0,0.0,0.0,0.00010840487472263405,0.031189162476441767,0.00010840487472263405,0.03118916247644199,0.00010840487472263405,0.030967813026016033
2021-07-30 00:00:00+00:00,0.010929629483196868,0.010945051262428507,0.010494386146342238,0.03169154304445265,0.03191012060193743,0.0313406147530737,0.0,0.0,0.0,0.0,0.0,0.0,0.0,0.0,0.0,0.0,0.0,0.0,0.0,0.0,0.0,0.0,0.0,0.0,0.0,0.0,0.0,0.0,0.0,0.0,0.0,0.0,0.0,0.05490861011043102,0.03458856359024254,0.05490861011043102,0.034588563590242316,0.05490861011043102,0.034752553706259404
2021-07-31 00:00:00+00:00,-0.0036535058753244254,-0.003658605183997854,-0.003509525733615959,0.004886315312275791,0.004918974230841755,0.004801375568663335,0.0,0.0,0.0,0.0,0.0,0.0,0.0,0.0,0.0,0.0,0.0,0.0,0.0,0.0,0.0,0.0,0.0,0.0,0.0,0.0,0.0,0.0,0.0,0.0,0.0,0.0,0.0,-0.01758939531866488,0.01780785207326896,-0.01758939531866488,0.01780785207326896,-0.01758939531866488,0.017637890420832525
2021-08-01 00:00:00+00:00,-0.0080431596217313,-0.008054426925547142,-0.007725072326880689,-0.017017907787414965,-0.01713109449602912,-0.016805311315241767,0.0,0.0,0.0,0.0,0.0,0.0,0.0,0.0,0.0,0.0,0.0,0.0,0.0,0.0,0.0,0.0,0.0,0.0,0.0,0.0,0.0,0.0,0.0,0.0,0.0,0.0,0.0,-0.039272192005737505,-0.01940589321324515,-0.039272192005737505,-0.023623762223171196,-0.039272192005737505,-0.019065132170544064
2021-08-02 00:00:00+00:00,-0.0035616949741487103,-0.0035667249071144047,-0.003419742050845498,0.007255237005818094,0.004176041542200526,-0.0037105494975756548,0.0,0.0,0.0,0.0,0.0,0.0,0.0,0.0,0.0,0.0,0.0,0.0,0.0,0.0,0.0,0.0,0.0,0.0,0.0,0.0,0.0,0.0,0.0,0.0,0.0,0.0,0.0,-0.017955917172305824,0.008198300101691425,-0.017955917172305824,0.008233716117152845,-0.017955917172305824,0.004586277485695733
2021-08-03 00:00:00+00:00,-0.004784493673801515,-0.004791274665870482,-0.004593151227465397,-0.0032651947865874886,-0.0032752071179820152,-0.006390156087918153,0.0,0.0,0.0,0.0,0.0,0.0,0.0,0.0,0.0,0.0,0.0,0.0,0.0,0.0,0.0,0.0,0.0,0.0,0.0,0.0,0.0,0.0,0.0,0.0,0.0,0.0,0.0,-0.02447407495199805,-0.020753073832574187,-0.02447407495199805,-0.02084199335089587,-0.02447407495199816,-0.020224016799554323
2021-08-04 00:00:00+00:00,0.007681605989594997,0.0076925454299321405,0.00737298408988285,0.03070472302932381,0.030799184791781675,0.030716023545788396,0.0,0.0,0.0,0.0,0.0,0.0,0.0,0.0,0.0,0.0,0.0,0.0,0.0,0.0,0.0,0.0,0.0,0.0,0.0,0.0,0.0,0.0,0.0,0.0,0.0,0.0,0.0,0.040086731477001036,0.04583097331832131,0.04008673147700126,0.04603152253558629,0.040086731477001036,0.045084933460675325
2021-08-05 00:00:00+00:00,0.005807423024954739,0.005815630290648466,0.005575807388520371,0.014494059313777452,0.014537317352788737,0.01467907666904833,0.0,0.0,0.0,0.0,0.0,0.0,0.0,0.0,0.0,0.0,0.0,0.0,0.0,0.0,0.0,0.0,0.0,0.0,0.0,0.0,0.0,0.0,0.0,0.0,0.0,0.0,0.0,0.029362015043900902,0.027882180354349195,0.029362015043900902,0.02799881937124926,0.029362015043900902,0.027801288148417536
2021-08-06 00:00:00+00:00,0.009806105840539647,0.009819884064098616,0.009417180560271854,0.01615839301016586,0.01620592729175252,0.016519938832253,0.0,0.0,0.0,0.0,0.0,0.0,0.0,0.0,0.0,0.0,0.0,0.0,0.0,0.0,0.0,0.0,0.0,0.0,0.0,0.0,0.0,0.0,0.0,0.0,0.0,0.0,0.0,0.04844463292339185,0.02882461711907003,0.04844463292339185,0.028941914428336935,0.04844463292339163,0.026848240403275714
2021-08-07 00:00:00+00:00,0.008666275466368,0.008678333742422772,0.008325764271946534,0.05442230685249627,0.054579851622509334,0.05432279134565143,0.0,0.0,0.0,0.0,0.0,0.0,0.0,0.0,0.0,0.0,0.0,0.0,0.0,0.0,0.0,0.0,0.0,0.0,0.0,0.0,0.0,0.0,0.0,0.0,0.0,0.0,0.0,0.041235766713832556,0.05846921303438268,0.04123576671383278,0.058700451933048514,0.04123576671383278,0.05604890803899032
2021-08-08 00:00:00+00:00,-0.003928081882978662,-0.003933500401630985,-0.003775015939510573,-0.04346290472147596,-0.04358221183043254,-0.04296032592001631,0.0,0.0,0.0,0.0,0.0,0.0,0.0,0.0,0.0,0.0,0.0,0.0,0.0,0.0,0.0,0.0,0.0,0.0,0.0,0.0,0.0,0.0,0.0,0.0,0.0,0.0,0.0,-0.018105917601720978,-0.061061665543103216,-0.018105917601720756,-0.06128976759469773,-0.018105917601720756,-0.05990505234421828
2021-08-09 00:00:00+00:00,0.009816944895143065,0.009541308631324297,0.011516777991359417,0.04151398389960015,0.04121683132663456,0.04221786576059938,0.008647793169614282,0.007207793169614396,0.0,0.03462617046704364,0.027426170467043764,0.0,0.008647793169614282,0.007207793169614396,0.0,0.0,0.0,0.0,0.0,0.0,0.0,0.0,0.0,0.0,0.0,0.0,0.0,0.0,0.0,0.0,0.0,0.0,0.0,0.05604353633222092,0.050068269670984655,0.05604353633222092,0.0502675165723514,0.05604353633222092,0.04904228759879459
2021-08-10 00:00:00+00:00,-0.0028054504710343098,-0.002806216446701759,-0.0029631609269864523,0.02797281706285859,0.027980798288397724,0.027752686012123773,-0.002808702209695646,-0.00281271779735226,-0.004101650821089042,0.028159716681147806,0.028357054422712302,0.021061659301112368,-0.002808702209695646,-0.00281271779735226,-0.004101650821089042,0.0,0.0,0.0,0.0,0.0,0.0,0.0,0.0,0.0,0.0,0.0,0.0,0.0,0.0,0.0,0.0,0.0,0.0,-0.014903593956463235,0.02528317081341136,-0.014903593956463235,0.025378969730235346,-0.014903593956463124,0.024499975597776613
2021-08-11 00:00:00+00:00,-0.00017198498348547364,-0.00017203207290461542,-0.00016449796097339764,0.05805241435046704,0.058068527063126485,0.05804250430597402,-0.00017218488913950392,-0.0001724317553889465,-0.00016469019484499636,0.058429666663702085,0.05882783924414792,0.05842797779417319,-0.00017218488913950392,-0.0001724317553889465,-0.00016469019484499636,0.0,0.0,0.0,0.0,0.0,0.0,0.0,0.0,0.0,0.0,0.0,0.0,0.0,0.0,0.0,0.0,0.0,0.0,-0.0009248687265410727,0.029402909498237983,-0.0009248687265410727,0.029511560806778192,-0.0009248687265410727,0.029662086491731854
2021-08-12 00:00:00+00:00,-0.004614860821364197,-0.004616124585807624,-0.004413929026292451,-0.019441512249990134,-0.019446612184780165,-0.019252194714894477,-0.004620225799321864,-0.004626851087557338,-0.0044190880351003825,-0.019560877981597335,-0.019686770793384323,-0.01937299481823873,-0.004620225799321864,-0.004626851087557338,-0.0044190880351003825,0.0,0.0,0.0,0.0,0.0,0.0,0.0,0.0,0.0,0.0,0.0,0.0,0.0,0.0,0.0,0.0,0.0,0.0,-0.024835638279306238,-0.01671350463706356,-0.02483563827930635,-0.01677349492580782,-0.02483563827930635,-0.016270702166647055
2021-08-13 00:00:00+00:00,0.013980279355827241,0.013984125563879957,0.013368877019228176,0.11011147194523918,0.11014092944639842,0.10988735526942461,0.013996607482917867,0.014016771564167474,0.01338457194588294,0.11080101526712216,0.11152844569936593,0.11059047766716534,0.013996607482917867,0.014016771564167474,0.01338457194588294,0.0,0.0,0.0,0.0,0.0,0.0,0.0,0.0,0.0,0.0,0.0,0.0,0.0,0.0,0.0,0.0,0.0,0.0,0.0767972907203478,0.08401995286028585,0.07679729072034802,0.08432667299212837,0.0767972907203478,0.0837582820877747
2021-08-14 00:00:00+00:00,-0.0029259946858315455,-0.0029267885739463484,-0.002799719732813344,-0.012929223939567192,-0.012932339654229907,-0.012801725109532147,-0.0029293649004147326,-0.002933526727100344,-0.002802963163582306,-0.013002113474321897,-0.013078909915809844,-0.012875481178769799,-0.0029293649004147326,-0.002933526727100344,-0.002802963163582306,0.0,0.0,0.0,0.0,0.0,0.0,0.0,0.0,0.0,0.0,0.0,0.0,0.0,0.0,0.0,0.0,0.0,0.0,-0.015135582406022197,0.004746444245797177,-0.015135582406022197,0.004762423926289117,-0.015135582406022197,0.005948748825791217
2021-08-15 00:00:00+00:00,-0.00038571631130923656,-0.00038582127201070016,-0.00036902350725420696,0.007616659328335329,0.007618518856790546,0.007545896501184313,-0.00038616189173001914,-0.00038671213636554125,-0.0003694522167736469,0.007660164514265322,0.007706008546770393,0.007589938616610503,-0.00038616189173001914,-0.00038671213636554125,-0.0003694522167736469,0.0,0.0,0.0,0.0,0.0,0.0,0.0,0.0,0.0,0.0,0.0,0.0,0.0,0.0,0.0,0.0,0.0,0.0,-0.0020199683079795694,0.022944426725269196,-0.0020199683079795694,0.023021306753458592,-0.0020199683079795694,0.023181603624900182
2021-08-16 00:00:00+00:00,-0.004509180517787925,-0.004510408024663737,-0.004313962810894134,-0.04053971850920479,-0.043753137210796544,-0.027892529172777847,-0.004514391546388774,-0.004520826621305041,-0.004318976368073102,-0.04016165242505776,-0.04367658655324924,-0.028054099424070333,-0.004514391546388774,-0.004520826621305041,-0.004318976368073102,0.0,0.0,0.0,0.0,0.0,0.0,0.0,0.0,0.0,0.0,0.0,0.0,0.0,0.0,0.0,0.0,0.0,0.0,-0.023652920620855222,-0.022387974556795864,-0.023652920620855333,-0.02246130198416929,-0.023652920620855333,-0.022160802312505723
2021-08-17 00:00:00+00:00,-0.005013714201519082,-0.005015085238476935,-0.00479571307275517,-0.04517736252811022,-0.04533430944330341,-0.04842986409061634,-0.005019534569233874,-0.005026722198267497,-0.004801310681466164,-0.04427112398335842,-0.04450081154257224,-0.04857362469320581,-0.005019534569233874,-0.005026722198267497,-0.004801310681466164,0.0,0.0,0.0,0.0,0.0,0.0,0.0,0.0,0.0,0.0,0.0,0.0,0.0,0.0,0.0,0.0,0.0,0.0,-0.02681512058395119,-0.047226575869747434,-0.02681512058395119,-0.04738481144977913,-0.02681512058395119,-0.04676801119844243
2021-08-18 00:00:00+00:00,0.0001490143689149015,0.0001490553233780556,0.0001425038579003779,0.01660925565142568,0.016667298694054367,0.01680895699095064,0.00014918823082310517,0.00014940293740184352,0.00014267099242570858,0.016819967425320215,0.01688771358094021,0.016799057773119186,0.00014918823082310517,0.00014940293740184352,0.00014267099242570858,0.0,0.0,0.0,0.0,0.0,0.0,0.0,0.0,0.0,0.0,0.0,0.0,0.0,0.0,0.0,0.0,0.0,0.0,0.0008148357412030016,0.009977641844144625,0.0008148357412027796,0.010012735458049482,0.0008148357412030016,0.010054022371978721
2021-08-19 00:00:00+00:00,0.008423337649074103,0.008425652337670675,0.008055370324112854,0.07466741635557339,0.07493523134450886,0.07456381424552005,0.008433164078007982,0.008445298985165106,0.008064816653910123,0.07271303470502666,0.0730904083794397,0.0747898061395098,0.008433164078007982,0.008445298985165106,0.008064816653910123,0.0,0.0,0.0,0.0,0.0,0.0,0.0,0.0,0.0,0.0,0.0,0.0,0.0,0.0,0.0,0.0,0.0,0.0,0.04602959024317377,0.06882542432693994,0.04602959024317377,0.06906509904816072,0.04602959024317377,0.067425981254984
2021-08-20 00:00:00+00:00,0.010458138008870632,0.010460987838163627,0.01000493266005087,0.03079726233318869,0.030902296773740012,0.030543254118600816,0.010470236153073742,0.010485176133867125,0.010016571328744783,0.02984875143292154,0.030034662244084798,0.03068466353199062,0.010470236153073742,0.010485176133867125,0.010016571328744783,0.0,0.0,0.0,0.0,0.0,0.0,0.0,0.0,0.0,0.0,0.0,0.0,0.0,0.0,0.0,0.0,0.0,0.0,0.05509423859750706,0.03648298984199627,0.05509423859750706,0.0366018290103336,0.05509423859750706,0.0362459752645059
2021-08-21 00:00:00+00:00,-0.0019095970953678654,-0.0019101120709914543,-0.0018276640855802162,-0.006589332351334187,-0.0066098481906669004,-0.0066972473244217845,-0.0019117832587104422,-0.001914482876426149,-0.0018297691093993596,-0.007047559611268017,-0.007097131075401553,-0.006695382681796591,-0.0019117832587104422,-0.001914482876426149,-0.0018297691093993596,0.0,0.0,0.0,0.0,0.0,0.0,0.0,0.0,0.0,0.0,0.0,0.0,0.0,0.0,0.0,0.0,0.0,0.0,-0.009634310451052341,-0.00663482211733224,-0.009634310451052341,-0.006655671178069089,-0.009634310451052452,-0.006719884531117382
2021-08-22 00:00:00+00:00,0.0016807450817006853,0.0016811992084881933,0.0016084991355336253,0.028308080972939687,0.028398673348656978,0.02835128046616342,0.0016826729341123947,0.001685053584221441,0.0016103551307602437,0.027852778639783304,0.02795890123552658,0.02838949803342472,0.0016826729341123947,0.001685053584221441,0.0016103551307602437,0.0,0.0,0.0,0.0,0.0,0.0,0.0,0.0,0.0,0.0,0.0,0.0,0.0,0.0,0.0,0.0,0.0,0.0,0.008545845439317024,0.014894179559961973,0.008545845439316802,0.014941296163845541,0.008545845439316802,0.014995730310859656
2021-08-23 00:00:00+00:00,0.0008914566257478551,0.0008916970874770502,0.0008531993668248194,0.01912355213153516,0.01862008424620898,0.022278227322479083,0.0008924774288701087,0.0008937379841893467,0.0008541822632188723,0.019397668436488935,0.019161151748480654,0.02229887149436305,0.0008924774288701087,0.0008937379841893467,0.0008541822632188723,0.0,0.0,0.0,0.0,0.0,0.0,0.0,0.0,0.0,0.0,0.0,0.0,0.0,0.0,0.0,0.0,0.0,0.0,0.004501809184729755,0.021821186375028834,0.004501809184729755,0.021889199828805994,0.004501809184729755,0.021907856335477982
2021-08-24 00:00:00+00:00,-0.007322365286006827,-0.00732433866296367,-0.007008390595024783,-0.05587021751907528,-0.05598286668199204,-0.056101551548001005,-0.007330742618212649,-0.007341087479400543,-0.0070164574585031,-0.056833035811333144,-0.05706519536487198,-0.056176865939090326,-0.007330742618212649,-0.007341087479400543,-0.0070164574585031,0.0,0.0,0.0,0.0,0.0,0.0,0.0,0.0,0.0,0.0,0.0,0.0,0.0,0.0,0.0,0.0,0.0,0.0,-0.036844656762243244,-0.08158471197282857,-0.036844656762243466,-0.08183355269097903,-0.03684465676224358,-0.08088584210836547
2021-08-25 00:00:00+00:00,0.005276877217349041,0.00527830982833577,0.005049013771055044,0.016243523598409526,0.01628241627672722,0.016170164115156815,0.005282958942150584,0.005290469183349078,0.0050548663989580245,0.016630119982670166,0.01673035681018642,0.016210296507863653,0.005282958942150584,0.005290469183349078,0.0050548663989580245,0.0,0.0,0.0,0.0,0.0,0.0,0.0,0.0,0.0,0.0,0.0,0.0,0.0,0.0,0.0,0.0,0.0,0.0,0.0273660434814067,0.03084197929655441,0.0273660434814067,0.030944434373652907,0.0273660434814067,0.030251421156897607
2021-08-26 00:00:00+00:00,-0.00859198486902557,-0.008594305245638867,-0.008222833966789689,-0.05754016351802993,-0.05765472350707346,-0.05711577235120291,-0.00860183529378622,-0.00861399928805584,-0.00823231762969645,-0.058619521521247386,-0.058866609488721244,-0.0571894127166086,-0.00860183529378622,-0.00861399928805584,-0.00823231762969645,0.0,0.0,0.0,0.0,0.0,0.0,0.0,0.0,0.0,0.0,0.0,0.0,0.0,0.0,0.0,0.0,0.0,0.0,-0.0436002533716372,-0.0554778030715416,-0.04360025337163709,-0.05565656508572625,-0.04360025337163709,-0.0543549266698351
2021-08-27 00:00:00+00:00,0.009032603883706525,0.009035064401624382,0.008641304385866855,0.07895235857691585,0.07910645106724368,0.07763328621024845,0.009043049313372187,0.009055948347788556,0.008651353411139873,0.08016740169129477,0.08048311787749762,0.07773250524237718,0.009043049313372187,0.009055948347788556,0.008651353411139873,0.0,0.0,0.0,0.0,0.0,0.0,0.0,0.0,0.0,0.0,0.0,0.0,0.0,0.0,0.0,0.0,0.0,0.0,0.04751398408630503,0.07869565236778686,0.04751398408630503,0.07896417244243326,0.04751398408630503,0.07829521289515218
2021-08-28 00:00:00+00:00,-0.0005413834082373947,-0.0005415295627573258,-0.0005181311831418123,-0.019144499297383377,-0.019173681401099207,-0.019006061474834635,-0.0005420038608117128,-0.0005427700383849876,-0.0005187285529789643,-0.019522771233346004,-0.019581908988882013,-0.019014823289207228,-0.0005420038608117128,-0.0005427700383849876,-0.0005187285529789643,0.0,0.0,0.0,0.0,0.0,0.0,0.0,0.0,0.0,0.0,0.0,0.0,0.0,0.0,0.0,0.0,0.0,0.0,-0.0027432083536329532,0.006058527686788384,-0.002743208353632842,0.006077687271538235,-0.002743208353632842,0.006104152805334939
2021-08-29 00:00:00+00:00,-0.0005647310140241002,-0.0005648835541830488,-0.0005404634437673472,-0.00825833743208726,-0.008275867288502825,-0.008392500788497514,-0.0005653785751075224,-0.0005661782292446516,-0.000541086884570996,-0.008516379419898357,-0.008557347807579552,-0.008400410831463478,-0.0005653785751075224,-0.0005661782292446516,-0.000541086884570996,0.0,0.0,0.0,0.0,0.0,0.0,0.0,0.0,0.0,0.0,0.0,0.0,0.0,0.0,0.0,0.0,0.0,0.0,-0.002867829353937479,0.0042704830480670974,-0.002867829353937479,0.004283906508292024,-0.002867829353937368,0.0033814866622847717
2021-08-30 00:00:00+00:00,-0.007282004860007851,-0.00728397292263816,-0.006968913989045644,0.009278094506768753,0.0064890839951998736,-0.029996156180376876,-0.007290359652669998,-0.007300676755352953,-0.006976957192569411,0.009134530443826172,0.006233644845647479,-0.03002865192149129,-0.007290359652669998,-0.007300676755352953,-0.006976957192569411,0.0,0.0,0.0,0.0,0.0,0.0,0.0,0.0,0.0,0.0,0.0,0.0,0.0,0.0,0.0,0.0,0.0,0.0,-0.03706504861013493,0.0009511309420449088,-0.03706504861013504,0.0009541078902941535,-0.037065048610135154,0.0034050619793926096
2021-08-31 00:00:00+00:00,0.0004817232372749114,0.00048185438492498456,0.00046086612434637075,0.01150283666374552,0.01158662597668303,0.00977322275397996,0.0004822799870740635,0.0004829675149542467,0.00046140177225573176,0.011604431572163953,0.011748039354204876,0.009831290810427662,0.0004822799870740635,0.0004829675149542467,0.00046140177225573176,0.0,0.0,0.0,0.0,0.0,0.0,0.0,0.0,0.0,0.0,0.0,0.0,0.0,0.0,0.0,0.0,0.0,0.0,0.0025277851014529062,0.018366435724843644,0.0025277851014529062,0.018423866105099718,0.0025277851014529062,0.016825679249175884
2021-09-01 00:00:00+00:00,0.00700150515771325,0.007003410377634411,0.0066985014771199225,0.04370462376528117,0.043950974592166236,0.04409135735788117,0.0070095932199572,0.00701958112005352,0.0067062833108428865,0.043953228952923196,0.044344757647098776,0.04423115730465743,0.0070095932199572,0.00701958112005352,0.0067062833108428865,0.0,0.0,0.0,0.0,0.0,0.0,0.0,0.0,0.0,0.0,0.0,0.0,0.0,0.0,0.0,0.0,0.0,0.0,0.036664579464048774,0.0441942007950904,0.036664579464048774,0.03847818587925467,0.036664579464048996,0.05506085676571004
2021-09-02 00:00:00+00:00,0.0017690788716846484,0.0017695569179778659,0.001693027988064033,0.03728756875117423,0.03738115276692988,0.03288885850801737,0.0017711082670279765,0.0017736143103179725,0.0016949817230236253,0.03728256609366576,0.03736907070432882,0.032879969835806655,0.0017711082670279765,0.0017736143103179725,0.0016949817230236253,0.0,0.0,0.0,0.0,0.0,0.0,0.0,0.0,0.0,0.0,0.0,0.0,0.0,0.0,0.0,0.0,0.0,0.0,0.008999002044641324,-0.00540920635789266,0.008999002044641324,-0.005443351940772834,0.008999002044641546,-0.010669210089998327
2021-09-03 00:00:00+00:00,0.0029959474108216533,0.0029967555554963887,0.0028673723899654835,0.041148236827182494,0.041282433319966616,0.03725769048153005,0.00299937812981943,0.003003614609135896,0.002870675705891168,0.041220417378179164,0.04140317272748817,0.03730293904157422,0.00299937812981943,0.003003614609135896,0.002870675705891168,0.0,0.0,0.0,0.0,0.0,0.0,0.0,0.0,0.0,0.0,0.0,0.0,0.0,0.0,0.0,0.0,0.0,0.0,0.015130672327994255,0.019354915670822592,0.015130672327994255,0.01942824195623527,0.015130672327994255,0.01935023785774659
2021-09-04 00:00:00+00:00,-0.0003285726414415935,-0.00032866100776807183,-0.00031451183225106316,-0.02153849083675652,-0.021595712722320193,-0.019854540863644465,-0.0003289477713552813,-0.00032941100310723836,-0.0003148731240206759,-0.02155820412478926,-0.02162562299827009,-0.01986531438065442,-0.0003289477713552813,-0.00032941100310723836,-0.0003148731240206759,0.0,0.0,0.0,0.0,0.0,0.0,0.0,0.0,0.0,0.0,0.0,0.0,0.0,0.0,0.0,0.0,0.0,0.0,-0.001639580209894853,0.023549225287703424,-0.0016395802098949641,0.023531563553876644,-0.0016395802098949641,0.023539820241295084
2021-09-05 00:00:00+00:00,0.007398279749462278,0.007400270096972861,0.007081581052098551,0.025409927919733954,0.025528614776935576,0.025402204826686203,0.007406729111727239,0.007417162873539107,0.007089718497336195,0.02550276659126194,0.025666262098911208,0.025444032397511362,0.007406729111727239,0.007417162873539107,0.007089718497336195,0.0,0.0,0.0,0.0,0.0,0.0,0.0,0.0,0.0,0.0,0.0,0.0,0.0,0.0,0.0,0.0,0.0,0.0,0.03696595597619501,0.06214030654701186,0.03696595597619501,0.06208818288409157,0.03696595597619501,0.06190877390255167
2021-09-06 00:00:00+00:00,0.0029534777817734614,0.002744503111763663,0.0034646449249953193,0.021073959618325366,0.020327727952883068,0.026180252093402467,0.0029516093793495735,0.00273703222474464,0.0034685981216475703,0.021088339776732967,0.020357073367480494,0.02618323147696211,0.0029516093793495735,0.00273703222474464,0.0034685981216475703,0.0,0.0,0.0,0.0,0.0,0.0,0.0,0.0,0.0,0.0,0.0,0.0,0.0,0.0,0.0,0.0,0.0,0.0,0.0175642899857249,0.01988409724549345,0.0175642899857249,0.019746574765374003,0.0175642899857249,0.020784952715451555
2021-09-07 00:00:00+00:00,-0.02011422783299821,-0.02011841969255057,-0.019985635373184985,-0.07286397216286211,-0.07318722026189772,-0.07031634401293452,-0.020114265303870837,-0.02011856958473135,-0.01998745496440324,-0.07318240431268341,-0.07370632174463465,-0.07050567220978043,-0.020114265303870837,-0.02011856958473135,-0.01998745496440324,0.0,0.0,0.0,0.0,0.0,0.0,0.0,0.0,0.0,0.0,0.0,0.0,0.0,0.0,0.0,0.0,0.0,0.0,-0.11014119673670042,-0.16878033869812314,-0.11014119673670064,-0.1687982357142539,-0.11014119673670053,-0.16821785897610697
2021-09-08 00:00:00+00:00,-0.0029499609120995363,-0.0029505883142828537,-0.002907222484438421,0.021071738703088316,0.02108671280591934,0.018226085223578936,-0.002949966520399916,-0.0029506107489797317,-0.0029072278821586917,0.02107850124690458,0.021100293525482927,0.018231762402167062,-0.002949966520399916,-0.0029506107489797317,-0.0029072278821586917,0.0,0.0,0.0,0.0,0.0,0.0,0.0,0.0,0.0,0.0,0.0,0.0,0.0,0.0,0.0,0.0,0.0,0.0,-0.017787587030462126,0.007862618898367035,-0.017787587030462015,0.008024896176667795,-0.017787587030462126,0.007919796695569303
2021-09-09 00:00:00+00:00,0.0012047007789754982,0.0012049577548030044,0.001187196432550941,-0.005718154697796463,-0.005729556674753944,-0.004953139119801553,0.001204703076061131,0.0012049669437710353,0.0011871986431963855,-0.00573679779272207,-0.005763046393349791,-0.004966450134028633,0.001204703076061131,0.0012049669437710353,0.0011871986431963855,0.0,0.0,0.0,0.0,0.0,0.0,0.0,0.0,0.0,0.0,0.0,0.0,0.0,0.0,0.0,0.0,0.0,0.0,0.007373802549524244,0.03839874616752459,0.007373802549524244,0.03834614814954751,0.007373802549524022,0.03832251758336769
2021-09-10 00:00:00+00:00,-0.005486087265137218,-0.005487256099046545,-0.005406468739151515,-0.04097684129285106,-0.04112854587201498,-0.03862825960757754,-0.005486097713250482,-0.005487297894318233,-0.005406478794449332,-0.041114410936398005,-0.04135187850045552,-0.03871032870322333,-0.005486097713250482,-0.005487297894318233,-0.005406478794449332,0.0,0.0,0.0,0.0,0.0,0.0,0.0,0.0,0.0,0.0,0.0,0.0,0.0,0.0,0.0,0.0,0.0,0.0,-0.03337392241379311,-0.04644269907690046,-0.03337392241379311,-0.04652075503631192,-0.03337392241379322,-0.046748576507924966
2021-09-11 00:00:00+00:00,0.0011412794908720603,0.0011415239868677318,0.0011246262867936618,0.020194362459768023,0.020286415051003814,0.019957425445757293,0.001141281676399375,0.0011415327295891675,0.0011246283898156406,0.020245962786843652,0.020359511891234305,0.019980093116829467,0.001141281676399375,0.0011415327295891675,0.0011246283898156406,0.0,0.0,0.0,0.0,0.0,0.0,0.0,0.0,0.0,0.0,0.0,0.0,0.0,0.0,0.0,0.0,0.0,0.0,0.007143135840647297,0.02637134953794007,0.007143135840647297,0.02626970354342495,0.007143135840647075,0.026700263395839308
2021-09-12 00:00:00+00:00,0.0030330159080140806,0.0030336649293167817,0.0029888087765723714,0.004078998739109885,0.004126225432133479,0.004171180019147069,0.0030330217095586587,0.003033688137103363,0.002988814359289549,0.004151348100694063,0.004250361095123667,0.004219472411248315,0.0030330217095586587,0.003033688137103363,0.002988814359289549,0.0,0.0,0.0,0.0,0.0,0.0,0.0,0.0,0.0,0.0,0.0,0.0,0.0,0.0,0.0,0.0,0.0,0.0,0.018870167535829374,0.04518789249358579,0.018870167535829374,0.0452244020290784,0.018870167535829596,0.04444917954320582
2021-09-13 00:00:00+00:00,-0.003818863075004564,-0.003819677784618558,-0.003763367846174037,-0.03457894912860693,-0.03541757480684593,-0.03210662679974019,-0.003818870357626958,-0.003819706917089105,-0.0037633748547222234,-0.034630523453684,-0.03547940712014497,-0.032156066272200357,-0.003818870357626958,-0.003819706917089105,-0.0037633748547222234,0.0,0.0,0.0,0.0,0.0,0.0,0.0,0.0,0.0,0.0,0.0,0.0,0.0,0.0,0.0,0.0,0.0,0.0,-0.023390070838773425,-0.036844951986424346,-0.023390070838773425,-0.03684036418228309,-0.023390070838773425,-0.03684248485224517
2021-09-14 00:00:00+00:00,0.007761301918140395,0.007762964049614851,0.007648089613706555,0.006425687587660489,0.006482602174329832,0.006194800960506397,0.0077613167757852874,0.007763023484333997,0.007648103910605553,0.00648718342582244,0.00658572266404156,0.006241089061566285,0.0077613167757852874,0.007763023484333997,0.007648103910605553,0.0,0.0,0.0,0.0,0.0,0.0,0.0,0.0,0.0,0.0,0.0,0.0,0.0,0.0,0.0,0.0,0.0,0.0,0.04848966755154671,0.04226386027496676,0.04848966755154671,0.042265315838870166,0.04848966755154671,0.04190661950456254
2021-09-15 00:00:00+00:00,0.003607474177447001,0.0036082407894817425,0.003555252189796132,0.02324575033867693,0.02335438518239963,0.02417767609556387,0.0036074810301349736,0.003608268202050402,0.00355525878533669,0.023326214970453618,0.02348309651990288,0.024225057440934172,0.0036074810301349736,0.003608268202050402,0.00355525878533669,0.0,0.0,0.0,0.0,0.0,0.0,0.0,0.0,0.0,0.0,0.0,0.0,0.0,0.0,0.0,0.0,0.0,0.0,0.021662639977490628,0.03392273385102107,0.021662639977490628,0.03393228774752899,0.02166263997749085,0.03379130135929165
2021-09-16 00:00:00+00:00,-0.0013906225082459533,-0.001390916962231703,-0.0013705630992701945,-0.01932946947377434,-0.019383541136932192,-0.019936951797606906,-0.0013906251403502656,-0.001390927491330296,-0.0013705656328683036,-0.019353419461882515,-0.01941874902042051,-0.019947873102047153,-0.0013906251403502656,-0.001390927491330296,-0.0013705656328683036,0.0,0.0,0.0,0.0,0.0,0.0,0.0,0.0,0.0,0.0,0.0,0.0,0.0,0.0,0.0,0.0,0.0,0.0,-0.008203020180227227,-0.015652609349452673,-0.008203020180227227,-0.015713439891997805,-0.008203020180227227,-0.015872733381354087
2021-09-17 00:00:00+00:00,-0.0015854215475241684,-0.0015857577163423953,-0.0015625208204399499,-0.01954321361462097,-0.019630434417963305,-0.019803471095514613,-0.0015854245525136479,-0.001585769737085685,-0.0015625237128520375,-0.019614142774747267,-0.019745435197614736,-0.01984708670738833,-0.0015854245525136479,-0.001585769737085685,-0.0015625237128520375,0.0,0.0,0.0,0.0,0.0,0.0,0.0,0.0,0.0,0.0,0.0,0.0,0.0,0.0,0.0,0.0,0.0,0.0,-0.009416340196125472,-0.051027791878883844,-0.009416340196125361,-0.05097695810365077,-0.009416340196125361,-0.05071768018272338
2021-09-18 00:00:00+00:00,0.003570479266201909,0.00357123754413724,0.0035188245291535303,0.03141600547490775,0.03146064992340314,0.03136848360392075,0.0035704860443928066,0.0035712646586911756,0.0035188310531102385,0.031432773395384306,0.031486817715862925,0.031377298420735444,0.0035704860443928066,0.0035712646586911756,0.0035188310531102385,0.0,0.0,0.0,0.0,0.0,0.0,0.0,0.0,0.0,0.0,0.0,0.0,0.0,0.0,0.0,0.0,0.0,0.0,0.021373894109315117,0.029034190419406025,0.02137389410931534,0.029043349331918433,0.02137389410931534,0.02888444984031402
2021-09-19 00:00:00+00:00,-0.003725203550633993,-0.00372599187274103,-0.003671499366377784,-0.037063067280945106,-0.037154798405163225,-0.03800302223292418,-0.003725210597392725,-0.003726020061594615,-0.0036715061495272705,-0.03711314437228308,-0.03723320952081466,-0.038030143773640224,-0.003725210597392725,-0.003726020061594615,-0.0036715061495272705,0.0,0.0,0.0,0.0,0.0,0.0,0.0,0.0,0.0,0.0,0.0,0.0,0.0,0.0,0.0,0.0,0.0,0.0,-0.02191140724452434,-0.021643499237299135,-0.02191140724452434,-0.021677864128851088,-0.02191140724452434,-0.02206168994280333
2021-09-20 00:00:00+00:00,-0.014986163929999408,-0.014989347140629494,-0.014769320613403303,-0.0990236522147162,-0.10188823070640374,-0.08775484694229674,-0.014986192384484842,-0.014989460966094548,-0.014769348000494231,-0.09918569135130939,-0.1021476797711548,-0.08785083515599434,-0.014986192384484842,-0.014989460966094548,-0.014769348000494231,0.0,0.0,0.0,0.0,0.0,0.0,0.0,0.0,0.0,0.0,0.0,0.0,0.0,0.0,0.0,0.0,0.0,0.0,-0.08978663414023036,-0.13169673262086024,-0.08978663414023047,-0.13171807389575485,-0.08978663414023047,-0.13155296158763896
2021-09-21 00:00:00+00:00,-0.008223455775633992,-0.008225229100611964,-0.008102682179931708,-0.0066523720060363,-0.01338760886087087,-0.03907303857202227,-0.008223471627204493,-0.008225292511500948,-0.008102697430157346,-0.006665924797286005,-0.013430810492096601,-0.03914028167287942,-0.008223471627204493,-0.008225292511500948,-0.008102697430157346,0.0,0.0,0.0,0.0,0.0,0.0,0.0,0.0,0.0,0.0,0.0,0.0,0.0,0.0,0.0,0.0,0.0,0.0,-0.05331810381845292,-0.061879135686078945,-0.05331810381845281,-0.061903081089347944,-0.05331810381845303,-0.06162794457293863
2021-09-22 00:00:00+00:00,0.010324013545471633,0.010326258303220648,0.010171151563934888,0.0,0.0,-0.00512850368102391,0.010324033611096128,0.010326338571840177,0.010171170863649381,0.0,0.0,-0.005136435986048515,0.010324033611096128,0.010326338571840177,0.010171170863649381,0.0,0.0,0.0,0.0,0.0,0.0,0.0,0.0,0.0,0.0,0.0,0.0,0.0,0.0,0.0,0.0,0.0,0.0,0.07012593443943471,0.1315088384863008,0.07012593443943471,0.13153899011153936,0.07012593443943449,0.131257953579766
2021-09-23 00:00:00+00:00,0.004732581726517582,0.004733600217986966,0.004663214540025162,0.0,0.0,0.0,0.004732590830712535,0.004733636637380689,0.004663223299361086,0.0,0.0,0.0,0.004732590830712535,0.004733636637380689,0.004663223299361086,0.0,0.0,0.0,0.0,0.0,0.0,0.0,0.0,0.0,0.0,0.0,0.0,0.0,0.0,0.0,0.0,0.0,0.0,0.030349672175164155,0.0329924352641493,0.030349672175164155,0.03296000453045966,0.030349672175164155,0.03308172763152517
2021-09-24 00:00:00+00:00,-0.007296712714987108,-0.0072982756308346275,-0.007190258538619432,0.0,0.0,0.0,-0.007296726685751986,-0.007298331517790246,-0.007190271982040142,0.0,0.0,0.0,-0.007296726685751986,-0.007298331517790246,-0.007190271982040142,0.0,0.0,0.0,0.0,0.0,0.0,0.0,0.0,0.0,0.0,0.0,0.0,0.0,0.0,0.0,0.0,0.0,0.0,-0.045629843383575786,-0.06583375847316264,-0.045629843383575674,-0.06584909266681527,-0.0456298433835759,-0.06595647396119553
2021-09-25 00:00:00+00:00,-0.0005145353478809289,-0.0005146463687917269,-0.0005069742537933131,0.0,0.0,0.0,-0.0005145363402855319,-0.0005146503386992407,-0.0005069752085333779,0.0,0.0,0.0,-0.0005145363402855319,-0.0005146503386992407,-0.0005069752085333779,0.0,0.0,0.0,0.0,0.0,0.0,0.0,0.0,0.0,0.0,0.0,0.0,0.0,0.0,0.0,0.0,0.0,0.0,-0.003346875487176715,-0.013470745819498808,-0.0033468754871766038,-0.013521346490797281,-0.003346875487176715,-0.013178057197310689
2021-09-26 00:00:00+00:00,0.0016961736075156164,0.0016965397780868141,0.0016712357028705327,0.0,0.0,0.0,0.0016961768806762478,0.0016965528716867961,0.001671238851758572,0.0,0.0,0.0,0.0016961768806762478,0.0016965528716867961,0.001671238851758572,0.0,0.0,0.0,0.0,0.0,0.0,0.0,0.0,0.0,0.0,0.0,0.0,0.0,0.0,0.0,0.0,0.0,0.0,0.011064380216978975,0.004024705041046905,0.011064380216978975,0.004066244664998164,0.011064380216978975,0.003187994277882744
2021-09-27 00:00:00+00:00,-0.0012586692482344786,-0.002496912260666506,-0.0035531349906435805,0.0,0.0,0.0,-0.003606071456646154,-0.0036068694595492445,-0.0035531416741750865,0.0,0.0,0.0,-0.003606071456646154,-0.0036068694595492445,-0.0035531416741750865,0.0,0.0,0.0,0.0,0.0,0.0,0.0,0.0,0.0,0.0,0.0,0.0,0.0,0.0,0.0,0.0,0.0,0.0,-0.023304913008979966,-0.040891314687433566,-0.023304913008980077,-0.040911064548662335,-0.023304913008979966,-0.04063260760980403
2021-09-28 00:00:00+00:00,0.0,0.0,-0.0012146843488051173,0.0,0.0,0.0,-0.004120597254887004,-0.004121512420276363,-0.004059899614606621,0.0,0.0,0.0,-0.004120597254887004,-0.004121512420276363,-0.004059899614606621,0.0,0.0,0.0,0.0,0.0,0.0,0.0,0.0,0.0,0.0,0.0,0.0,0.0,0.0,0.0,0.0,0.0,0.0,-0.027167232290044474,-0.043791690325466814,-0.027167232290044474,-0.04376974135354539,-0.027167232290044474,-0.043793624519356644
2021-09-29 00:00:00+00:00,0.0,0.0,0.0,0.0,0.0,0.0,0.0017916235774257938,0.0017920231354309202,0.0017651248395855745,0.0,0.0,0.0,0.0017916235774257938,0.0017920231354309202,0.0017651248395855745,0.0,0.0,0.0,0.0,0.0,0.0,0.0,0.0,0.0,0.0,0.0,0.0,0.0,0.0,0.0,0.0,0.0,0.0,0.012092067312321264,0.021268992403483455,0.012092067312321042,0.021229121582445387,0.012092067312321264,0.02123212050276635
2021-09-30 00:00:00+00:00,0.0,0.0,0.0,0.0,0.0,0.0,0.008299752744614697,0.008301600398640474,0.008177212803879952,0.0,0.0,0.0,0.008299752744614697,0.008301600398640474,0.008177212803879952,0.0,0.0,0.0,0.0,0.0,0.0,0.0,0.0,0.0,0.0,0.0,0.0,0.0,0.0,0.0,0.0,0.0,0.0,0.0554467782986241,0.051669698048971924,0.05544677829862388,0.05159262232716899,0.0554467782986241,0.05158240818346105
2021-10-01 00:00:00+00:00,0.0,0.0,0.0,0.0,0.0,0.0,0.015521798416590737,0.015525225361164408,0.01529448887135998,0.0,0.0,0.0,0.015521798416590737,0.015525225361164408,0.01529448887135998,0.0,0.0,0.0,0.0,0.0,0.0,0.0,0.0,0.0,0.0,0.0,0.0,0.0,0.0,0.0,0.0,0.0,0.0,0.09906187028559188,0.0855600627134343,0.09906187028559188,0.0824999516575553,0.09906187028559188,0.08596647162162996
2021-10-02 00:00:00+00:00,0.0,0.0,0.0,0.0,0.0,0.0,-0.0017887660408757444,-0.0017891549318530542,-0.001762965004755812,0.0,0.0,0.0,-0.0017887660408757444,-0.0017891549318530542,-0.001762965004755812,0.0,0.0,0.0,0.0,0.0,0.0,0.0,0.0,0.0,0.0,0.0,0.0,0.0,0.0,0.0,0.0,0.0,0.0,-0.010548364647417596,0.020989840387823255,-0.010548364647417596,0.020890077527859985,-0.010548364647417596,0.018894903699344656
2021-10-03 00:00:00+00:00,0.0,0.0,0.0,0.0,0.0,0.0,0.0020326198192617273,0.00203306251791191,0.002003249674780161,0.0,0.0,0.0,0.0020326198192617273,0.00203306251791191,0.002003249674780161,0.0,0.0,0.0,0.0,0.0,0.0,0.0,0.0,0.0,0.0,0.0,0.0,0.0,0.0,0.0,0.0,0.0,0.0,0.0120924870676693,0.02583910533688094,0.0120924870676693,0.025959750742913457,0.012092487067669522,0.023843572291495807
2021-10-04 00:00:00+00:00,0.0023349105972780837,0.0008949105972779758,0.0,-0.020352700929961,-0.02755270092996087,0.0,0.003560516732846297,0.0035612906295938718,0.003509172244769543,-0.020352700929960887,-0.02755270092996087,0.0,0.003560516732846297,0.0035612906295938718,0.003509172244769543,-0.033789109884925894,-0.04098910988492588,0.0,-0.033789109884925894,-0.04098910988492588,0.0,-0.033789109884925894,-0.04098910988492588,0.0,-0.03184166865092153,-0.03904166865092129,0.0,0.0,0.0,0.0,-0.03184166865092153,-0.03904166865092129,0.0,0.02097172554043336,-0.016156121329276907,0.02097172554043336,-0.01610642225251524,0.02097172554043336,-0.01602421106665841
2021-10-05 00:00:00+00:00,0.008371238082714116,0.008383281887424765,0.00678381875768741,0.017037134404804144,0.017163277351400774,0.009419774913808299,0.00788615565103079,0.007887863665060335,0.0077728308943458835,0.017037134404804144,0.017163277351400552,0.00941977491380852,0.00788615565103079,0.007887863665060335,0.0077728308943458835,-0.022188688471181273,-0.022355275272894715,-0.02898251372787819,-0.022188688471181273,-0.022355275272894715,-0.02898251372787819,-0.022188688471181273,-0.022355275272894715,-0.02898251372787819,-0.016096348953498762,-0.016216951178053773,-0.02311940724954409,0.0,0.0,0.0,-0.016096348953498762,-0.016216951178053773,-0.02311940724954409,0.04565794181564464,0.016481893264080894,0.04565794181564464,0.016467436807137803,0.04565794181564464,0.016568263729868526
2021-10-06 00:00:00+00:00,0.014198344058153678,0.014218601568538825,0.01396154548171058,-0.007894556619155613,-0.0079520216300486,-0.008789154254368103,0.013382039787780409,0.013384915438864997,0.013191221883534165,-0.007894556619155502,-0.007952021630048822,-0.008789154254367992,0.013382039787780409,0.013384915438864997,0.013191221883534165,-0.05015122392534499,-0.05053635577256854,-0.050063705301146455,-0.05015122392534499,-0.05053635577256854,-0.050063705301146455,-0.05015122392534499,-0.05053635577256854,-0.050063705301146455,-0.052812391109044454,-0.05321461182596188,-0.052780319979920276,0.0,0.0,0.0,-0.052812391109044454,-0.05321461182596188,-0.052780319979920276,0.0746784236373994,-0.013178773899148122,0.0746784236373994,-0.013220355468770872,0.0746784236373994,-0.013326489607359382
2021-10-07 00:00:00+00:00,-0.005612440072222946,-0.005620335370092988,-0.0055201252105189225,0.007989868813062406,0.008048493794977185,0.00835394420615998,-0.005294025535674152,-0.0052951481367902176,-0.0052195195064907995,0.007989868813062184,0.008048493794977407,0.008353944206160202,-0.005294025535674152,-0.0052951481367902176,-0.0052195195064907995,0.019732719392663967,0.0198923207191517,0.019665633903852564,0.019732719392663967,0.0198923207191517,0.019665633903852564,0.019732719392663967,0.0198923207191517,0.019665633903852564,0.015076898360386393,0.015198178326010892,0.014883400627307974,0.0,0.0,0.0,0.015076898360386393,0.015198178326010892,0.014883400627307974,-0.027858230688108998,0.002186385189956175,-0.02785823068810911,0.0022455716584683927,-0.02785823068810911,0.0029187789614617543
2021-10-08 00:00:00+00:00,0.0006077367765047192,0.0006085965421480655,0.0005976850786444388,0.0014107109604790669,0.001420979287434676,0.0014586331605197511,0.0005730741106124704,0.0005731962781976296,0.0005649665739639875,0.0014107109604790669,0.001420979287434676,0.0014586331605197511,0.0005730741106124704,0.0005731962781976296,0.0005649665739639875,-0.020775660354387382,-0.020940419704955415,-0.02073891234301961,-0.020775660354387382,-0.020940419704955415,-0.02073891234301961,-0.020775660354387382,-0.020940419704955415,-0.02073891234301961,-0.021031767354372954,-0.021198416080194238,-0.02093858697706885,0.0,0.0,0.0,-0.021031767354372954,-0.021198416080194238,-0.02093858697706885,0.0030856268897141437,-0.0016090188109760817,0.0030856268897141437,-0.0016628046555833276,0.0030856268897141437,-0.00200721881836452
2021-10-09 00:00:00+00:00,0.0036532432790838953,0.003658408381445266,0.0035928563411711245,0.0042362325352576224,0.004267023603343079,0.0040962833282167654,0.003444997491385937,0.0034457314731111133,0.0033962870854526983,0.0042362325352574,0.004267023603343079,0.004096283328216543,0.003444997491385937,0.0034457314731111133,0.0033962870854526983,0.006313897588231532,0.006365040287572121,0.006408688997558087,0.006313897588231532,0.006365040287572121,0.006408688997558087,0.006313897588231532,0.006365040287572121,0.006408688997558087,0.001254159554899159,0.0012643123204159057,0.001276646794849956,0.0,0.0,0.0,0.001254159554899159,0.0012643123204159057,0.001276646794849956,0.018502581915068372,0.017426140269904078,0.01850258191506815,0.01753348130220944,0.018502581915068372,0.017698393388974276
2021-10-10 00:00:00+00:00,-0.000990707418178527,-0.0009921030145327858,-0.0009743899690403124,-0.03676637683334594,-0.037032477887188664,-0.03715040616166487,-0.0009344280161784901,-0.000934626419207385,-0.0009212604290648185,-0.036766376833345715,-0.03703247788718855,-0.03715040616166476,-0.0009344280161784901,-0.000934626419207385,-0.0009212604290648185,-0.0668580397685179,-0.06739616605979193,-0.06704144008293778,-0.0668580397685179,-0.06739616605979193,-0.06704144008293778,-0.0668580397685179,-0.06739616605979193,-0.06704144008293778,-0.0631450244721039,-0.06365555529065003,-0.06324803457043937,0.0,0.0,0.0,-0.0631450244721039,-0.06365555529065003,-0.06324803457043937,-0.00494448102508116,-0.05582101815108098,-0.00494448102508116,-0.055804103039698294,-0.00494448102508116,-0.055759631256834585
2021-10-11 00:00:00+00:00,0.010206312105622173,0.010220703879768589,0.010038045057505718,0.03960218379638625,0.036556581861647564,0.008043106154515645,0.009625976909125145,0.009628022662873326,0.009490206399719536,0.03960218379638625,0.036556581861647564,0.008043106154515645,0.009625976909125145,0.009628022662873326,0.009490206399719536,-0.0072886479329379306,-0.014529310316965582,-0.004540780154461577,-0.0072886479329379306,-0.014529310316965582,-0.004540780154461577,-0.0072886479329379306,-0.014529310316965582,-0.004540780154461577,-0.007153508744646153,-0.014393726726356859,-0.0016001533361120757,-0.0036983868167395073,-0.010898386816739714,0.0,-0.007153508744646153,-0.014393726726356859,-0.0016001533361120757,0.05114066365785819,0.002199351721519971,0.05114066365785819,0.0022181522187563196,0.05114066365785819,0.0021286983376869184
2021-10-12 00:00:00+00:00,-0.005354613186800639,-0.0053620872596821245,-0.004836228117418573,-0.014417536708549727,-0.014453371807251036,-0.01610077138983168,-0.005053050466001796,-0.0050541141209862195,-0.0049824492538378395,-0.01441753670855006,-0.014453371807250703,-0.01610077138983168,-0.005053050466001796,-0.0050541141209862195,-0.0049824492538378395,0.0,0.0,-0.001647832092421475,0.0,0.0,-0.006339328797890897,0.0,0.0,-0.001647832092421475,0.0,0.0,0.035074909632140994,-0.01594035012009898,-0.016056385236547066,-0.0228676231718008,0.0,0.0,0.035074909632140994,-0.02578545852798453,-0.010981373636656633,-0.02578545852798475,-0.010948949773675332,-0.02578545852798464,-0.011323677771525986
2021-10-13 00:00:00+00:00,0.00494719757285722,0.004954140194068035,0.004286087841575803,0.012042065690818227,0.012133648777790107,0.012181181658689644,0.00466716478771545,0.004668152205212328,0.004601628639030242,0.012042065690818227,0.012133648777789663,0.012181181658689422,0.00466716478771545,0.004668152205212328,0.004601628639030242,0.0,0.0,0.02284714140084043,0.0,0.0,0.015065952353556122,0.0,0.0,0.02284714140084043,0.0,0.0,0.04552993255260285,0.054856354387820216,0.05526218828320961,0.05526625338867763,0.0,0.0,0.04552993255260285,0.024323141999567977,0.023046591136261174,0.024323141999567977,0.02296370580147089,0.024323141999567977,0.023015689401979067
2021-10-14 00:00:00+00:00,-2.8224079906102872e-05,-2.8263492749314167e-05,-2.4468503158847632e-05,-0.0006521101054755007,-0.0005746919772962045,0.0009460178988627277,-2.6633896528571732e-05,-2.66395051968793e-05,-2.6261617466438736e-05,-0.0006521101054755007,-0.0005746919772960934,0.0009460178988629497,-2.6633896528571732e-05,-2.66395051968793e-05,-2.6261617466438736e-05,0.0,0.0,0.03789705391982645,0.0,0.0,0.012812242330179746,0.0,0.0,0.03789705391982645,0.0,0.0,-0.01484532369852698,0.006601755094470363,0.0066480379778015575,0.00664996321987954,0.0,0.0,-0.01484532369852698,-0.0001361402275720236,0.01956076204639201,-0.0001361402275720236,0.01957073091616257,-0.0001361402275720236,0.01863914576278236
2021-10-15 00:00:00+00:00,0.01566961301372438,0.015691495089524166,0.01358451849726161,0.020684055566803305,0.020902287374764628,0.02318656592858792,0.014786742007850906,0.014789855939768337,0.01458005279854313,0.020684055566803083,0.020902287374764628,0.02318656592858792,0.014786742007850906,0.014789855939768337,0.01458005279854313,0.0,0.0,-0.00999908399306293,0.0,0.0,0.013323241044455925,0.0,0.0,-0.00999908399306293,0.0,0.0,0.008787586652508672,0.030652740568198,0.030866218337307183,0.029898847893312874,0.0,0.0,0.008787586652508672,0.07559130125065572,0.09809838271278037,0.07559130125065572,0.0976801678452539,0.07559130125065572,0.10043200908872252
2021-10-16 00:00:00+00:00,-0.002910488805537348,-0.0029144904118955095,-0.002528391970961441,-0.010411412303937162,-0.010520218849492613,-0.011213336393587015,-0.002748892982030071,-0.0027494634330128553,-0.0027110211058037903,-0.010411412303936718,-0.010520218849492835,-0.011213336393587459,-0.002748892982030071,-0.0027494634330128553,-0.0027110211058037903,0.0,0.0,0.005855919597608228,0.0,0.0,-0.0019803511255791495,0.0,0.0,0.005855919597608228,0.0,0.0,-0.005589308517564007,-0.016015942317057053,-0.01612414388002248,-0.016014444545141893,0.0,0.0,-0.005589308517564007,-0.013258202922455165,0.02015734047758011,-0.013258202922455053,0.02001438589010518,-0.013258202922455165,0.02104290897504635
2021-10-17 00:00:00+00:00,0.0023184652554251173,0.002321662211125286,0.002013319343691533,0.01736707713665364,0.017428920484036547,0.015905493071658228,0.002189384866956967,0.002189840461310766,0.002159139414831923,0.01736707713665364,0.01742892048403677,0.015905493071658672,0.002189384866956967,0.002189840461310766,0.002159139414831923,0.0,0.0,-0.009983837022132014,0.0,0.0,0.006610509028594835,0.0,0.0,-0.009983837022132014,0.0,0.0,-0.00892249860008587,-0.005285537298347798,-0.005321830883996959,-0.005490330580881442,0.0,0.0,-0.00892249860008587,0.01067210141297048,-0.016624046183547625,0.01067210141297048,-0.016677343165022784,0.01067210141297048,-0.016981184364910806
2021-10-18 00:00:00+00:00,0.0011968359127985106,0.0008795111981458881,0.0015936506786589089,-0.003030628101592714,-0.004058419142706549,-0.004146530259795944,0.0012936077066028062,0.0010777632504186396,0.0017088264369218287,-0.003030628101593047,-0.00405841914270666,-0.004146530259796055,0.0012936077066028062,0.0010777632504186396,0.0017088264369218287,0.0,0.0,-0.006364633224551386,0.0,0.0,-0.007897908702927614,0.0,0.0,-0.006364633224551386,0.0,0.0,-0.010989448004580238,0.023703726347396925,0.02386736080953389,0.024126942584727917,0.0,0.0,-0.010989448004580238,0.00837516990477849,-0.019674700291072766,0.00837516990477849,-0.01946411226093514,0.008375169904778712,-0.019838931608642474
2021-10-19 00:00:00+00:00,0.006605700845465634,0.006607795251431625,0.006980557747988003,0.006885258151633211,0.0056562686465173595,0.007336687412732301,0.006605058558913024,0.006606482702963712,0.006355778652825439,0.006885258151632989,0.0056562686465171375,0.007336687412732301,0.006605058558913024,0.006606482702963712,0.006355778652825439,0.0,0.0,0.0031050768730336298,0.0,0.0,0.003100985734609152,0.0,0.0,0.0031050768730336298,0.0,0.0,-0.025641795944580825,-0.00427725838037607,-0.004306097363032668,-0.005015423048188361,0.0,0.0,-0.025641795944580825,0.03643846201332268,-0.0017786257235856695,0.03643846201332268,-0.001838254114056359,0.03643846201332246,-0.0019038869380321177
2021-10-20 00:00:00+00:00,0.0050026129988796075,0.005004188717192548,0.005284530756415107,0.054959920031837806,0.056383795470767994,0.05591002872905526,0.005002129775735886,0.005003201227142817,0.004968421646236676,0.05495992003183847,0.05638379547076844,0.05591002872905526,0.005002129775735886,0.005003201227142817,0.004968421646236676,0.0,0.0,0.06291689091912933,0.0,0.0,0.06291659453278786,0.0,0.0,0.06291689091912933,0.0,0.0,0.027632063691886755,0.04981050766694217,0.05014780240836836,0.049750121258425706,0.0,0.0,0.027632063691886755,0.026801179538044284,0.04245276314295232,0.026801179538044284,0.04254765876023825,0.026801179538044284,0.04221167685802518
2021-10-21 00:00:00+00:00,-0.011040618262925794,-0.01104407851069611,-0.011659531710992987,-0.018069454441038912,-0.015903944989303143,-0.016323444239867646,-0.011039557111819587,-0.011041910002394406,-0.010965532023551106,-0.018069454441039023,-0.015903944989303143,-0.016323444239867757,-0.011039557111819587,-0.011041910002394406,-0.010965532023551106,0.0,0.0,-0.010509548332044982,0.0,0.0,-0.010509501754585537,0.0,0.0,-0.010509548332044982,0.0,0.0,-0.018261870698699334,-0.03525382501817853,-0.03548114856264373,-0.03483564035628728,0.0,0.0,-0.018261870698699334,-0.05789368941640727,-0.022533113207657163,-0.05789368941640749,-0.022597472563834264,-0.05789368941640738,-0.022553429058955077
2021-10-22 00:00:00+00:00,-0.0044286689849604155,-0.004430072477436875,-0.0046798594603036925,0.0013787358672463501,0.0027063402901092992,0.001354580838135222,-0.004428238579138766,-0.004429192919305769,-0.004398216078172923,0.0013787358672467942,0.0027063402901092992,0.001354580838135444,-0.004428238579138766,-0.004429192919305769,-0.004398216078172923,0.0,0.0,0.00234299610902311,0.0,0.0,0.002342985614766535,0.0,0.0,0.00234299610902311,0.0,0.0,0.00240384803336946,-0.008105214948669892,-0.008159401559813206,-0.007774301053442345,0.0,0.0,0.00240384803336946,-0.02437752415358352,0.005131283520626084,-0.02437752415358352,0.005158748011097947,-0.02437752415358352,0.004916089723602024
2021-10-23 00:00:00+00:00,0.0017964151023583952,0.0017969869387575166,0.001898785373205536,0.050575938443792934,0.049869909671560686,0.046678421541658244,0.0017962397389230667,0.0017966285730179887,0.0017840078229125478,0.05057593844379249,0.049869909671560686,0.046678421541658244,0.0017962397389230667,0.0017966285730179887,0.0017840078229125478,0.0,0.0,0.028214156051156847,0.0,0.0,0.02821402997562039,0.0,0.0,0.028214156051156847,0.0,0.0,0.01270275325153536,0.010560450921874187,0.010631632569397143,0.010438417125121946,0.0,0.0,0.01270275325153536,0.010090522551214676,0.014747834455820064,0.010090522551214898,0.01463773615604591,0.010090522551214676,0.014713569842590868
2021-10-24 00:00:00+00:00,-0.0013046387407608107,-0.001305053289547331,-0.0013788438101151046,0.008614155104399446,0.009296472487946517,0.007138741973952367,-0.0013045116121737088,-0.0013047934948734463,-0.001295644054025269,0.008614155104399668,0.009296472487946517,0.007138741973952367,-0.0013045116121737088,-0.0013047934948734463,-0.001295644054025269,0.0,0.0,-0.014517138863258672,0.0,0.0,-0.0145170757731512,0.0,0.0,-0.014517138863258672,0.0,0.0,-0.027633241333020586,-0.02142743086057397,-0.02157034091614285,-0.021532278861794096,0.0,0.0,-0.027633241333020586,-0.007268024915493498,-0.02538695274440561,-0.007268024915493609,-0.0252402319230276,-0.007268024915493387,-0.02551917053529884
2021-10-25 00:00:00+00:00,0.006535849507888214,0.00653792898703065,0.006908107976090427,0.051965129842030056,0.050308478402895096,0.05421197657619725,0.006535211799829632,0.006536625792553208,0.006490730361822017,0.05196512984202961,0.05030847840289532,0.05421197657619725,0.006535211799829632,0.006536625792553208,0.006490730361822017,0.0,0.0,0.04084012002123116,0.0,0.0,0.04083993991939394,0.0,0.0,0.04084012002123116,0.0,0.0,0.05096382194034721,0.08866262294475757,0.08270109256816904,0.02867453391371111,0.0,0.0,0.05096382194034721,0.03662934922786287,0.04884865464414556,0.036629349227863095,0.04885464170428544,0.036629349227863095,0.04893975299090236
2021-10-26 00:00:00+00:00,-0.007999059325263014,-0.008001587815597233,-0.008451531234383136,0.0066709198983678775,0.007656984706857273,0.0031239664275399814,-0.007998283918103533,-0.008000003230288932,-0.007944195262311271,0.0066709198983678775,0.007656984706857273,0.0031239664275399814,-0.007998283918103533,-0.008000003230288932,-0.007944195262311271,0.0,0.0,-0.027177183876254563,0.0,0.0,-0.02717713003863531,0.0,0.0,-0.027177183876254563,0.0,0.0,-0.032290439860571674,-0.020390787381734277,-0.02050304793447577,-0.024988868732990333,0.0,0.0,-0.032290439860571674,-0.04352831182270356,-0.0009990338320785552,-0.04352831182270378,-0.001144510732297821,-0.04352831182270356,-0.0005970526805575416
2021-10-27 00:00:00+00:00,-0.005527047354458858,-0.005528808537879959,-0.0058423531413818175,0.11367727409141226,0.11416722712209748,0.09628291806810019,-0.005526507257600732,-0.005527704816820744,-0.005488834794669661,0.11367727409141248,0.1141672271220977,0.09628291806810019,-0.005526507257600732,-0.005527704816820744,-0.005488834794669661,0.0,0.0,-0.05821319576166106,0.0,0.0,-0.0582130556320245,0.0,0.0,-0.05821319576166106,0.0,0.0,-0.08743935797448477,-0.0609058934796568,-0.06124822698707111,-0.061824840082470356,0.0,0.0,-0.08743935797448477,-0.031193640054082317,-0.08220186885761216,-0.031193640054082206,-0.08259266469339221,-0.031193640054082317,-0.08364739413993705
2021-10-28 00:00:00+00:00,0.006307885803080504,0.006309906973896107,0.006669851421767792,-0.01921557663029705,-0.020701265093419963,-0.013101693192850039,0.0063072659780991636,0.006308640319758085,0.006264034035380339,-0.01921557663029705,-0.020701265093419963,-0.01310169319285015,0.0063072659780991636,0.006308640319758085,0.006264034035380339,0.0,0.0,0.0850178462782063,0.0,0.0,0.08501770507062378,0.0,0.0,0.0850178462782063,0.0,0.0,0.03641100438707623,0.047446253198836885,0.04773033358065337,0.046070734166739236,0.0,0.0,0.03641100438707623,0.03654371438635229,0.06236918867153607,0.03654371438635251,0.06257087260948069,0.03654371438635229,0.06282772576965834
2021-10-29 00:00:00+00:00,0.00494462144879626,0.004946195868427816,0.00522647887699601,0.040562370592629016,0.03992566050392066,0.03886793269593625,0.004944138626081118,0.004945209190987621,0.004910460936071059,0.040562370592629016,0.039925660503920435,0.03886793269593625,0.004944138626081118,0.004945209190987621,0.004910460936071059,0.0,0.0,0.01581314293392766,0.0,0.0,0.01581305941020683,0.0,0.0,0.01581314293392766,0.0,0.0,-0.006669390910301942,0.02083171444206755,0.02095076044464106,0.022946252568270875,0.0,0.0,-0.006669390910301942,0.027810267586375392,0.03367936087861878,0.027810267586375392,0.034050799701258905,0.027810267586375392,0.03335342717054379
2021-10-30 00:00:00+00:00,-0.0011221596712763793,-0.0011225152201392863,-0.0011857933708644408,-0.05053659738863814,-0.050413629562173545,-0.047682750316021094,-0.0011220506359115312,-0.0011222924003586598,-0.0011144449787496846,-0.05053659738863814,-0.050413629562173656,-0.047682750316021094,-0.0011220506359115312,-0.0011222924003586598,-0.0011144449787496846,0.0,0.0,-0.027377960582323002,0.0,0.0,-0.02737791500403075,0.0,0.0,-0.027377960582323002,0.0,0.0,0.0,-0.012938401754761464,-0.013010822941754374,-0.014471237246271418,0.0,0.0,0.0,-0.006171005794781914,0.02166454786213934,-0.006171005794781914,0.02199813667983519,-0.006171005794781914,0.021889280754306073
2021-10-31 00:00:00+00:00,-0.0016040551552846116,-0.001604563960683425,-0.0016951234287602146,0.010813896959651625,0.010927686282386384,0.010481658893262136,-0.0016038991211579923,-0.001604245096150092,-0.0015930151945311444,0.010813896959651625,0.010927686282386384,0.010481658893261914,-0.0016038991211579923,-0.001604245096150092,-0.0015930151945311444,0.0,0.0,0.010975168126105217,0.0,0.0,0.010975178783964479,0.0,0.0,0.010975168126105217,0.0,0.0,0.0,-0.009400262779380997,-0.00945357326149543,-0.005945402578783621,0.0,0.0,0.0,-0.008865869013664263,0.006973984739356398,-0.008865869013664374,0.007079824597114426,-0.008865869013664263,0.007886352312873157
2021-11-01 00:00:00+00:00,-0.0011540066110086178,-0.0011543732495558068,-0.0012196351762464586,0.010559529486742436,0.008352826026657212,0.01808503523645011,-0.0011538941749227316,-0.0011541434798798544,-0.0011460514510206465,0.010559529486742214,0.008352826026657212,0.01808503523645033,-0.0011538941749227316,-0.0011541434798798544,-0.0011460514510206465,0.0,0.0,0.024261777755742564,0.0,0.0,0.024261654404231336,0.0,0.0,0.024261777755742564,0.0,0.0,0.0,0.038419197462951304,0.03863915865714773,0.03901004836511124,0.0,0.0,0.0,-0.0064251117637547095,0.030062949587276844,-0.0064251117637547095,0.02633674351342208,-0.0064251117637547095,0.032078675114407096
2021-11-02 00:00:00+00:00,0.006791718282278758,0.006793878567612488,0.007178436187375015,0.025519646921961403,0.02543177762441262,0.025842592021103616,0.006791055793534673,0.0067925247325266724,0.006744845763258844,0.025519646921961625,0.025431777624412844,0.02584259202110384,0.006791055793534673,0.0067925247325266724,0.006744845763258844,0.0,0.0,0.02460708586630611,0.0,0.0,0.03443759205654251,0.0,0.0,0.02460708586630611,0.0,0.0,0.0,0.01976483636602344,0.01987378613434121,0.023366093336678162,0.0,0.0,0.0,0.03801456089742428,0.04604561476988067,0.03801456089742428,0.04628549127130599,0.03801456089742428,0.03810964385120452
2021-11-03 00:00:00+00:00,-0.000964003917863443,-0.0009643084756354448,-0.0010185027250798617,-0.01464758585965198,-0.015352649350684144,-0.011327025316102857,-0.0009639105197098985,-0.0009641176116503836,-0.0009573954921123784,-0.014647585859652201,-0.015352649350684366,-0.011327025316103079,-0.0009639105197098985,-0.0009641176116503836,-0.0009573954921123784,0.0,0.0,-0.022855068210606566,0.0,0.0,-0.00018637607420979307,0.0,0.0,-0.022855068210606566,0.0,0.0,0.0,0.03378402399835223,0.03396662284732077,0.03415669300365387,0.0,0.0,0.0,-0.005233416542180014,0.0029171192655270684,-0.005233416542180125,0.002952440843994486,-0.005233416542180014,0.005280525669548286
2021-11-04 00:00:00+00:00,-0.004345001286822248,-0.0043463753281421935,-0.00459089117146938,-0.022800462039006653,-0.023456284888632606,-0.02212129120811912,-0.004344579912347379,-0.004345514227045766,-0.004315186952572492,-0.02280046203900643,-0.023456284888632717,-0.022121291208118787,-0.004344579912347379,-0.004345514227045766,-0.004315186952572492,0.0,0.0,-0.019101563410523714,0.0,0.0,-0.026693191263981397,0.0,0.0,-0.019101563410523714,0.0,0.0,0.0,-0.01350631767658872,-0.013576919692119938,-0.011473608287228987,0.0,0.0,0.0,-0.023689525499238084,-0.012988076267833604,-0.023689525499237973,-0.012974469148248624,-0.023689525499237973,-0.012191008549473192
2021-11-05 00:00:00+00:00,-0.0012830707783235695,-0.0012834783014115114,-0.001356016488591516,0.02431513485107417,0.0246208623951385,0.021700916685626126,-0.0012829458042667996,-0.0012832229097039516,-0.0012742285049487379,0.02431513485107395,0.024620862395138277,0.021700916685625682,-0.0012829458042667996,-0.0012832229097039516,-0.0012742285049487379,0.0,0.0,0.020148182180748098,0.0,0.0,-0.0088775691008659,0.0,0.0,0.020148182180748098,0.0,0.0,0.0,-0.024448201238274847,-0.02457775911603155,-0.024528641100824755,0.0,0.0,0.0,-0.007134080348932703,0.005780519520408145,-0.007134080348932814,0.005712028580772799,-0.007134080348932703,0.005971283342930178
2021-11-06 00:00:00+00:00,0.0015625889573327445,0.0015630858975217432,0.0016515465873845336,0.011662919923203452,0.011339832799245553,0.013357358154456378,0.001562436562045244,0.0015627744687305434,0.0015518066472379743,0.011662919923203452,0.011339832799245553,0.013357358154456822,0.001562436562045244,0.0015627744687305434,0.0015518066472379743,0.0,0.0,0.012533787560557341,0.0,0.0,0.036057413868275434,0.0,0.0,0.012533787560557341,0.0,0.0,0.0,0.021186655804425136,0.021301758811830496,0.021698671823747073,0.0,0.0,0.0,0.008739446760695158,0.013576315203551959,0.008739446760695158,0.013567688477447826,0.008739446760695158,0.012369545631720325
2021-11-07 00:00:00+00:00,0.005178907999088489,0.00518055244372384,0.005473255249620168,-0.002274396814840207,-0.0015376095864220174,-0.002306944032060776,0.005178403701426415,0.00517952188245796,0.0051432274241058895,-0.002274396814840207,-0.0015376095864219064,-0.002306944032060887,0.005178403701426415,0.00517952188245796,0.0051432274241058895,0.0,0.0,-0.0005039817178670303,0.0,0.0,0.0047444453638489925,0.0,0.0,-0.0005039817178670303,0.0,0.0,0.0,0.019406258430474388,0.019509489871684327,0.015842407073214604,0.0,0.0,0.0,0.02875917848282672,0.023217806271006003,0.02875917848282672,0.02333924503442497,0.02875917848282694,0.020109299101984
2021-11-08 00:00:00+00:00,0.012359931307356131,0.012363835695990533,0.013058593626739556,0.00014971604974611807,-0.001231281854177535,0.021814938990440957,0.012358733955845302,0.012361388846063859,0.012275212125208546,0.00014971604974611807,-0.001231281854177757,0.02181493899044118,0.012358733955845302,0.012361388846063859,0.012275212125208546,0.0,0.0,0.023632534199119037,0.0,0.0,0.019076370008773935,0.0,0.0,0.023632534199119037,0.0,0.0,0.0,0.08574097454201723,0.08239630009297616,0.043274995202042144,0.0,0.0,0.0,0.0670631550299301,0.030571800009329353,0.0670631550299301,0.030870142267789724,0.0670631550299301,0.02549610963892479
2021-11-09 00:00:00+00:00,-0.0017546429319330592,-0.0017551904382209216,-0.0018268977955002708,-0.021146222196217535,-0.021042809392415984,-0.025197154101310515,-0.001754475028364344,-0.0017548473207914528,-0.0017427618539477274,-0.021146222196217423,-0.02104280939241565,-0.025197154101310515,-0.001754475028364344,-0.0017548473207914528,-0.0017427618539477274,0.0,0.0,-0.025135485861267792,0.0,0.0,-0.025040248171120494,0.0,0.0,-0.025135485861267792,0.0,0.0,0.0,0.07812536017278626,0.0783667980720133,0.052325866420666944,0.0,0.0,0.0,-0.00903236540860719,0.02923676900982697,-0.00903236540860719,0.029381960364220694,-0.00903236540860708,0.02228538924859813
2021-11-10 00:00:00+00:00,-0.005854846197761221,-0.005856676314488385,-0.005425450532825948,-0.029283094557391198,-0.0299533931476601,-0.03290222024914924,-0.005854284956884226,-0.005855529396015635,-0.00581513251901844,-0.02928309455739142,-0.029953393147660212,-0.03290222024914946,-0.005854284956884226,-0.005855529396015635,-0.00581513251901844,0.0,0.0,-0.03290009396437388,0.0,0.0,-0.02899995406659206,0.0,0.0,-0.03290009396437388,0.0,0.0,0.0,-0.02345336332934489,-0.023520576136585758,-0.02852839142247432,0.0,0.0,0.0,-0.030360300582600752,-0.04358631959621939,-0.03036030058260064,-0.04399348746932974,-0.03036030058260064,-0.046400352348514584
2021-11-11 00:00:00+00:00,-0.00030312160101619856,-0.00030321690941759183,-0.00028076932719545145,0.03309033855343668,0.0328363247933805,0.038229464637455024,-0.00030309237291226143,-0.0003031571804180677,-0.000301053487537839,0.03309033855343668,0.0328363247933805,0.0382294646374548,-0.00030309237291226143,-0.0003031571804180677,-0.000301053487537839,0.0,0.0,0.0382269100363275,0.0,0.0,0.017811382941200993,0.0,0.0,0.0382269100363275,0.0,0.0,0.0,0.023785926556655124,0.02385573434524879,0.02063282158393953,0.0,0.0,0.0,-0.0016115614630223263,0.033882209972734056,-0.0016115614630223263,0.03401655168897433,-0.0016115614630223263,0.032814291477033075
2021-11-12 00:00:00+00:00,-0.001912120461285416,-0.0019127218582798422,-0.0017710805502255678,0.022349656816934127,0.022306329089250898,0.021796584453847245,-0.0019119360316707246,-0.0019123449676635706,-0.0018990706721769834,0.022349656816934127,0.022306329089250898,0.021796584453847467,-0.0019119360316707246,-0.0019123449676635706,-0.0018990706721769834,0.0,0.0,0.021795181572158873,0.0,0.0,0.02841934869612106,0.0,0.0,0.021795181572158873,0.0,0.0,0.0,-0.03283012107054106,-0.032924227116076676,-0.030622776227489656,0.0,0.0,0.0,-0.010179208947593832,-0.021968634812543297,-0.010179208947593832,-0.02210636895068685,-0.010179208947593832,-0.02100091286968575
2021-11-13 00:00:00+00:00,0.0007321442210053153,0.0007323749350980346,0.0006780447189500549,0.003916276950288733,0.0038710720632897377,0.002776483490847914,0.0007320734682776386,0.0007322303484156301,0.0007271379953297519,0.003916276950288955,0.0038710720632897377,0.002776483490848136,0.0007320734682776386,0.0007322303484156301,0.0007271379953297519,0.0,0.0,0.00277630860130329,0.0,0.0,0.007698593173280921,0.0,0.0,0.00277630860130329,0.0,0.0,0.0,-0.01874714708192793,-0.018802714436685353,-0.00952818767564001,0.0,0.0,0.0,0.00393013645029705,0.015294909802984868,0.003930136450296828,0.015394130154206431,0.00393013645029705,0.0192358228468259
2021-11-14 00:00:00+00:00,0.0032066748434802506,0.00320768459486942,0.002969888210266225,0.0012175404750449648,0.0018978128228042124,0.0026032859534530495,0.003206365184518445,0.0032070517917799357,0.003184764305962151,0.0012175404750449648,0.0018978128228042124,0.0026032859534528274,0.003206365184518445,0.0032070517917799357,0.003184764305962151,0.0,0.0,0.0026031224275477882,0.0,0.0,-0.0013697403865712277,0.0,0.0,0.0026031224275477882,0.0,0.0,0.0,0.036672280736217644,0.03678306194990699,0.027970616349843214,0.0,0.0,0.0,0.017158537708301447,0.004634761080228866,0.017158537708301447,0.00469386225697721,0.017158537708301447,0.0011597592384871014
2021-11-15 00:00:00+00:00,-0.005439456081834049,-0.005441163438124397,-0.005038986220130104,-0.0020604371707680924,-0.003316550390961015,-0.001199310185354241,-0.005438932488722403,-0.005440093452045658,-0.0054024074090945895,-0.0020604371707682034,-0.003316550390960904,-0.001199310185354352,-0.005438932488722403,-0.005440093452045658,-0.0054024074090945895,0.0,0.0,-0.0011992350460524603,0.0,0.0,-0.006748515877279204,0.0,0.0,-0.0011992350460524603,0.0,0.0,0.0,-0.03267929775955736,-0.032774514436436086,-0.03090480459127909,0.0,0.0,0.0,-0.028706654848742907,-0.024668154527188513,-0.028706654848742796,-0.024911610919434723,-0.028706654848742907,-0.023085477825568024
2021-11-16 00:00:00+00:00,-0.010228013302137295,-0.010231241272124603,-0.00947118113286538,-0.05662984028479201,-0.056996276181391026,-0.05592313324548681,-0.010227023386284229,-0.010229218328711043,-0.01015797089549031,-0.05662984028479201,-0.056996276181391026,-0.05592313324548681,-0.010227023386284229,-0.010229218328711043,-0.01015797089549031,0.0,0.0,-0.0588203605476636,0.0,0.0,-0.06043747299400526,0.0,0.0,-0.0588203605476636,0.0,0.0,0.0,-0.07121503727343892,-0.07142956541939682,-0.06920574657170153,0.0,0.0,0.0,-0.0552712402547505,-0.07851321659007082,-0.05527124025475039,-0.07912084374716477,-0.0552712402547505,-0.0779016563140239
2021-11-17 00:00:00+00:00,0.0007156231615135233,0.0007158513474374573,0.0006621635778698565,0.009145546160925111,0.009021014736218635,0.008968013449731416,0.0007155531844376117,0.0007157083449389479,0.0007106722145515665,0.009145546160925333,0.009021014736218635,0.008968013449731416,0.0007155531844376117,0.0007157083449389479,0.0007106722145515665,0.0,0.0,0.002582801568357773,0.0,0.0,0.003001991704751017,0.0,0.0,0.002582801568357773,0.0,0.0,0.0,0.0066710731967869474,0.006692714999198213,0.010686401330054274,0.0,0.0,0.0,0.004051541908412171,0.0024060518813813214,0.004051541908412393,0.0024841677567488674,0.004051541908412171,0.0036356986226144805
2021-11-18 00:00:00+00:00,-0.010141027428976046,-0.010144258716774823,-0.00938395808209358,-0.03520744148154842,-0.03567514083695722,-0.034667354535479866,-0.010140036499583172,-0.010142233691821656,-0.010070917857670558,-0.03520744148154842,-0.03567514083695733,-0.034667354535479866,-0.010140036499583172,-0.010142233691821656,-0.010070917857670558,0.0,0.0,-0.03648173034726543,0.0,0.0,-0.03802388044229943,0.0,0.0,-0.03648173034726543,0.0,0.0,0.0,-0.07096099935224853,-0.0711896753164909,-0.0669173697911164,0.0,0.0,0.0,-0.05722325754566859,-0.07357278777479359,-0.057223257545668704,-0.07418023953218977,-0.057223257545668704,-0.07149190107817882
2021-11-19 00:00:00+00:00,0.0036315004307589938,0.0036326694129016346,0.003357825858274932,0.087617875399709,0.08704744195381853,0.08471160687327073,0.0036311419440204773,0.0036319368192607726,0.0036061387885710783,0.08761787539970856,0.0870474419538183,0.0847116068732705,0.0036311419440204773,0.0036319368192607726,0.0036061387885710783,0.0,0.0,0.09507504243625409,0.0,0.0,0.09914938168178211,0.0,0.0,0.09507504243625409,0.0,0.0,0.0,-0.007100546971365529,-0.014351258628414132,0.06715829528917738,0.0,0.0,0.0,0.02151499173960425,0.08827893640982198,0.02151499173960425,0.08896483306546488,0.021514991739604028,0.08576278200897947
2021-11-20 00:00:00+00:00,0.004843358119339003,0.004844911556068698,0.004479577893661046,-0.008257773514079303,-0.007873980554825466,-0.0074725388384843106,0.004842881732837201,0.004843938027617289,0.004809654654980733,-0.008257773514079303,-0.007873980554825244,-0.0074725388384843106,0.004842881732837201,0.004843938027617289,0.004809654654980733,0.0,0.0,-0.009950677375730965,0.0,0.0,-0.010257130778901113,0.0,0.0,-0.009950677375730965,0.0,0.0,0.0,0.0,0.0,-0.007058472937584992,0.0,0.0,0.0,0.028192345225986015,0.022589163633445875,0.028192345225986015,0.022656013712515577,0.028192345225986015,0.0246269333407656
2021-11-21 00:00:00+00:00,-0.003204958647816114,-0.0032059816354408355,-0.0029653106390433726,-0.031853079099863235,-0.03221538293809312,-0.03146038477963031,-0.003204644931479095,-0.003205340536280188,-0.003182763062970828,-0.031853079099863124,-0.03221538293809334,-0.03146038477963031,-0.003204644931479095,-0.003205340536280188,-0.003182763062970828,0.0,0.0,-0.03237196434027456,0.0,0.0,-0.03224014980738665,0.0,0.0,-0.03237196434027456,0.0,0.0,0.0,0.0,0.0,0.0,0.0,0.0,0.0,-0.01823186318246306,-0.02826008872111818,-0.01823186318246295,-0.02847141472841619,-0.01823186318246295,-0.027226572160437446
2021-11-22 00:00:00+00:00,-0.001385081248034603,-0.0027710790648608485,-0.006525042460145292,-0.006794911706407114,-0.013976295387295279,-0.0023963511803669624,-0.007053380731199765,-0.007054916671296763,-0.007005065253890552,-0.008119281322404692,-0.007062113611776111,-0.0023963511803669624,-0.0013849452339291801,-0.0027705231511406803,-0.007005065253890552,0.0,0.0,0.01819686244827401,0.0,0.0,0.017722704244566456,0.0,0.0,0.01819686244827401,0.0,0.0,0.0,0.0,0.0,0.0,0.0,0.0,0.0,-0.04074229933215978,-0.012043854502357898,-0.04074229933215978,-0.01219664507623075,-0.04074229933215978,-0.014819096683093003
2021-11-23 00:00:00+00:00,0.0,0.0,-0.0012371038652260191,0.0,0.0,-0.006546192048519028,0.003821688823106406,0.003822526944725846,0.003795325677016459,0.01135231027627892,0.010273084454108794,0.010390222888504885,0.0,0.0,-0.0013287549582672309,0.0,0.0,0.03921321755035789,0.0,0.0,0.05927421803449917,0.0,0.0,0.03921321755035789,0.0,0.0,0.0,0.0,0.0,0.0,0.0,0.0,0.0,0.022850417398043943,0.0560524970785079,0.022850417398043943,0.05640583336191063,0.022850417398043943,0.05094840388939015
2021-11-24 00:00:00+00:00,0.0,0.0,0.0,0.0,0.0,0.0,-0.001196547200516096,-0.0011968086119736876,-0.0011883242707647623,0.024966266054025077,0.025458326125598285,0.020220825228844053,0.0,0.0,0.0,0.0,0.0,0.06613192566487802,0.0,0.0,0.033507942174680894,0.0,0.0,0.06613192566487802,0.0,0.0,0.0,0.0,0.0,0.0,0.0,0.0,0.0,-0.007021228363198517,-0.009405700736101252,-0.007021228363198628,-0.00962043151824743,-0.007021228363198628,-0.009862475463459974
2021-11-25 00:00:00+00:00,0.0,0.0,0.0,0.0,0.0,0.0,0.005407970155593134,0.005409153058635319,0.005370761205075514,0.036707208284625814,0.035683237512588395,0.03479545132958539,0.0,0.0,0.0,0.0,0.0,-0.0008085026884371294,0.0,0.0,0.010231507530451989,0.0,0.0,-0.0008085026884371294,0.0,0.0,0.0,0.0,0.0,0.0,0.0,0.0,0.0,0.0319196132580255,0.02356108031157711,0.0319196132580255,0.023799526140293015,0.03191961325802528,0.02692649750835674
2021-11-26 00:00:00+00:00,0.0,0.0,0.0,0.0,0.0,0.0,-0.015416663167465927,-0.01542001716247221,-0.015311157140839526,-0.08414551252435631,-0.08199511384077374,-0.07818584551583296,0.0,0.0,0.0,0.0,0.0,-0.08812958352406242,0.0,0.0,-0.09529923443804911,0.0,0.0,-0.08812958352406242,0.0,0.0,0.0,0.0,0.0,0.0,0.0,0.0,0.0,-0.08865641688452452,-0.07958960728432318,-0.08865641688452441,-0.08023270654743397,-0.08865641688452441,-0.07709176808667428
2021-11-27 00:00:00+00:00,0.0,0.0,0.0,0.0,0.0,0.0,0.0029982534604000577,0.0029989159657193287,0.0029774154519199847,0.009166739440698679,0.00886319777881761,0.008461788781363833,0.0,0.0,0.0,0.0,0.0,0.014521360993810184,0.0,0.0,0.008244153032568757,0.0,0.0,0.014521360993810184,0.0,0.0,0.0,0.0,0.0,0.0,0.0,0.0,0.0,0.01862766745656952,0.03836549148928037,0.01862766745656952,0.03859644221773717,0.01862766745656952,0.038529639486729605
2021-11-28 00:00:00+00:00,0.0,0.0,0.0,0.0,0.0,0.0,0.007636426335690061,0.007638108663905685,0.007583510351300671,0.045262155022155914,0.04414254325332001,0.04116583691714992,0.0,0.0,0.0,0.0,0.0,0.021675504438830817,0.0,0.0,0.04058990643308569,0.0,0.0,0.021675504438830817,0.0,0.0,0.0,0.0,0.0,0.0,0.0,0.0,0.0,0.04671593097396687,0.011915163180783228,0.04671593097396687,0.012037728046931928,0.04671593097396687,0.011078993135703152
2021-11-29 00:00:00+00:00,0.0,0.0,0.0,0.0,0.0,0.0,0.001543161624082856,0.001543499010343563,0.0015325488950437283,0.02836747530261352,0.02689472864752851,0.018624972516764204,0.0,0.0,0.0,0.0,0.0,-0.004726010472921094,0.0,0.0,-0.0015065710797269594,0.0,0.0,-0.004726010472921094,0.0,0.0,0.0,0.0,0.0,0.0,0.0,0.0,0.0,0.009087852732435842,0.01077090631194677,0.009087852732435842,0.010937155697376078,0.009087852732435842,0.012319460433913854
2021-11-30 00:00:00+00:00,0.0,0.0,0.0,0.0,0.0,0.0,-0.002514552063138664,-0.002515100980281071,-0.0024972852883112795,0.009339501104461245,0.008794748920874396,0.00573270793993963,0.0,0.0,0.0,0.0,0.0,-0.028433637253033828,0.0,0.0,-0.025481040808551958,0.0,0.0,-0.028433637253033828,0.0,0.0,0.0,0.0,0.0,0.0,0.0,0.0,0.0,-0.014697761301122436,-0.014589826428679897,-0.014697761301122436,-0.014588783540267825,-0.014697761301122436,-0.014482249544737869
2021-12-01 00:00:00+00:00,0.0,0.0,0.0,0.0,0.0,0.0,0.0007073464270896945,0.0007075012274604386,0.0007024771031083343,-0.003287412691456937,-0.0034996581956338035,-0.00027190503238916364,0.0,0.0,0.0,0.0,0.0,-0.0062144869855707,0.0,0.0,0.02139969728353064,0.0,0.0,-0.0062144869855707,0.0,0.0,0.0,0.0,0.0,0.0,0.0,0.0,0.0,0.004185620228269293,0.009270072184498712,0.004185620228269293,0.004623783332038389,0.004185620228269293,-0.00010267693371546205
2021-12-02 00:00:00+00:00,0.0,0.0,0.0,0.0,0.0,0.0,-0.0020892760462661863,-0.002089732953992618,-0.0020749037104070833,-0.015479010471132093,-0.015283916265361408,-0.013304496865935156,0.0,0.0,0.0,0.0,0.0,-0.044814669006724706,0.0,0.0,-0.03171783547116924,0.0,0.0,-0.044814669006724706,0.0,0.0,0.0,0.0,0.0,0.0,0.0,0.0,0.0,-0.012320166356495688,-0.01654729897568663,-0.012320166356495688,-0.016723087771240985,-0.012320166356495688,-0.020236297847519236
2021-12-03 00:00:00+00:00,0.0,0.0,0.0,0.0,0.0,0.0,-0.008562454657245255,-0.008564331117934865,-0.008503430217640662,-0.06163718471550794,-0.06020210278780169,-0.05902548837795363,0.0,0.0,0.0,0.0,0.0,-0.06202081724942965,0.0,0.0,-0.058932962902930264,0.0,0.0,-0.06202081724942965,0.0,0.0,0.0,0.0,0.0,0.0,0.0,0.0,0.0,-0.05101460577982242,-0.05834744377854362,-0.05101460577982242,-0.05840736839373095,-0.05101460577982242,-0.056495845693165014
2021-12-04 00:00:00+00:00,0.0,0.0,0.0,0.0,0.0,0.0,-0.0131696302123534,-0.013172541266122773,-0.013078068068583137,-0.036161336044589265,-0.03522831759536582,-0.028542940363112446,0.0,0.0,0.0,0.0,0.0,-0.030938734812640423,0.0,0.0,-0.04444069505544457,0.0,0.0,-0.030938734812640423,0.0,0.0,0.0,0.0,0.0,0.0,0.0,0.0,0.0,-0.08197391254415709,-0.09743434335934809,-0.08197391254415709,-0.09743087049369759,-0.08197391254415698,-0.09854223088617664
2021-12-05 00:00:00+00:00,0.0,0.0,0.0,0.0,0.0,0.0,0.000737848959413645,0.0007380142327866324,0.0007326510699388056,-0.017862680091899064,-0.018077550249920082,-0.018453036144932322,0.0,0.0,0.0,0.0,0.0,-0.006907998739049681,0.0,0.0,-0.050991463099357315,0.0,0.0,-0.006907998739049681,0.0,0.0,0.0,0.0,0.0,0.0,0.0,0.0,0.0,0.004936930760307545,-0.04920163087613416,0.004936930760307545,-0.049230171352543595,0.004936930760307767,-0.04876538064073521
2021-12-06 00:00:00+00:00,0.0,0.0,0.0,0.0,0.0,0.0,-0.001200686930575512,-0.0024018810205400642,0.0031481232627084133,-0.006661033684021156,-0.013001952157416952,0.012249396484444564,0.0,0.0,0.0,0.0,0.0,0.0,0.0,0.0,-0.006934901855471742,0.0,0.0,0.0,0.0,0.0,0.0,0.0,0.0,0.0,0.0,0.0,0.0,0.021124714100777986,0.03131807976300349,0.021124714100777986,0.031263269738154964,0.021124714100777986,0.031799188667385625
2021-12-07 00:00:00+00:00,0.0,0.0,0.0,0.0,0.0,0.0,0.0,0.0,-0.0012135693463464214,0.0,0.0,-0.006169212562380677,0.0,0.0,0.0,0.0,0.0,0.0,0.0,0.0,0.0,0.0,0.0,0.0,0.0,0.0,0.0,0.0,0.0,0.0,0.0,0.0,0.0,0.0018982947803227734,-0.007418557394436087,0.0018982947803227734,-0.007156970913162142,0.0018982947803227734,-0.005749927754560957
2021-12-08 00:00:00+00:00,0.0,0.0,0.0,0.0,0.0,0.0,0.0,0.0,0.0,0.0,0.0,0.0,0.0,0.0,0.0,0.0,0.0,0.0,0.0,0.0,0.0,0.0,0.0,0.0,0.0,0.0,0.0,0.0,0.0,0.0,0.0,0.0,0.0,-0.0020898567282719993,0.02955959187796453,-0.0020898567282721103,0.029450999956321944,-0.0020898567282721103,0.02993536953390019
2021-12-09 00:00:00+00:00,0.0,0.0,0.0,0.0,0.0,0.0,0.0,0.0,0.0,0.0,0.0,0.0,0.0,0.0,0.0,0.0,0.0,0.0,0.0,0.0,0.0,0.0,0.0,0.0,0.0,0.0,0.0,0.0,0.0,0.0,0.0,0.0,0.0,-0.05841782845813748,-0.0926336053206478,-0.05841782845813759,-0.09253859090516581,-0.05841782845813748,-0.09262738139958893
2021-12-10 00:00:00+00:00,0.0,0.0,0.0,0.0,0.0,0.0,0.0,0.0,0.0,0.0,0.0,0.0,0.0,0.0,0.0,0.0,0.0,0.0,0.0,0.0,0.0,0.0,0.0,0.0,0.0,0.0,0.0,0.0,0.0,0.0,0.0,0.0,0.0,-0.008356172360533987,-0.040141870748631514,-0.008356172360533987,-0.040170388002117585,-0.008356172360533987,-0.03996222112090764
2021-12-11 00:00:00+00:00,0.0,0.0,0.0,0.0,0.0,0.0,0.0,0.0,0.0,0.0,0.0,0.0,0.0,0.0,0.0,0.0,0.0,0.0,0.0,0.0,0.0,0.0,0.0,0.0,0.0,0.0,0.0,0.0,0.0,0.0,0.0,0.0,0.0,0.04741923735248865,0.05455249898008363,0.04741923735248865,0.054567652390318466,0.04741923735248865,0.05465777411958084
2021-12-12 00:00:00+00:00,0.0,0.0,0.0,0.0,0.0,0.0,0.0,0.0,0.0,0.0,0.0,0.0,0.0,0.0,0.0,0.0,0.0,0.0,0.0,0.0,0.0,0.0,0.0,0.0,0.0,0.0,0.0,0.0,0.0,0.0,0.0,0.0,0.0,0.013801276115589234,0.011145037428899496,0.013801276115589012,0.011222133215207153,0.013801276115589234,0.011158518969848652
2021-12-13 00:00:00+00:00,0.0,0.0,0.0,0.0,0.0,0.0,0.0,0.0,0.0,0.0,0.0,0.0,0.0,0.0,0.0,0.0,0.0,0.0,0.0,0.0,0.0,0.0,0.0,0.0,0.0,0.0,0.0,0.0,0.0,0.0,0.0,0.0,0.0,-0.06711467680741967,-0.1090950188201174,-0.06711467680741967,-0.10913287782544445,-0.06711467680741967,-0.10762063798263843
2021-12-14 00:00:00+00:00,0.0,0.0,0.0,0.0,0.0,0.0,0.0,0.0,0.0,0.0,0.0,0.0,0.0,0.0,0.0,0.0,0.0,0.0,0.0,0.0,0.0,0.0,0.0,0.0,0.0,0.0,0.0,0.0,0.0,0.0,0.0,0.0,0.0,0.03508696840366654,0.033677683032978134,0.03508696840366654,0.03356852420976497,0.03508696840366654,0.033481445602850934
2021-12-15 00:00:00+00:00,0.0,0.0,0.0,0.0,0.0,0.0,0.0,0.0,0.0,0.0,0.0,0.0,0.0,0.0,0.0,0.0,0.0,0.0,0.0,0.0,0.0,0.0,0.0,0.0,0.0,0.0,0.0,0.0,0.0,0.0,0.0,0.0,0.0,0.010696247454123453,0.04088825308680777,0.010696247454123675,0.040950808588483545,0.010696247454123453,0.04104199020114674
2021-12-16 00:00:00+00:00,0.0,0.0,0.0,0.0,0.0,0.0,0.0,0.0,0.0,0.0,0.0,0.0,0.0,0.0,0.0,0.0,0.0,0.0,0.0,0.0,0.0,0.0,0.0,0.0,0.0,0.0,0.0,0.0,0.0,0.0,0.0,0.0,0.0,-0.025581786396501993,-0.026560948059501044,-0.025581786396502104,-0.02645267570128962,-0.025581786396502215,-0.026644132426994482
2021-12-17 00:00:00+00:00,0.0,0.0,0.0,0.0,0.0,0.0,0.0,0.0,0.0,0.0,0.0,0.0,0.0,0.0,0.0,0.0,0.0,0.0,0.0,0.0,0.0,0.0,0.0,0.0,0.0,0.0,0.0,0.0,0.0,0.0,0.0,0.0,0.0,-0.030812302584150575,-0.01641612553063332,-0.030812302584150797,-0.016400758808077898,-0.030812302584150686,-0.015769841127445727
2021-12-18 00:00:00+00:00,0.0,0.0,0.0,0.0,0.0,0.0,0.0,0.0,0.0,0.0,0.0,0.0,0.0,0.0,0.0,0.0,0.0,0.0,0.0,0.0,0.0,0.0,0.0,0.0,0.0,0.0,0.0,0.0,0.0,0.0,0.0,0.0,0.0,0.015010018086707877,0.024922403792829284,0.015010018086707877,0.02501016736878592,0.015010018086707877,0.02510569807965979
2021-12-19 00:00:00+00:00,0.0,0.0,0.0,0.0,0.0,0.0,0.0,0.0,0.0,0.0,0.0,0.0,0.0,0.0,0.0,0.0,0.0,0.0,0.0,0.0,0.0,0.0,0.0,0.0,0.0,0.0,0.0,0.0,0.0,0.0,0.0,0.0,0.0,-0.003676312104322066,-0.01614745299064424,-0.003676312104322066,-0.016126699896207075,-0.003676312104322066,-0.01547775876698132
2021-12-20 00:00:00+00:00,0.0,0.0,0.0,0.0,0.0,0.0,0.0,0.0,0.0,0.0,0.0,0.0,0.0,0.0,0.0,0.0,0.0,0.0,0.0,0.0,0.0,0.0,0.0,0.0,0.0,0.0,0.0,0.0,0.0,0.0,0.0,0.0,0.0,0.0051166069322228225,-0.017886098759003155,0.0051166069322226004,-0.018020482429930484,0.0051166069322226004,-0.01755219848688716
2021-12-21 00:00:00+00:00,0.0,0.0,0.0,0.0,0.0,0.0,0.0,0.0,0.0,0.0,0.0,0.0,0.0,0.0,0.0,0.0,0.0,0.0,0.0,0.0,0.0,0.0,0.0,0.0,0.0,0.0,0.0,0.0,0.0,0.0,0.0,0.0,0.0,0.042377936187709686,0.06146810614145748,0.042377936187709686,0.06151292083890114,0.042377936187709686,0.06208528978944816
2021-12-22 00:00:00+00:00,0.0,0.0,0.0,0.0,0.0,0.0,0.0,0.0,0.0,0.0,0.0,0.0,0.0,0.0,0.0,0.0,0.0,0.0,0.0,0.0,0.0,0.0,0.0,0.0,0.0,0.0,0.0,0.0,0.0,0.0,0.0,0.0,0.0,-0.006257423637474946,0.02316852099396094,-0.006257423637474835,0.023257604865978276,-0.006257423637474946,0.02331435798410686
2021-12-23 00:00:00+00:00,0.0,0.0,0.0,0.0,0.0,0.0,0.0,0.0,0.0,0.0,0.0,0.0,0.0,0.0,0.0,0.0,0.0,0.0,0.0,0.0,0.0,0.0,0.0,0.0,0.0,0.0,0.0,0.0,0.0,0.0,0.0,0.0,0.0,0.045950286183808364,0.06909882556461322,0.045950286183808364,0.06902532748588874,0.045950286183808364,0.06894972065872418
2021-12-24 00:00:00+00:00,0.0,0.0,0.0,0.0,0.0,0.0,0.0,0.0,0.0,0.0,0.0,0.0,0.0,0.0,0.0,0.0,0.0,0.0,0.0,0.0,0.0,0.0,0.0,0.0,0.0,0.0,0.0,0.0,0.0,0.0,0.0,0.0,0.0,0.0001805586697662953,-0.024355193978701783,0.0001805586697662953,-0.024331137928287783,0.0001805586697662953,-0.02477778632321903
2021-12-25 00:00:00+00:00,0.0,0.0,0.0,0.0,0.0,0.0,0.0,0.0,0.0,0.0,0.0,0.0,0.0,0.0,0.0,0.0,0.0,0.0,0.0,0.0,0.0,0.0,0.0,0.0,0.0,0.0,0.0,0.0,0.0,0.0,0.0,0.0,0.0,-0.008319734882317853,0.03037457524205278,-0.008319734882317853,0.030317077875006815,-0.008319734882317964,0.030754379692205625
2021-12-26 00:00:00+00:00,0.0,0.0,0.0,0.0,0.0,0.0,0.0,0.0,0.0,0.0,0.0,0.0,0.0,0.0,0.0,0.0,0.0,0.0,0.0,0.0,0.0,0.0,0.0,0.0,0.0,0.0,0.0,0.0,0.0,0.0,0.0,0.0,0.0,0.007406157374696853,0.017527393111221867,0.007406157374696853,0.017606380851226122,0.007406157374696853,0.018030429026064887
2021-12-27 00:00:00+00:00,0.0,0.0,0.0,0.0,0.0,0.0,0.0,0.0,0.0,0.0,0.0,0.0,0.0,0.0,0.0,0.0,0.0,0.0,0.0,0.0,0.0,0.0,0.0,0.0,0.0,0.0,0.0,0.0,0.0,0.0,0.0,0.0,0.0,-0.0016538787314385184,0.0035080724561755705,-0.0016538787314385184,0.003359529496424818,-0.0016538787314384074,0.002839183035810544
2021-12-28 00:00:00+00:00,0.0,0.0,0.0,0.0,0.0,0.0,0.0,0.0,0.0,0.0,0.0,0.0,0.0,0.0,0.0,0.0,0.0,0.0,0.0,0.0,0.0,0.0,0.0,0.0,0.0,0.0,0.0,0.0,0.0,0.0,0.0,0.0,0.0,-0.06259502340106826,-0.08909126754509888,-0.06259502340106826,-0.08905832667841773,-0.06259502340106815,-0.08873427808408285
2021-12-29 00:00:00+00:00,0.0,0.0,0.0,0.0,0.0,0.0,0.0,0.0,0.0,0.0,0.0,0.0,0.0,0.0,0.0,0.0,0.0,0.0,0.0,0.0,0.0,0.0,0.0,0.0,0.0,0.0,0.0,0.0,0.0,0.0,0.0,0.0,0.0,-0.022544811454198732,-0.023411127310915658,-0.022544811454198732,-0.023410294177289792,-0.02254481145419862,-0.023704314647528868
2021-12-30 00:00:00+00:00,0.0,0.0,0.0,0.0,0.0,0.0,0.0,0.0,0.0,0.0,0.0,0.0,0.0,0.0,0.0,0.0,0.0,0.0,0.0,0.0,0.0,0.0,0.0,0.0,0.0,0.0,0.0,0.0,0.0,0.0,0.0,0.0,0.0,0.014005221293858394,0.022796974385690616,0.014005221293858394,0.022864433430598075,0.014005221293858394,0.022564183021709372
2021-12-31 00:00:00+00:00,0.0,0.0,0.0,0.0,0.0,0.0,0.0,0.0,0.0,0.0,0.0,0.0,0.0,0.0,0.0,0.0,0.0,0.0,0.0,0.0,0.0,0.0,0.0,0.0,0.0,0.0,0.0,0.0,0.0,0.0,0.0,0.0,0.0,-0.01932936746425451,-0.005891287299279568,-0.01932936746425451,-0.005873867357822138,-0.0193293674642544,-0.005301197639258515
2022-01-01 00:00:00+00:00,0.0,0.0,0.0,0.0,0.0,0.0,0.0,0.0,0.0,0.0,0.0,0.0,0.0,0.0,0.0,0.0,0.0,0.0,0.0,0.0,0.0,0.0,0.0,0.0,0.0,0.0,0.0,0.0,0.0,0.0,0.0,0.0,0.0,0.03293982156722053,0.04356888993076935,0.03293982156722053,0.039276567949789065,0.03293982156722053,0.038389348201757656
2022-01-02 00:00:00+00:00,0.0,0.0,0.0,0.0,0.0,0.0,0.0,0.0,0.0,0.0,0.0,0.0,0.0,0.0,0.0,0.0,0.0,0.0,0.0,0.0,0.0,0.0,0.0,0.0,0.0,0.0,0.0,0.0,0.0,0.0,0.0,0.0,0.0,-0.009099702242223007,0.010330027118170548,-0.009099702242223007,0.01021537398712713,-0.009099702242223118,0.006479218363087735
2022-01-03 00:00:00+00:00,0.0,0.0,0.0,0.0,0.0,0.0,0.0,0.0,0.0,0.0,0.0,0.0,0.0,0.0,0.0,0.012857276854710165,0.005657276854710069,0.0,0.00901635381788779,0.0018163538178881389,0.0,0.012857276854710165,0.005657276854710069,0.0,0.0032511565694710587,-0.0039488434305287035,0.0,0.0032511565694712807,-0.0039488434305288145,0.0,0.0032511565694710587,-0.0039488434305287035,0.0,-0.01774897476842563,-0.010161861099410863,-0.01774897476842574,-0.01022127446871357,-0.01774897476842552,-0.010522713014448293
2022-01-04 00:00:00+00:00,0.0,0.0,0.0,0.0,0.0,0.0,0.0,0.0,0.0,0.0,0.0,0.0,0.0,0.0,0.0,-0.009135395202012897,-0.009200800034223966,-0.017945898794297865,-0.019981367241150294,-0.020124972247784534,-0.028198143820193367,-0.009135395202012897,-0.009200800034223966,-0.017945898794297865,0.008901974491666742,0.00896632280943832,0.002947256213670979,0.008901974491666742,0.00896632280943832,0.002947256213670535,0.008901974491666742,0.00896632280943832,0.002947256213670979,-0.013881965304880173,-0.011538585269781132,-0.013881965304880062,-0.011458369637143417,-0.013881965304880173,-0.010870935976029394
2022-01-05 00:00:00+00:00,0.0,0.0,0.0,0.0,0.0,0.0,0.0,0.0,0.0,0.0,0.0,0.0,0.0,0.0,0.0,-0.03654525232524963,-0.03680932764451572,-0.037777473994834,-0.07318712903509805,-0.07372392395963878,-0.07239404097454272,-0.03654525232524963,-0.03680932764451572,-0.037777473994834,-0.09722995266050738,-0.09792653788139905,-0.09805926095178508,-0.09722995266050749,-0.09792653788139905,-0.09805926095178485,-0.09722995266050738,-0.09792653788139905,-0.09805926095178508,-0.05191728140870333,-0.07371397615899278,-0.05191728140870333,-0.07400072248907419,-0.05191728140870333,-0.07320102273295792
2022-01-06 00:00:00+00:00,0.0,0.0,0.0,0.0,0.0,0.0,0.0,0.0,0.0,0.0,0.0,0.0,0.0,0.0,0.0,0.009910441524449753,0.009984790944272959,0.00940203054775468,0.00929952258531963,0.009373159213862614,0.008774822403601501,0.009910441524449753,0.009984790944272959,0.00940203054775468,0.039523046569804654,0.039836940334785576,0.04011821402305449,0.039523046569804876,0.0398369403347858,0.04011821402305471,0.039523046569804654,0.039836940334785576,0.04011821402305449,-0.00811031576543364,0.006172150243667351,-0.008110315765433529,0.006149393376829293,-0.008110315765433529,0.005691312087562128
2022-01-07 00:00:00+00:00,0.0,0.0,0.0,0.0,0.0,0.0,0.0,0.0,0.0,0.0,0.0,0.0,0.0,0.0,0.0,-0.04214025002810218,-0.042453266256822664,-0.04397907510567889,-0.07197284918629288,-0.07253746129265182,-0.07297116446459262,-0.04214025002810218,-0.042453266256822664,-0.04397907510567889,-0.04934737358379082,-0.04972427787016065,-0.04984936480657054,-0.04934737358379071,-0.04972427787016065,-0.04984936480657076,-0.04934737358379082,-0.04972427787016065,-0.04984936480657054,-0.03524715577284809,-0.05384953979719975,-0.03524715577284809,-0.05409382625386572,-0.03524715577284809,-0.052625345746723395
2022-01-08 00:00:00+00:00,0.0,0.0,0.0,0.0,0.0,0.0,0.0,0.0,0.0,0.0,0.0,0.0,0.0,0.0,0.0,-0.03602184516036344,-0.036301276892268586,-0.035501412791562825,-0.044397864959739186,-0.013945918083972053,-0.043197423481370456,-0.03602184516036344,-0.036301276892268586,-0.035501412791562825,-0.074645702179305,-0.07524566205592786,-0.0752828170073574,-0.0746457021793051,-0.07524566205592798,-0.07528281700735717,-0.074645702179305,-0.07524566205592786,-0.0752828170073574,0.002878851962147211,-0.034720470954664795,0.002878851962146989,-0.034919239625853415,0.002878851962146989,-0.03398140178017994
2022-01-09 00:00:00+00:00,0.0,0.0,0.0,0.0,0.0,0.0,0.0,0.0,0.0,0.0,0.0,0.0,0.0,0.0,0.0,0.03945567525104288,0.03977327340120995,0.04022612799423775,-0.006999664255610605,0.0,-0.0069770760036115265,0.03945567525104288,0.03977327340120995,0.04022612799423775,-0.006885201301139787,-0.014120233532676885,0.0019522082978811195,-0.006885201301139676,-0.014120233532676996,0.0019522082978808974,-0.006885201301139787,-0.014120233532676885,0.0019522082978811195,0.004598314399191672,0.02436458113765405,0.004598314399191672,0.024442386260701054,0.004598314399191672,0.023973207475462166
2022-01-10 00:00:00+00:00,0.0,0.0,0.0,0.0,0.0,0.0,0.0,0.0,0.0,0.0,0.0,0.0,0.0,0.0,0.0,0.032099329497019324,0.023339888989322377,-0.00047710561397884543,0.0,0.0,0.0,0.032099329497019324,0.023339888989322377,-0.00047710561397884543,0.0,0.0,-0.007276639015756814,0.0,0.0,-0.007276639015756814,0.0,0.0,-0.007276639015756814,-0.001252491849848103,-0.032684220859383606,-0.001252491849847992,-0.032732041955530033,-0.001252491849847992,-0.0326639354319086
2022-01-11 00:00:00+00:00,0.0,0.0,0.0,0.0,0.0,0.0,0.0,0.0,0.0,0.0,0.0,0.0,0.0,0.0,0.0,-0.037966653708972786,-0.03829162575790446,-0.038393802112722586,0.0,0.0,0.0,-0.037966653708972786,-0.03829162575790446,-0.038393802112722586,0.0,0.0,0.0,0.0,0.0,0.0,0.0,0.0,0.0,0.022220936412931547,0.03209583426962026,0.022220936412931547,0.03214033374220171,0.022220936412931547,0.03175862128003937
2022-01-12 00:00:00+00:00,0.0,0.0,0.0,0.0,0.0,0.0,0.0,0.0,0.0,0.0,0.0,0.0,0.0,0.0,0.0,0.0017258242092941245,0.0017411844084460615,0.003746183704387951,0.0,0.0,0.0,0.0017258242092941245,0.0017411844084460615,0.003746183704387951,0.0,0.0,0.0,0.0,0.0,0.0,0.0,0.0,0.0,0.027294411864869694,0.04740608756963183,0.027294411864869694,0.04745694568387138,0.027294411864869694,0.047618171967977574
2022-01-13 00:00:00+00:00,0.0,0.0,0.0,0.0,0.0,0.0,0.0,0.0,0.0,0.0,0.0,0.0,0.0,0.0,0.0,-0.06861475717019505,-0.06922438150007382,-0.06984999614894538,0.0,0.0,0.0,-0.06861475717019505,-0.06922438150007382,-0.06984999614894538,0.0,0.0,0.0,0.0,0.0,0.0,0.0,0.0,0.0,-0.03048061753578124,-0.049378548663880695,-0.03048061753578135,-0.04954831952658589,-0.03048061753578113,-0.04847734104348178
2022-01-14 00:00:00+00:00,0.0,0.0,0.0,0.0,0.0,0.0,0.0,0.0,0.0,0.0,0.0,0.0,0.0,0.0,0.0,0.07192675294998496,-0.014993674017511505,0.07508625390636503,0.0,0.0,0.0,0.07192675294998496,-0.014993674017511505,0.07508625390636503,0.0,0.0,0.0,0.0,0.0,0.0,0.0,0.0,0.0,0.011955149694762746,0.027896136131818405,0.011955149694762746,0.028189278193450962,0.011955149694762746,0.02664936580568611
2022-01-15 00:00:00+00:00,0.0,0.0,0.0,0.0,0.0,0.0,0.0,0.0,0.0,0.0,0.0,0.0,0.0,0.0,0.0,-0.030816475368846352,0.0,-0.007264509162869803,0.0,0.0,0.0,-0.030816475368846352,0.0,-0.007264509162869803,0.0,0.0,0.0,0.0,0.0,0.0,0.0,0.0,0.0,0.00017358725962335342,0.006771466106012314,0.00017358725962335342,0.0069110797488491915,0.00017358725962335342,0.007181957053230548
2022-01-16 00:00:00+00:00,0.0,0.0,0.0,0.0,0.0,0.0,0.0,0.0,0.0,0.0,0.0,0.0,0.0,0.0,0.0,0.018952592603789675,0.0,0.0,0.0,0.0,0.0,0.018952592603789675,0.0,0.0,0.0,0.0,0.0,0.0,0.0,0.0,0.0,0.0,0.0,0.0001424653465806891,0.007652646194277413,0.0001424653465806891,0.007707044542587083,0.0001424653465806891,0.007182545220546732
2022-01-17 00:00:00+00:00,0.0,0.0,0.0,0.0,0.0,0.0,0.0,0.0,0.0,0.0,0.0,0.0,0.0,0.0,0.0,-0.036401958950643576,0.0,0.0,0.0,0.0,0.0,-0.036401958950643576,0.0,0.0,0.0,0.0,0.0,0.0,0.0,0.0,0.0,0.0,0.0,-0.02056243060443541,-0.041595640469398565,-0.020562430604435633,-0.04188074056046476,-0.020562430604435522,-0.04106851105025977
2022-01-18 00:00:00+00:00,0.0,0.0,0.0,0.0,0.0,0.0,0.0,0.0,0.0,0.0,0.0,0.0,0.0,0.0,0.0,-0.0399460334515247,0.0,0.0,0.0,0.0,0.0,-0.0399460334515247,0.0,0.0,0.0,0.0,0.0,0.0,0.0,0.0,0.0,0.0,0.0,0.003593963808336653,-0.025334756427207616,0.003593963808336653,-0.02545403874960217,0.003593963808336653,-0.02515236131500842
2022-01-19 00:00:00+00:00,0.0,0.0,0.0,0.0,0.0,0.0,0.0,0.0,0.0,0.0,0.0,0.0,0.0,0.0,0.0,-0.007415431956364293,0.0,0.0,0.0,0.0,0.0,-0.007415431956364293,0.0,0.0,0.0,0.0,0.0,0.0,0.0,0.0,0.0,0.0,0.0,-0.016414308891203988,-0.04074766698084764,-0.016414308891203988,-0.04089403776390299,-0.016414308891203877,-0.04021265251482198
2022-01-20 00:00:00+00:00,0.0,0.0,0.0,0.0,0.0,0.0,0.0,0.0,0.0,0.0,0.0,0.0,0.0,0.0,0.0,0.0,0.0,0.0,0.0,0.0,0.0,0.0,0.0,0.0,0.0,0.0,0.0,0.0,0.0,0.0,0.0,0.0,0.0,-0.024074806829249673,-0.04038609876953092,-0.024074806829249673,-0.040450479525728666,-0.024074806829249784,-0.04023473959580448
2022-01-21 00:00:00+00:00,0.0,0.0,0.0,0.0,0.0,0.0,0.0,0.0,0.0,0.0,0.0,0.0,0.0,0.0,0.0,0.0,0.0,0.0,0.0,0.0,0.0,0.0,0.0,0.0,0.0,0.0,0.0,0.0,0.0,0.0,0.0,0.0,0.0,-0.10361272426008028,-0.138367470455671,-0.10361272426008017,-0.13892304484369333,-0.10361272426008028,-0.13638586587847257
2022-01-22 00:00:00+00:00,0.0,0.0,0.0,0.0,0.0,0.0,0.0,0.0,0.0,0.0,0.0,0.0,0.0,0.0,0.0,0.0,0.0,0.0,0.0,0.0,0.0,0.0,0.0,0.0,0.0,0.0,0.0,0.0,0.0,0.0,0.0,0.0,0.0,-0.03814116050332261,-0.08903486814817652,-0.03814116050332261,-0.08958907211900258,-0.03814116050332261,-0.08952431407222661
2022-01-23 00:00:00+00:00,0.0,0.0,0.0,0.0,0.0,0.0,0.0,0.0,0.0,0.0,0.0,0.0,0.0,0.0,0.0,0.0,0.0,0.0,0.0,0.0,0.0,0.0,0.0,0.0,0.0,0.0,0.0,0.0,0.0,0.0,0.0,0.0,0.0,0.03467818081281737,0.059132745252269414,0.03467818081281737,0.05940697896440961,0.03467818081281737,0.058465825703005736
2022-01-24 00:00:00+00:00,0.0,0.0,0.0,0.0,0.0,0.0,0.0,0.0,0.0,0.0,0.0,0.0,0.0,0.0,0.0,0.0,0.0,0.0,0.0,0.0,0.0,0.0,0.0,0.0,0.0,0.0,0.0,0.0,0.0,0.0,0.0,0.0,0.0,0.011323650236601868,-0.043218939263244716,0.011323650236601868,-0.04352725436015337,0.011323650236601646,-0.0425774886839394
2022-01-25 00:00:00+00:00,0.0,0.0,0.0,0.0,0.0,0.0,0.0,0.0,0.0,0.0,0.0,0.0,0.0,0.0,0.0,0.0,0.0,0.0,0.0,0.0,0.0,0.0,0.0,0.0,0.0,0.0,0.0,0.0,0.0,0.0,0.0,0.0,0.0,0.00781286621107058,0.012040839553141947,0.00781286621107058,0.01219739566832545,0.00781286621107058,0.011693965030459053
2022-01-26 00:00:00+00:00,0.0,0.0,0.0,0.0,0.0,0.0,0.0,0.0,0.0,0.0,0.0,0.0,0.0,0.0,0.0,0.0,0.0,0.0,0.0,0.0,0.0,0.0,0.0,0.0,0.0,0.0,0.0,0.0,0.0,0.0,0.0,0.0,0.0,-0.003768793942671711,-0.0020301739000070373,-0.003768793942671822,-0.002005207808565501,-0.003768793942671933,-0.0013333625360928414
2022-01-27 00:00:00+00:00,0.0,0.0,0.0,0.0,0.0,0.0,0.0,0.0,0.0,0.0,0.0,0.0,0.0,0.0,0.0,0.0,0.0,0.0,0.0,0.0,0.0,0.0,0.0,0.0,0.0,0.0,0.0,0.0,0.0,0.0,0.0,0.0,0.0,0.009439035108791849,-0.018388139128188374,0.009439035108791627,-0.018459598474119265,0.009439035108791627,-0.017634981941067274
2022-01-28 00:00:00+00:00,0.0,0.0,0.0,0.0,0.0,0.0,0.0,0.0,0.0,0.0,0.0,0.0,0.0,0.0,0.0,0.0,0.0,0.0,0.0,0.0,0.0,0.0,0.0,0.0,0.0,0.0,0.0,0.0,0.0,0.0,0.0,0.0,0.0,0.014884492114066727,0.023741639823535055,0.014884492114066727,0.023850850675100288,0.014884492114066727,0.023576258788961413
2022-01-29 00:00:00+00:00,0.0,0.0,0.0,0.0,0.0,0.0,0.0,0.0,0.0,0.0,0.0,0.0,0.0,0.0,0.0,0.0,0.0,0.0,0.0,0.0,0.0,0.0,0.0,0.0,0.0,0.0,0.0,0.0,0.0,0.0,0.0,0.0,0.0,0.011901891531692854,0.02636212928475712,0.011901891531692854,0.026486970838433654,0.011901891531692854,0.026162451688664934
2022-01-30 00:00:00+00:00,0.0,0.0,0.0,0.0,0.0,0.0,0.0,0.0,0.0,0.0,0.0,0.0,0.0,0.0,0.0,0.0,0.0,0.0,0.0,0.0,0.0,0.0,0.0,0.0,0.0,0.0,0.0,0.0,0.0,0.0,0.0,0.0,0.0,-0.007586846150019144,-0.016134977975113984,-0.007586846150019255,-0.01602028064384431,-0.007586846150019255,-0.015578209830007128
2022-01-31 00:00:00+00:00,0.0,0.0,0.0,0.0,0.0,0.0,0.0,0.0,0.0,0.0,0.0,0.0,0.0,0.0,0.0,0.0,0.0,0.0,0.0,0.0,0.0,0.0,0.0,0.0,0.0,0.0,0.0,0.0,0.0,0.0,0.0,0.0,0.0,0.015582030719222262,0.024156242092978397,0.015582030719222484,0.02429912416808988,0.015582030719222706,0.024096956133657255
2022-02-01 00:00:00+00:00,0.0,0.0,0.0,0.0,0.0,0.0,0.0,0.0,0.0,0.0,0.0,0.0,0.0,0.0,0.0,0.0,0.0,0.0,0.0,0.0,0.0,0.0,0.0,0.0,0.0,0.0,0.0,0.0,0.0,0.0,0.0,0.0,0.0,0.005844082123187766,0.024571708735412257,0.005844082123187766,0.020764441836063963,0.005844082123187766,0.014828939796747154
2022-02-02 00:00:00+00:00,0.0,0.0,0.0,0.0,0.0,0.0,0.0,0.0,0.0,0.0,0.0,0.0,0.0,0.0,0.0,0.0,0.0,0.0,0.0,0.0,0.0,0.0,0.0,0.0,0.0,0.0,0.0,0.0,0.0,0.0,0.0,0.0,0.0,-0.04632320579550819,-0.06049428067428475,-0.046323205795508304,-0.060399945006841316,-0.046323205795508415,-0.06142343716693055
2022-02-03 00:00:00+00:00,0.0,0.0,0.0,0.0,0.0,0.0,0.0,0.0,0.0,0.0,0.0,0.0,0.0,0.0,0.0,0.0,0.0,0.0,0.0,0.0,0.0,0.0,0.0,0.0,0.0,0.0,0.0,0.0,0.0,0.0,0.0,0.0,0.0,0.011009823312539968,0.01753397228402065,0.011009823312539968,0.017567862345046814,0.011009823312539968,0.019234780339446367
2022-02-04 00:00:00+00:00,0.0,0.0,0.0,0.0,0.0,0.0,0.0,0.0,0.0,0.0,0.0,0.0,0.0,0.0,0.0,0.0,0.0,0.0,0.0,0.0,0.0,0.0,0.0,0.0,0.0,0.0,0.0,0.0,0.0,0.0,0.0,0.0,0.0,0.11478007849469773,0.07247949696291656,0.11478007849469773,0.07252363896885661,0.11478007849469773,0.07267178083688308
2022-02-05 00:00:00+00:00,0.0,0.0,0.0,0.0,0.0,0.0,0.0,0.0,0.0,0.0,0.0,0.0,0.0,0.0,0.0,0.0,0.0,0.0,0.0,0.0,0.0,0.0,0.0,0.0,0.0,0.0,0.0,0.0,0.0,0.0,0.0,0.0,0.0,-0.005041254712284005,0.021969403437170465,-0.0050412547122838935,0.02194528475823354,-0.005041254712284005,0.022796917561728414
2022-02-06 00:00:00+00:00,0.0,0.0,0.0,0.0,0.0,0.0,0.0,0.0,0.0,0.0,0.0,0.0,0.0,0.0,0.0,0.0,0.0,0.0,0.0,0.0,0.0,0.0,0.0,0.0,0.0,0.0,0.0,0.0,0.0,0.0,0.0,0.0,0.0,0.024400764644721518,0.04133452888863576,0.02440076464472174,0.041346115232383074,0.02440076464472174,0.04117708631544681
2022-02-07 00:00:00+00:00,0.0,0.0,0.0,0.0,0.0,0.0,0.0,0.0,0.0,0.0,0.0,0.0,0.0,0.0,0.0,0.0,0.0,0.0,0.0,0.0,0.0,0.0,0.0,0.0,0.0,0.0,0.0,0.0,0.0,0.0,0.0,0.0,0.0,0.03425449768431843,0.045291518885032245,0.03425449768431843,0.045373658703135256,0.03425449768431843,0.045307445219989306
2022-02-08 00:00:00+00:00,0.0,0.0,0.0,0.0,0.0,0.0,0.0,0.0,0.0,0.0,0.0,0.0,0.0,0.0,0.0,0.0,0.0,0.0,0.0,0.0,0.0,0.0,0.0,0.0,0.0,0.0,0.0,0.0,0.0,0.0,0.0,0.0,0.0,0.004958503987068541,-0.014273815940960999,0.004958503987068541,-0.014266146030069482,0.004958503987068541,-0.013998462122614352
2022-02-09 00:00:00+00:00,0.0,0.0,0.0,0.0,0.0,0.0,0.0,0.0,0.0,0.0,0.0,0.0,0.0,0.0,0.0,0.0,0.0,0.0,0.0,0.0,0.0,0.0,0.0,0.0,0.0,0.0,0.0,0.0,0.0,0.0,0.0,0.0,0.0,0.0075026783128002705,0.019062135679631442,0.0075026783128002705,0.019068912791487813,0.0075026783128002705,0.019612864878799652
2022-02-10 00:00:00+00:00,0.0,0.0,0.0,0.0,0.0,0.0,0.0,0.0,0.0,0.0,0.0,0.0,0.0,0.0,0.0,0.0,0.0,0.0,0.0,0.0,0.0,0.0,0.0,0.0,0.0,0.0,0.0,0.0,0.0,0.0,0.0,0.0,0.0,-0.02000704695455624,-0.05623736451916184,-0.02000704695455613,-0.05623343041632689,-0.02000704695455613,-0.05648794632372289
2022-02-11 00:00:00+00:00,0.0,0.0,0.0,0.0,0.0,0.0,0.0,0.0,0.0,0.0,0.0,0.0,0.0,0.0,0.0,0.0,0.0,0.0,0.0,0.0,0.0,0.0,0.0,0.0,0.0,0.0,0.0,0.0,0.0,0.0,0.0,0.0,0.0,-0.026218700685149643,-0.059676451780560136,-0.026218700685149754,-0.05971440832939656,-0.026218700685149754,-0.05945445530425497
2022-02-12 00:00:00+00:00,0.0,0.0,0.0,0.0,0.0,0.0,0.0,0.0,0.0,0.0,0.0,0.0,0.0,0.0,0.0,0.0,0.0,0.0,0.0,0.0,0.0,0.0,0.0,0.0,0.0,0.0,0.0,0.0,0.0,0.0,0.0,0.0,0.0,-0.003338329424460107,-0.0026021986070309255,-0.003338329424460218,-0.002607301529209849,-0.003338329424460218,-0.0025167270373371853
2022-02-13 00:00:00+00:00,0.0,0.0,0.0,0.0,0.0,0.0,0.0,0.0,0.0,0.0,0.0,0.0,0.0,0.0,0.0,0.0,0.0,0.0,0.0,0.0,0.0,0.0,0.0,0.0,0.0,0.0,0.0,0.0,0.0,0.0,0.0,0.0,0.0,-0.004023674297792379,-0.022986831185245138,-0.004023674297792268,-0.022968202016284134,-0.004023674297792268,-0.02318273269524862
2022-02-14 00:00:00+00:00,0.0,0.0,0.0,0.0,0.0,0.0,0.0,0.0,0.0,0.0,0.0,0.0,0.0,0.0,0.0,0.0,0.0,0.0,0.0,0.0,0.0,0.0,0.0,0.0,0.0,0.0,0.0,0.0,0.0,0.0,0.0,0.0,0.0,0.011258945040747426,0.005871465697788736,0.011258945040747426,0.005900687732361076,0.011258945040747426,0.005313900822543127
2022-02-15 00:00:00+00:00,0.0,0.0,0.0,0.0,0.0,0.0,0.0,0.0,0.0,0.0,0.0,0.0,0.0,0.0,0.0,0.0,0.0,0.0,0.0,0.0,0.0,0.0,0.0,0.0,0.0,0.0,0.0,0.0,0.0,0.0,0.0,0.0,0.0,0.04782307148677356,0.08240357232396689,0.04782307148677356,0.0824305587666776,0.04782307148677356,0.0830836491103426
2022-02-16 00:00:00+00:00,0.0,0.0,0.0,0.0,0.0,0.0,0.0,0.0,0.0,0.0,0.0,0.0,0.0,0.0,0.0,0.0,0.0,0.0,0.0,0.0,0.0,0.0,0.0,0.0,0.0,0.0,0.0,0.0,0.0,0.0,0.0,0.0,0.0,-0.01543081389715295,-0.009791889791409325,-0.01543081389715295,-0.00983597734748809,-0.01543081389715295,-0.010060933670347882
2022-02-17 00:00:00+00:00,0.0,0.0,0.0,0.0,0.0,0.0,0.0,0.0,0.0,0.0,0.0,0.0,0.0,0.0,0.0,0.0,0.0,0.0,0.0,0.0,0.0,0.0,0.0,0.0,0.0,0.0,0.0,0.0,0.0,0.0,0.0,0.0,0.0,-0.07651867295917858,-0.08033438045437102,-0.07651867295917858,-0.08038043452936527,-0.07651867295917858,-0.08024194297736442
2022-02-18 00:00:00+00:00,0.0,0.0,0.0,0.0,0.0,0.0,0.0,0.0,0.0,0.0,0.0,0.0,0.0,0.0,0.0,0.0,0.0,0.0,0.0,0.0,0.0,0.0,0.0,0.0,0.0,0.0,0.0,0.0,0.0,0.0,0.0,0.0,0.0,-0.0136461426464346,-0.026032063008374684,-0.01364614264643449,-0.02601011660545227,-0.01364614264643449,-0.025946462022609307
2022-02-19 00:00:00+00:00,0.0,0.0,0.0,0.0,0.0,0.0,0.0,0.0,0.0,0.0,0.0,0.0,0.0,0.0,0.0,0.0,0.0,0.0,0.0,0.0,0.0,0.0,0.0,0.0,0.0,0.0,0.0,0.0,0.0,0.0,0.0,0.0,0.0,0.0029607168546272877,0.003043438281234323,0.0029607168546272877,0.0030926486992621793,0.0029607168546272877,0.00317372407617178
2022-02-20 00:00:00+00:00,0.0,0.0,0.0,0.0,0.0,0.0,0.0,0.0,0.0,0.0,0.0,0.0,0.0,0.0,0.0,0.0,0.0,0.0,0.0,0.0,0.0,0.0,0.0,0.0,0.0,0.0,0.0,0.0,0.0,0.0,0.0,0.0,0.0,-0.042713893642053136,-0.060955805301084465,-0.04271389364205336,-0.06091838678645023,-0.04271389364205325,-0.06160006686758068
2022-02-21 00:00:00+00:00,0.0,0.0,0.0,0.0,0.0,0.0,0.0,0.0,0.0,0.0,0.0,0.0,0.0,0.0,0.0,0.0,0.0,0.0,0.0,0.0,0.0,0.0,0.0,0.0,0.0,0.0,0.0,0.0,0.0,0.0,0.0,0.0,0.0,-0.03558386341097963,-0.06467389232553866,-0.035583863410979855,-0.06468539731545053,-0.035583863410979744,-0.0645879328564477
2022-02-22 00:00:00+00:00,0.0,0.0,0.0,0.0,0.0,0.0,0.0,0.0,0.0,0.0,0.0,0.0,0.0,0.0,0.0,0.0,0.0,0.0,0.0,0.0,0.0,0.0,0.0,0.0,0.0,0.0,0.0,0.0,0.0,0.0,0.0,0.0,0.0,0.03318153580206906,0.04204261386748209,0.03318153580206906,0.042051095474260114,0.03318153580206906,0.042676641717823705
2022-02-23 00:00:00+00:00,0.0,0.0,0.0,0.0,0.0,0.0,0.0,0.0,0.0,0.0,0.0,0.0,0.0,0.0,0.0,0.0,0.0,0.0,0.0,0.0,0.0,0.0,0.0,0.0,0.0,0.0,0.0,0.0,0.0,0.0,0.0,0.0,0.0,-0.02570593346976391,-0.030824949858749395,-0.02570593346976402,-0.030814545653158776,-0.02570593346976391,-0.03151700528976542
2022-02-24 00:00:00+00:00,0.0,0.0,0.0,0.0,0.0,0.0,0.0,0.0,0.0,0.0,0.0,0.0,0.0,0.0,0.0,0.0,0.0,0.0,0.0,0.0,0.0,0.0,0.0,0.0,0.0,0.0,0.0,0.0,0.0,0.0,0.0,0.0,0.0,0.028955256480124092,-0.006188192109717328,0.028955256480124092,-0.006118034149529494,0.02895525648012387,-0.00638621054220867
2022-02-25 00:00:00+00:00,0.0,0.0,0.0,0.0,0.0,0.0,0.0,0.0,0.0,0.0,0.0,0.0,0.0,0.0,0.0,0.0,0.0,0.0,0.0,0.0,0.0,0.0,0.0,0.0,0.0,0.0,0.0,0.0,0.0,0.0,0.0,0.0,0.0,0.02323970657647334,0.05812787085219506,0.02323970657647334,0.05813425425996299,0.02323970657647334,0.058143138157108476
2022-02-26 00:00:00+00:00,0.0,0.0,0.0,0.0,0.0,0.0,0.0,0.0,0.0,0.0,0.0,0.0,0.0,0.0,0.0,0.0,0.0,0.0,0.0,0.0,0.0,0.0,0.0,0.0,0.0,0.0,0.0,0.0,0.0,0.0,0.0,0.0,0.0,-0.002565848626144618,0.0030112288774541973,-0.002565848626144396,0.003037563424412193,-0.002565848626144507,0.0028662050182828303
2022-02-27 00:00:00+00:00,0.0,0.0,0.0,0.0,0.0,0.0,0.0,0.0,0.0,0.0,0.0,0.0,0.0,0.0,0.0,0.0,0.0,0.0,0.0,0.0,0.0,0.0,0.0,0.0,0.0,0.0,0.0,0.0,0.0,0.0,0.0,0.0,0.0,-0.03630045633632972,-0.0505837135164261,-0.03630045633632972,-0.05056394307557921,-0.03630045633632972,-0.050914863617397166
2022-02-28 00:00:00+00:00,0.0,0.0,0.0,0.0,0.0,0.0,0.0,0.0,0.0,0.0,0.0,0.0,0.0,0.0,0.0,0.0,0.0,0.0,0.0,0.0,0.0,0.0,0.0,0.0,0.0,0.0,0.0,0.0,0.0,0.0,0.0,0.0,0.0,0.14517507717988787,0.12297549135476582,0.14517507717988787,0.12292571289747944,0.14517507717988765,0.12279039374229339
2022-03-01 00:00:00+00:00,0.0,0.0,0.0,0.0,0.0,0.0,0.0,0.0,0.0,0.0,0.0,0.0,0.0,0.0,0.0,0.0,0.0,0.0,0.0,0.0,0.0,0.0,0.0,0.0,0.0,0.0,0.0,0.0,0.0,0.0,0.0,0.0,0.0,0.02887736018110476,-0.0002940920301744976,0.02887736018110476,-0.0034393536048266116,0.02887736018110476,0.013197030960683032
2022-03-02 00:00:00+00:00,0.0,0.0,0.0,0.0,0.0,0.0,0.0,0.0,0.0,0.0,0.0,0.0,0.0,0.0,0.0,0.0,0.0,0.0,0.0,0.0,0.0,0.0,0.0,0.0,0.0,0.0,0.0,0.0,0.0,0.0,0.0,0.0,0.0,-0.01187242559903856,-0.00930181888044379,-0.011872425599038672,-0.009347982453919434,-0.01187242559903856,-0.014014230545840167
2022-03-03 00:00:00+00:00,0.0,0.0,0.0,0.0,0.0,0.0,0.0,0.0,0.0,0.0,0.0,0.0,0.0,0.0,0.0,0.0,0.0,0.0,0.0,0.0,0.0,0.0,0.0,0.0,0.0,0.0,0.0,0.0,0.0,0.0,0.0,0.0,0.0,-0.03297319159033629,-0.02248792107179365,-0.032973191590336404,-0.022582962063071643,-0.032973191590336515,-0.023746709393634324
2022-03-04 00:00:00+00:00,0.0,0.0,0.0,0.0,0.0,0.0,0.0,0.0,0.0,0.0,0.0,0.0,0.0,0.0,0.0,0.0,0.0,0.0,0.0,0.0,0.0,0.0,0.0,0.0,0.0,0.0,0.0,0.0,0.0,0.0,0.0,0.0,0.0,-0.0776626827029977,-0.07309549068489107,-0.0776626827029977,-0.07343435445260105,-0.07766268270299781,-0.0737001719315149
2022-03-05 00:00:00+00:00,0.0,0.0,0.0,0.0,0.0,0.0,0.0,0.0,0.0,0.0,0.0,0.0,0.0,0.0,0.0,0.0,0.0,0.0,0.0,0.0,0.0,0.0,0.0,0.0,0.0,0.0,0.0,0.0,0.0,0.0,0.0,0.0,0.0,0.006023513455756024,0.017988233258902753,0.006023513455756246,0.018078930573311114,0.006023513455756024,0.01848959672154571
2022-03-06 00:00:00+00:00,0.0,0.0,0.0,0.0,0.0,0.0,0.0,0.0,0.0,0.0,0.0,0.0,0.0,0.0,0.0,0.0,0.0,0.0,0.0,0.0,0.0,0.0,0.0,0.0,0.0,0.0,0.0,0.0,0.0,0.0,0.0,0.0,0.0,-0.02522813948276792,-0.05872906402131095,-0.02522813948276814,-0.05900630357757175,-0.02522813948276792,-0.05914899805442797
2022-03-07 00:00:00+00:00,0.0,0.0,0.0,0.0,0.0,0.0,0.0,0.0,0.0,0.0,0.0,0.0,0.0,0.0,0.0,0.0,0.0,0.0,0.0,0.0,0.0,0.0,0.0,0.0,0.0,0.0,0.0,0.0,0.0,0.0,0.0,0.0,0.0,-0.01078879140437572,-0.011353777575944801,-0.01078879140437583,-0.011425500872590422,-0.010788791404375608,-0.012190753825186307
2022-03-08 00:00:00+00:00,0.0,0.0,0.0,0.0,0.0,0.0,0.0,0.0,0.0,0.0,0.0,0.0,0.0,0.0,0.0,0.0,0.0,0.0,0.0,0.0,0.0,0.0,0.0,0.0,0.0,0.0,0.0,0.0,0.0,0.0,0.0,0.0,0.0,0.019881560246354457,0.022809810581019718,0.01988156024635468,0.0229283532539708,0.01988156024635468,0.021758210089367624
2022-03-09 00:00:00+00:00,0.0,0.0,0.0,0.0,0.0,0.0,0.0,0.0,0.0,0.0,0.0,0.0,0.0,0.0,0.0,0.0,0.0,0.0,0.0,0.0,0.0,0.0,0.0,0.0,0.0,0.0,0.0,0.0,0.0,0.0,0.0,0.0,0.0,0.08270041998091315,0.054798491951836725,0.08270041998091338,0.055085026250601965,0.08270041998091338,0.05628220141407847
2022-03-10 00:00:00+00:00,0.0,0.0,0.0,0.0,0.0,0.0,0.0,0.0,0.0,0.0,0.0,0.0,0.0,0.0,0.0,0.0,0.0,0.0,0.0,0.0,0.0,0.0,0.0,0.0,0.0,0.0,0.0,0.0,0.0,0.0,0.0,0.0,0.0,-0.060072026556723945,-0.03170924234946115,-0.060072026556724056,-0.031883488634866564,-0.060072026556723945,-0.03344082251364455
2022-03-11 00:00:00+00:00,0.0,0.0,0.0,0.0,0.0,0.0,0.0,0.0,0.0,0.0,0.0,0.0,0.0,0.0,0.0,0.0,0.0,0.0,0.0,0.0,0.0,0.0,0.0,0.0,0.0,0.0,0.0,0.0,0.0,0.0,0.0,0.0,0.0,-0.017793659282882457,-0.024943660283412217,-0.017793659282882457,-0.02506082900791229,-0.01779365928288268,-0.02553626344973403
2022-03-12 00:00:00+00:00,0.0,0.0,0.0,0.0,0.0,0.0,0.0,0.0,0.0,0.0,0.0,0.0,0.0,0.0,0.0,0.0,0.0,0.0,0.0,0.0,0.0,0.0,0.0,0.0,0.0,0.0,0.0,0.0,0.0,0.0,0.0,0.0,0.0,0.002090775492331387,0.0047204575059283105,0.002090775492331165,0.004746251091247933,0.002090775492331165,0.0049765179948835225
2022-03-13 00:00:00+00:00,0.0,0.0,0.0,0.0,0.0,0.0,0.0,0.0,0.0,0.0,0.0,0.0,0.0,0.0,0.0,0.0,0.0,0.0,0.0,0.0,0.0,0.0,0.0,0.0,0.0,0.0,0.0,0.0,0.0,0.0,0.0,0.0,0.0,-0.02628009879159099,-0.024732100240575816,-0.0262800987915911,-0.024865924528120642,-0.02628009879159099,-0.025321212355388534
2022-03-14 00:00:00+00:00,0.0,0.0,0.0,0.0,0.0,0.0,0.0,0.0,0.0,0.0,0.0,0.0,0.0,0.0,0.0,0.0,0.0,0.0,0.0,0.0,0.0,0.0,0.0,0.0,0.0,0.0,0.0,0.0,0.0,0.0,0.0,0.0,0.0,0.0497753420539937,0.03485628232775628,0.04977534205399348,0.03503110858709779,0.0497753420539937,0.0368767852598455
2022-03-15 00:00:00+00:00,0.0,0.0,0.0,0.0,0.0,0.0,0.0,0.0,0.0,0.0,0.0,0.0,0.0,0.0,0.0,0.0,0.0,0.0,0.0,0.0,0.0,0.0,0.0,0.0,0.0,0.0,0.0,0.0,0.0,0.0,0.0,0.0,0.0,-0.00947896326501596,-0.010555425106411498,-0.00947896326501596,-0.010586229555289317,-0.009478963265016072,-0.009252020059163812
2022-03-16 00:00:00+00:00,0.0,0.0,0.0,0.0,0.0,0.0,0.0,0.0,0.0,0.0,0.0,0.0,0.0,0.0,0.0,0.0,0.0,0.0,0.0,0.0,0.0,0.0,0.0,0.0,0.0,0.0,0.0,0.0,0.0,0.0,0.0,0.0,0.0,0.046563828785615824,0.05884655869245492,0.046563828785615824,0.05914969833203698,0.046563828785615824,0.0603495315842586
2022-03-17 00:00:00+00:00,0.0,0.0,0.0,0.0,0.0,0.0,0.0,0.0,0.0,0.0,0.0,0.0,0.0,0.0,0.0,0.0,0.0,0.0,0.0,0.0,0.0,0.0,0.0,0.0,0.0,0.0,0.0,0.0,0.0,0.0,0.0,0.0,0.0,-0.004319201750049961,-0.003864748372167992,-0.004319201750050072,-0.0038835933563694525,-0.004319201750049961,-0.0035882276577563488
2022-03-18 00:00:00+00:00,0.0,0.0,0.0,0.0,0.0,0.0,0.0,0.0,0.0,0.0,0.0,0.0,0.0,0.0,0.0,0.0,0.0,0.0,0.0,0.0,0.0,0.0,0.0,0.0,0.0,0.0,0.0,0.0,0.0,0.0,0.0,0.0,0.0,0.02013781085524835,0.054984549728143595,0.02013781085524835,0.05521493063572458,0.02013781085524835,0.056344108144477545
2022-03-19 00:00:00+00:00,0.0,0.0,0.0,0.0,0.0,0.0,0.0,0.0,0.0,0.0,0.0,0.0,0.0,0.0,0.0,0.0,0.0,0.0,0.0,0.0,0.0,0.0,0.0,0.0,0.0,0.0,0.0,0.0,0.0,0.0,0.0,0.0,0.0,0.010946264965297381,0.03638769077491455,0.010946264965297381,0.03654842153267723,0.010946264965297381,0.03546211341110128
2022-03-20 00:00:00+00:00,0.0,0.0,0.0,0.0,0.0,0.0,0.0,0.0,0.0,0.0,0.0,0.0,0.0,0.0,0.0,0.0,0.0,0.0,0.0,0.0,0.0,0.0,0.0,0.0,0.0,0.0,0.0,0.0,0.0,0.0,0.0,0.0,0.0,-0.022376732857772752,-0.028571876800990048,-0.022376732857772863,-0.028701677967171046,-0.022376732857772863,-0.029651062289892782
2022-03-21 00:00:00+00:00,-0.0026150700700748875,-0.004055070070074773,0.0,-0.005436434181713801,-0.012636434181713785,0.0,0.0,0.0,0.0,0.0,0.0,0.0,-0.0026150700700748875,-0.004055070070074884,0.0,0.0,0.0,0.0,0.0,0.0,0.0,0.0,0.0,0.0,0.0,0.0,0.0,0.0,0.0,0.0,0.0,0.0,0.0,-0.006528167055971701,0.019700204932106224,-0.006528167055971701,0.019784331983084158,-0.006528167055971701,0.0205698063413422
2022-03-22 00:00:00+00:00,0.005947142681380857,0.005955741435391904,0.004530612686718172,0.014077532214858746,0.01418018764539708,0.007019392847216421,0.0,0.0,0.0,0.0,0.0,0.0,0.005947142681380635,0.005955741435392126,0.004530612686718172,0.0,0.0,0.0,0.0,0.0,0.0,0.0,0.0,0.0,0.0,0.0,0.0,0.0,0.0,0.0,0.0,0.0,0.0,0.03316981859786905,0.04073014350253468,0.03316981859786905,0.040901104725203696,0.03316981859786905,0.042144473081445755
2022-03-23 00:00:00+00:00,0.0022658510733710724,0.0022691077876260124,0.002277984141148659,0.027029023579599576,0.027223367354376915,0.02704963703603913,0.0,0.0,0.0,0.0,0.0,0.0,0.0022658510733710724,0.0022691077876260124,0.002277984141148881,0.0,0.0,0.0,0.0,0.0,0.0,0.0,0.0,0.0,0.0,0.0,0.0,0.0,0.0,0.0,0.0,0.0,0.0,0.012304658095920074,0.03396799740782175,0.012304658095919851,0.034107992409276866,0.012304658095919851,0.0349548906556838
2022-03-24 00:00:00+00:00,0.004823552449380042,0.004830469659272918,0.004849322666422129,0.029249756910422198,0.02945449452907445,0.029258090250199986,0.0,0.0,0.0,0.0,0.0,0.0,0.004823552449380042,0.004830469659272918,0.004849322666422129,0.0,0.0,0.0,0.0,0.0,0.0,0.0,0.0,0.0,0.0,0.0,0.0,0.0,0.0,0.0,0.0,0.0,0.0,0.025934441048669044,0.022144083816388216,0.025934441048669044,0.02225270123450729,0.025934441048669044,0.02240370994045704
2022-03-25 00:00:00+00:00,0.0013787907555613543,0.0013807585037253212,0.0013861215069252975,-0.018572946511594024,-0.018699230718313697,-0.01851035942737511,0.0,0.0,0.0,0.0,0.0,0.0,0.0013787907555613543,0.0013807585037250991,0.0013861215069252975,0.0,0.0,0.0,0.0,0.0,0.0,0.0,0.0,0.0,0.0,0.0,0.0,0.0,0.0,0.0,0.0,0.0,0.0,0.007260699227420231,-0.017201924905349775,0.007260699227420231,-0.01728055909871906,0.007260699227420231,-0.01801474648717505
2022-03-26 00:00:00+00:00,0.0008943595462989062,0.0008956341760690822,0.0008991080929152684,0.01672599012168008,0.016841883314877792,0.01668394992913469,0.0,0.0,0.0,0.0,0.0,0.0,0.0008943595462989062,0.0008956341760693043,0.0008991080929152684,0.0,0.0,0.0,0.0,0.0,0.0,0.0,0.0,0.0,0.0,0.0,0.0,0.0,0.0,0.0,0.0,0.0,0.0,0.004682186734819238,0.012154030797008497,0.004682186734819016,0.012218005817322242,0.004682186734819238,0.011808358918089512
2022-03-27 00:00:00+00:00,0.009946773055547808,0.009960936383947017,0.009999537390164459,0.044661956258109425,0.04496629021223453,0.0446655903446902,0.0,0.0,0.0,0.0,0.0,0.0,0.009946773055547586,0.009960936383947017,0.009999537390164015,0.0,0.0,0.0,0.0,0.0,0.0,0.0,0.0,0.0,0.0,0.0,0.0,0.0,0.0,0.0,0.0,0.0,0.0,0.05187741555682601,0.04686693773442929,0.05187741555682579,0.047069966302581756,0.05187741555682601,0.04821065864171614
2022-03-28 00:00:00+00:00,0.001257043576297745,0.001258815842162031,0.0012636457571211235,-0.0049426819795499455,-0.00815075932998477,0.007116450405409314,-0.00030694154387578276,-0.0017469415438758906,0.0,-0.009010551649441867,-0.016210551649442184,0.0,0.001257043576297745,0.001258815842161809,0.0012636457571213455,0.0,0.0,0.0,0.0,0.0,0.0,0.0,0.0,0.0,0.0,0.0,0.0,0.0,0.0,0.0,0.0,0.0,0.0,0.0062947692006896094,-0.010720905519829071,0.0062947692006896094,-0.010770146468950914,0.0062947692006896094,-0.010248484029687921
2022-03-29 00:00:00+00:00,0.0013165975543265596,0.0013184514497426303,0.0010075918681133889,0.024423713849189843,0.024502713493376627,0.021262897741133546,0.0011885950985357496,0.001190309670735079,-0.000266888373620211,0.024523571394670318,-0.014677861926129077,0.01730666935864278,0.0013165975543265596,0.0013184514497426303,0.0010075918681133889,0.0,0.0,0.0,0.0,0.0,0.0,0.0,0.0,0.0,0.0,0.0,0.0,0.0,0.0,0.0,0.0,0.0,0.0,0.006559985678202818,0.039029881231693375,0.006559985678202596,0.039182104188810074,0.006559985678202596,0.040997776430857114
2022-03-30 00:00:00+00:00,-0.001599250320729273,-0.0016014992531950822,-0.0014346902144207752,0.018279363676507066,0.01833707504763682,0.018461994529922032,-0.0014439523393702247,-0.001446032793112062,-0.0014365068919804935,0.01835231082204869,0.0,0.018534272335054336,-0.001599250320729273,-0.0016014992531953043,-0.0014346902144209972,0.0,0.0,0.0,0.0,0.0,0.0,0.0,0.0,0.0,0.0,0.0,0.0,0.0,0.0,0.0,0.0,0.0,0.0,-0.007926802670112032,0.009035068083568243,-0.007926802670112143,0.009063357968173591,-0.007926802670112032,0.008991980783597642
2022-03-31 00:00:00+00:00,-0.006598617260154982,-0.006607911395359878,-0.005918655363086223,-0.011427206271071522,-0.01146263445008111,-0.011344396701920445,-0.005956920485348127,-0.0059655156750586524,-0.005926160646268719,-0.01147198680243644,0.0,-0.011388001280722926,-0.006598617260154982,-0.006607911395359545,-0.005918655363086001,0.0,0.0,0.0,0.0,0.0,0.0,0.0,0.0,0.0,0.0,0.0,0.0,0.0,0.0,0.0,0.0,0.0,0.0,-0.03291514109660065,-0.04039593406297781,-0.03291514109660065,-0.04053469042865865,-0.03291514109660065,-0.040815283430548854
2022-04-01 00:00:00+00:00,0.003291646494011813,0.0032963136094008583,0.0029504355891072365,0.03368976170353233,0.033795422434996114,0.03376253382048988,0.0029696249709569855,0.002973935532194938,0.0029541992589945387,0.033823316083018806,0.0,0.033893802115958716,0.003291646494011813,0.003296313609400414,0.0029504355891072365,0.0,0.0,0.0,0.0,0.0,0.0,0.0,0.0,0.0,0.0,0.0,0.0,0.0,0.0,0.0,0.0,0.0,0.0,0.01686615731482166,0.03259965387513297,0.01686615731482166,0.029762442953094492,0.01686615731482166,0.030646373105598368
2022-04-02 00:00:00+00:00,-0.0020083967739044084,-0.0020112350565971715,-0.00180081952191391,-0.007836916823040219,-0.0078606921395038,-0.007860131265277959,-0.001812497220364362,-0.001815120350971977,-0.0018031099384753224,-0.007866967835564065,0.0,-0.007889689512737608,-0.0020083967739045194,-0.0020112350565970605,-0.001800819521914021,0.0,0.0,0.0,0.0,0.0,0.0,0.0,0.0,0.0,0.0,0.0,0.0,0.0,0.0,0.0,0.0,0.0,0.0,-0.010153502415093718,-0.008567076853706612,-0.010153502415093496,-0.008587903936866481,-0.010153502415093718,-0.01135235489942843
2022-04-03 00:00:00+00:00,0.0025510924053013806,0.0025547048954508433,0.0022869493335304636,0.020926926115439448,0.020990916372310542,0.020972895919784573,0.002301806345773816,0.002305143685067179,0.0022898633004413416,0.021007807653956823,0.0,0.021052392293854583,0.0025510924053013806,0.0025547048954508433,0.0022869493335304636,0.0,0.0,0.0,0.0,0.0,0.0,0.0,0.0,0.0,0.0,0.0,0.0,0.0,0.0,0.0,0.0,0.0,0.0,0.013003240281175055,0.025726766275028234,0.013003240281175055,0.02586814388172165,0.013003240281175055,0.026679540557337234
2022-04-04 00:00:00+00:00,0.0007458850425927643,0.0007469385662701722,0.0006688314562832698,-0.005942592889304654,-0.006224983302735576,-0.006904664259594351,0.0006731664963484096,0.0006741402612404634,0.0006696817156504054,-0.005946803176862692,-0.019585716503679573,-0.00693029631642772,-0.011100317981409091,-0.01701057549583962,0.0006688314562832698,-0.0123857165036797,-0.019585716503679462,0.0,-0.012385716503679589,-0.019585716503679684,0.0,-0.0123857165036797,-0.019585716503679462,0.0,-0.0203482647349984,-0.027548264734998384,0.0,0.0,0.0,0.0,0.0,0.0,0.0,0.0037626426689321146,-0.018132833131635162,0.0037626426689321146,-0.018227900632854066,0.0037626426689318926,-0.01844787094370115
2022-04-05 00:00:00+00:00,-0.004652514407231023,-0.00465908093611167,-0.0041722080746279255,-0.032167633919177985,-0.03225230370856724,-0.03259946081806986,-0.004199232105616346,-0.00420530238700223,-0.004177508490577964,-0.032263208064726934,-0.03327300918866527,-0.032699779556514375,-0.032987212262118426,-0.033185548587047364,-0.038718136829554495,-0.03303043911838399,-0.03327300918866527,-0.04018890746286807,-0.03303043911838399,-0.03327300918866494,-0.04018890746286796,-0.03303043911838399,-0.03327300918866527,-0.04018890746286807,-0.052140112669748384,-0.05252615631346702,-0.060203599356121296,0.0,0.0,0.0,0.0,0.0,0.0,-0.023399231235257667,-0.0358859826698924,-0.023399231235257778,-0.036076930605638324,-0.02339923123525789,-0.03644028262374421
2022-04-06 00:00:00+00:00,-0.010030758579291588,-0.010044982196354302,-0.008990886011933208,-0.07336760600387282,-0.0735575401169476,-0.07398632186967613,-0.009049366933228553,-0.009062503664979515,-0.009002356041927229,-0.07358070727674815,-0.07633614475876094,-0.07419713707170195,-0.07565809201185048,-0.07612860205516003,-0.07572881091228667,-0.07576062193187127,-0.07633614475876127,-0.07593462629375003,-0.07576062193187094,-0.07633614475876149,-0.07593462629375014,-0.07576062193187127,-0.07633614475876127,-0.07593462629375003,-0.10533622936504172,-0.1061593717778756,-0.10582948876622433,0.0,0.0,0.0,0.0,0.0,0.0,-0.05141683056266699,-0.08930805010610321,-0.05141683056266688,-0.0897992993308866,-0.05141683056266688,-0.09114668100521173
2022-04-07 00:00:00+00:00,0.0012362577529099195,0.0012380285542437086,0.0011069341715477243,0.028186718707266856,0.028262785581808725,0.028505255668961338,0.001114199938924143,0.0011158321863851128,0.0011083591596374731,-0.007111809854818962,0.029112164425765474,0.028589580095373712,0.028832411196244134,0.029026492166362994,0.029011913520011978,0.02887468698593665,0.029112164425765696,0.029074872765098014,0.028874686985936426,0.029112164425765474,0.029074872765098014,0.02887468698593665,0.029112164425765696,0.029074872765098014,-0.007014762813682851,-0.014245323015992906,0.028378156694767842,0.0,0.0,0.0,0.0,0.0,0.0,0.0066134311865397866,0.03758428998631547,0.0066134311865397866,0.03778931659535023,0.0066134311865397866,0.038356861193729275
2022-04-08 00:00:00+00:00,-0.005147568348229492,-0.005154932548616875,-0.0046096822164283235,-0.03676912324709192,-0.036861043879576116,-0.03724214029500217,-0.004639905876780759,-0.004646695531863698,-0.004615609822567701,0.0,-0.03844255451671674,-0.007227473897263081,-0.03808349353421403,-0.038332615611421095,-0.038176426107389694,-0.038137766688636,-0.038442554516716854,-0.038289099949475935,-0.03813776668863578,-0.03844255451671641,-0.038289099949476046,-0.038137766688636,-0.038442554516716854,-0.038289099949475935,0.0,0.0,-0.007735463931042186,0.0,0.0,0.0,0.0,0.0,0.0,-0.02739011023152349,-0.047240357842614045,-0.0273901102315236,-0.04752186668446012,-0.02739011023152349,-0.04838717978996376
2022-04-09 00:00:00+00:00,0.002195088720824634,0.00219824532482793,0.0019646545442055796,0.015534890805470436,0.015577263755667703,0.01566903677133169,0.001977595967578738,0.001980503327819738,0.0019671926149524843,0.0,0.01624951400103658,0.0,0.016091731449406455,0.016201190915319685,0.016100988449590403,0.016115573202516442,0.016249514001036802,0.016151321537793084,0.01611557320251622,0.016249514001036802,0.016151321537793306,0.016115573202516442,0.016249514001036802,0.016151321537793084,0.0,0.0,0.0,0.0,0.0,0.0,0.0,0.0,0.0,0.011947133620210382,0.030124429112737383,0.011947133620210382,0.03028833522171115,0.011947133620210382,0.03092674812450613
2022-04-10 00:00:00+00:00,-0.0026069855785034735,-0.002610726279673181,-0.002333848260633209,-0.01862499705655496,-0.018682738160599954,-0.018723977808443593,-0.0023491912665812853,-0.0023526381007207275,-0.0023368573607741583,0.0,-0.01929178956889943,0.0,-0.01910743317797281,-0.01923533395959709,-0.019150884566985438,-0.019135294046584983,-0.01929178956889943,-0.01920942139821724,-0.019135294046584872,-0.01929178956889932,-0.01920942139821713,-0.019135294046584983,-0.01929178956889943,-0.01920942139821724,0.0,0.0,0.0,0.0,0.0,0.0,0.0,0.0,0.0,-0.01405221277281321,-0.030332951806838704,-0.0140522127728131,-0.03050694319981695,-0.01405221277281321,-0.03128970151123878
2022-04-11 00:00:00+00:00,-0.011439054356817024,-0.011455510945598935,-0.010237765917945119,-0.07413792693847399,-0.0770551974042436,-0.07248998702186749,-0.010305228735236205,-0.010320384665052806,-0.010250996693193737,0.0,-0.0800744628369,0.0,-0.07552833536557968,-0.07879954269336731,-0.07455326668414775,-0.0559454806067351,-0.06753169424536365,-0.07479961574662097,-0.0809005341786222,-0.08398456608263238,-0.0747996157466212,-0.0559454806067351,-0.06753169424536365,-0.07479961574662097,0.0,0.0,0.0,-0.08907306634266376,-0.09627306634266375,0.0,-0.08907306634266354,-0.09627306634266353,0.0,-0.062374721220624374,-0.08864493418452501,-0.062374721220624485,-0.08916943720963388,-0.062374721220624374,-0.09154736123940888
2022-04-12 00:00:00+00:00,0.002421379864126383,0.002424903705907866,0.002164465005872085,-0.007020590276860639,-0.014029362309698867,0.014648710328403425,0.0021788764854677733,0.002182114381775513,0.002167291223444723,0.0,-0.014465656729098275,0.0,-0.0071901548132771165,-0.014419983087258115,0.014961225438445025,-0.004254288461694289,-0.008558163147384779,-0.00715611829079188,-0.007256035316500875,-0.014459821235101256,0.01676435815178312,-0.004254288461694289,-0.008558163147384779,-0.00715611829079188,0.0,0.0,0.0,0.0022220966273789333,0.002239800089698374,-0.003635332458321039,0.0022220966273787113,0.002239800089698374,-0.003635332458321261,0.013920523312121569,0.033387662213453684,0.013920523312121569,0.03361940716277978,0.013920523312121569,0.03406658346137914
2022-04-13 00:00:00+00:00,0.004654316795962288,0.004661073852717745,0.00416154795780832,0.0,0.0,-0.005559162761309078,0.004189196208691959,0.004195407964555864,0.004166970085029531,0.0,0.0,0.0,0.0,0.0,-0.005730955498649104,0.0,0.0,0.0,0.0,0.0,-0.005758819447785113,0.0,0.0,0.0,0.0,0.0,0.0,0.015477613631603493,0.015600648335049705,0.015792178271787805,0.015477613631603493,0.015600648335049927,0.015792178271787582,0.026454221312405712,0.025051546671204683,0.02645422131240549,0.025233676952330697,0.02645422131240549,0.02518465152360605
2022-04-14 00:00:00+00:00,-0.00521007402847995,-0.005217602831681045,-0.004660751256582718,0.0,0.0,0.0,-0.004691586908783463,-0.004698514547193944,-0.004666798602238065,0.0,0.0,0.0,0.0,0.0,0.0,0.0,0.0,0.0,0.0,0.0,0.0,0.0,0.0,0.0,0.0,0.0,0.0,0.04569520396949556,0.04605286471416248,0.044762819993790615,0.04569520396949556,0.046052864714162034,0.04476281999379039,-0.02898411244844057,-0.020335999706955432,-0.02898411244844068,-0.02049279043315,-0.02898411244844057,-0.021336792480162625
2022-04-15 00:00:00+00:00,0.002637125038526422,0.002640955796210598,0.002357778495505336,0.0,0.0,0.0,0.0023734511493092025,0.002376972352533979,0.0023608520674169853,0.0,0.0,0.0,0.0,0.0,0.0,0.0,0.0,0.0,0.0,0.0,0.0,0.0,0.0,0.0,0.0,0.0,0.0,-0.0022678643972577905,-0.0022848337042356004,-0.003139779880793836,-0.0022678643972575685,-0.0022848337042356004,-0.003139779880793614,0.0150297541577733,0.011342677897308251,0.015029754157773079,0.011426580863969082,0.015029754157773079,0.011893314636151064
2022-04-16 00:00:00+00:00,-0.0007313720945469893,-0.0007324317066359498,-0.0006540812238200466,0.0,0.0,0.0,-0.0006584187455658252,-0.0006593932456914198,-0.0006549318680529881,0.0,0.0,0.0,0.0,0.0,0.0,0.0,0.0,0.0,0.0,0.0,0.0,0.0,0.0,0.0,0.0,0.0,0.0,-0.0009403451901051074,-0.000947397441031006,-0.00010394272670899429,-0.0009403451901052184,-0.000947397441031006,-0.00010394272670877225,-0.004117414112043805,0.0038965239821882047,-0.0041174141120436936,0.003928993280350124,-0.004117414112043805,0.004844708699477396
2022-04-17 00:00:00+00:00,-0.003086038554559578,-0.003090512885195129,-0.0027596947905167424,0.0,0.0,0.0,-0.002778007688594819,-0.002782122023319511,-0.0027632861746531567,0.0,0.0,0.0,0.0,0.0,0.0,0.0,0.0,0.0,0.0,0.0,0.0,0.0,0.0,0.0,0.0,0.0,0.0,0.001547456760751409,0.0015590731355592524,0.0033734220000176673,0.001547456760751409,0.0015590731355590304,0.0033734220000172233,-0.017432578316116776,-0.03351386126160283,-0.017432578316116776,-0.033731295294524455,-0.017432578316116776,-0.034898796878575555
2022-04-18 00:00:00+00:00,-0.00140643467356949,-0.0028062605672627416,0.004402355322960627,0.0,0.0,0.0,-0.0012656612714929683,-0.0025254529528796477,0.004408100291301009,0.0,0.0,0.0,0.0,0.0,0.0,0.0,0.0,0.0,0.0,0.0,0.0,0.0,0.0,0.0,0.0,0.0,0.0,0.019402442101137396,0.019547864706162876,0.020217434782704213,0.019402442101137618,0.0195478647061631,0.020217434782704657,0.02822429652193348,0.02856716858753705,0.02822429652193348,0.028748191743592333,0.02822429652193348,0.03021782589091937
2022-04-19 00:00:00+00:00,0.0,0.0,-0.0012491154600378085,0.0,0.0,0.0,0.0,0.0,-0.001250738371861848,0.0,0.0,0.0,0.0,0.0,0.0,0.0,0.0,0.0,0.0,0.0,0.0,0.0,0.0,0.0,0.0,0.0,0.0,0.0036250789862000143,0.0036517282599664025,0.003297990949508778,0.0036250789861997923,0.0036517282599664025,0.003297990949508778,0.017161974513020706,0.031691613982968825,0.017161974513020484,0.03187606408390953,0.017161974513020484,0.03169080726852824
2022-04-20 00:00:00+00:00,0.0,0.0,0.0,0.0,0.0,0.0,0.0,0.0,0.0,0.0,0.0,0.0,0.0,0.0,0.0,0.0,0.0,0.0,0.0,0.0,0.0,0.0,0.0,0.0,0.0,0.0,0.0,-0.017199108853668266,-0.01732508572343816,-0.018375119247602045,-0.017199108853668044,-0.017325085723438383,-0.01837511924760238,-0.0030416455340890325,-0.008056461463231246,-0.0030416455340891435,-0.008111549717813138,-0.0030416455340890325,-0.008474501389064026
2022-04-21 00:00:00+00:00,0.0,0.0,0.0,0.0,0.0,0.0,0.0,0.0,0.0,0.0,0.0,0.0,0.0,0.0,0.0,0.0,0.0,0.0,0.0,0.0,0.0,0.0,0.0,0.0,0.0,0.0,0.0,-0.014518994176354605,-0.014627215173029562,-0.01636529962352451,-0.014518994176354605,-0.014627215173029229,-0.016365299623524177,-0.02167355726925757,-0.032697967473336864,-0.02167355726925768,-0.032906874510798545,-0.02167355726925757,-0.032924591542216386
2022-04-22 00:00:00+00:00,0.0,0.0,0.0,0.0,0.0,0.0,0.0,0.0,0.0,0.0,0.0,0.0,0.0,0.0,0.0,0.0,0.0,0.0,0.0,0.0,0.0,0.0,0.0,0.0,0.0,0.0,0.0,-0.007074723740067679,-0.007128239774048306,-0.0076969944740725715,-0.007074723740067568,-0.007128239774048084,-0.0076969944740726826,-0.01898578610457624,0.004212708329028869,-0.01898578610457624,0.004242041553066178,-0.018985786104576352,0.004310666236581939
2022-04-23 00:00:00+00:00,0.0,0.0,0.0,0.0,0.0,0.0,0.0,0.0,0.0,0.0,0.0,0.0,0.0,0.0,0.0,0.0,0.0,0.0,0.0,0.0,0.0,0.0,0.0,0.0,0.0,0.0,0.0,0.04092502089642669,0.041236816643016594,0.040731035170387564,0.04092502089642669,0.04123681664301615,0.04073103517038801,-0.006204130967144672,-0.0013339301223074251,-0.006204130967144672,-0.0013624320820218028,-0.006204130967144672,-0.0015929804256396007
2022-04-24 00:00:00+00:00,0.0,0.0,0.0,0.0,0.0,0.0,0.0,0.0,0.0,0.0,0.0,0.0,0.0,0.0,0.0,0.0,0.0,0.0,0.0,0.0,0.0,0.0,0.0,0.0,0.0,0.0,0.0,-0.04208087067986088,-0.04238877549305753,-0.04183518299438971,-0.04208087067986099,-0.04238877549305753,-0.04183518299438971,-3.3193237600204206e-05,-0.014655742075095679,-3.319323759998216e-05,-0.01473880745845113,-3.3193237600093184e-05,-0.014756637735216405
2022-04-25 00:00:00+00:00,0.0,0.0,0.0,0.0,0.0,0.0,0.0,0.0,0.0,0.0,0.0,0.0,0.0,0.0,0.0,0.0,0.0,0.0,0.0,0.0,0.0,0.0,0.0,0.0,0.0,0.0,0.0,0.014796788443168563,0.008911488052369076,0.04088768518761876,0.01479678844316834,0.008911488052368854,0.04088768518761876,0.024697095317925744,0.01153233362541406,0.024697095317925966,0.011604538319037072,0.024697095317925744,0.011715554974155218
2022-04-26 00:00:00+00:00,0.0,0.0,0.0,0.0,0.0,0.0,0.0,0.0,0.0,0.0,0.0,0.0,0.0,0.0,0.0,0.0,0.0,0.0,0.0,0.0,0.0,0.0,0.0,0.0,0.0,0.0,0.0,-0.07292073656035103,-0.07343492195123646,-0.07865860175334627,-0.07292073656035059,-0.07343492195123658,-0.07865860175334616,-0.0575035819187415,-0.0727617027336297,-0.05750358191874139,-0.0732144356011758,-0.05750358191874139,-0.07505301583629731
2022-04-27 00:00:00+00:00,0.0,0.0,0.0,0.0,0.0,0.0,0.0,0.0,0.0,0.0,0.0,0.0,0.0,0.0,0.0,0.0,0.0,0.0,0.0,0.0,0.0,0.0,0.0,0.0,0.0,0.0,0.0,0.05148681070512673,0.05185490358862643,0.051135658650335536,0.05148681070512651,0.05185490358862643,0.051135658650335314,0.029839307631719825,0.02993473441591621,0.029839307631719825,0.030138374388335887,0.029839307631719825,0.030980010463407925
2022-04-28 00:00:00+00:00,0.0,0.0,0.0,0.0,0.0,0.0,0.0,0.0,0.0,0.0,0.0,0.0,0.0,0.0,0.0,0.0,0.0,0.0,0.0,0.0,0.0,0.0,0.0,0.0,0.0,0.0,0.0,-0.021140979761119283,-0.02124747370213187,-0.02140579236323048,-0.021140979761119394,-0.02124747370213187,-0.02140579236323048,0.012537479831780773,-0.006060442900333363,0.012537479831780773,-0.006096384744635142,0.012537479831780773,-0.006777690677815529
2022-04-29 00:00:00+00:00,0.0,0.0,0.0,0.0,0.0,0.0,0.0,0.0,0.0,0.0,0.0,0.0,0.0,0.0,0.0,0.0,0.0,0.0,0.0,0.0,0.0,0.0,0.0,0.0,0.0,0.0,0.0,-0.05756239472825064,-0.05797230433174583,-0.05780854847626782,-0.05756239472825042,-0.057972304331745605,-0.057808548476267485,-0.02893877244974108,-0.056568782503822024,-0.02893877244974108,-0.05692360544894293,-0.02893877244974108,-0.05797130171129061
2022-04-30 00:00:00+00:00,0.0,0.0,0.0,0.0,0.0,0.0,0.0,0.0,0.0,0.0,0.0,0.0,0.0,0.0,0.0,0.0,0.0,0.0,0.0,0.0,0.0,0.0,0.0,0.0,0.0,0.0,0.0,-0.06997444155540633,-0.07048048882005531,-0.06898800123547622,-0.06997444155540644,-0.07048048882005531,-0.06898800123547655,-0.02458988782968985,-0.08342572712275731,-0.02458988782968974,-0.08401096467431612,-0.02458988782968974,-0.08611633220045645
2022-05-01 00:00:00+00:00,0.0,0.0,0.0,0.0,0.0,0.0,0.0,0.0,0.0,0.0,0.0,0.0,0.0,0.0,0.0,0.0,0.0,0.0,0.0,0.0,0.0,0.0,0.0,0.0,0.0,0.0,0.0,-0.007088947920495081,-0.014258207287343394,0.01583409202042052,-0.007088947920495192,-0.014258207287343616,0.01583409202042052,0.022020715065574903,0.02718585955915631,0.022020715065574903,0.025555091991845913,0.022020715065574903,0.03508162956617045
2022-05-02 00:00:00+00:00,0.0,0.0,0.0,0.0,0.0,0.0,0.0,0.0,0.0,0.0,0.0,0.0,0.0,0.0,0.0,0.0,0.0,0.0,0.0,0.0,0.0,0.0,0.0,0.0,0.0,0.0,0.0,0.0,0.0,-0.006759808162911107,0.0,0.0,-0.006759808162910885,0.000983545624794413,-0.014826953013478583,0.000983545624794413,-0.014921953170966229,0.000983545624794635,-0.01726368797647393
2022-05-03 00:00:00+00:00,0.0,0.0,0.0,0.0,0.0,0.0,0.0,0.0,0.0,0.0,0.0,0.0,0.0,0.0,0.0,0.0,0.0,0.0,0.0,0.0,0.0,0.0,0.0,0.0,0.0,0.0,0.0,0.0,0.0,0.0,0.0,0.0,0.0,-0.020547434764556227,-0.013754096846104513,-0.020547434764556338,-0.013827114496780979,-0.020547434764556227,-0.014698956481265069
2022-05-04 00:00:00+00:00,0.0,0.0,0.0,0.0,0.0,0.0,0.0,0.0,0.0,0.0,0.0,0.0,0.0,0.0,0.0,0.0,0.0,0.0,0.0,0.0,0.0,0.0,0.0,0.0,0.0,0.0,0.0,0.0,0.0,0.0,0.0,0.0,0.0,0.05169647920351195,0.10091488714480845,0.05169647920351195,0.10170123923022789,0.05169647920351217,0.10328003109793604
2022-05-05 00:00:00+00:00,0.0,0.0,0.0,0.0,0.0,0.0,0.0,0.0,0.0,0.0,0.0,0.0,0.0,0.0,0.0,0.0,0.0,0.0,0.0,0.0,0.0,0.0,0.0,0.0,0.0,0.0,0.0,0.0,0.0,0.0,0.0,0.0,0.0,-0.07896079512855692,-0.09509058935284842,-0.07896079512855703,-0.09574582633613804,-0.07896079512855703,-0.09711245360187448
2022-05-06 00:00:00+00:00,0.0,0.0,0.0,0.0,0.0,0.0,0.0,0.0,0.0,0.0,0.0,0.0,0.0,0.0,0.0,0.0,0.0,0.0,0.0,0.0,0.0,0.0,0.0,0.0,0.0,0.0,0.0,0.0,0.0,0.0,0.0,0.0,0.0,-0.014727995178615338,-0.010408546127005036,-0.014727995178615227,-0.010509284861429657,-0.014727995178615227,-0.010963774432225404
2022-05-07 00:00:00+00:00,0.0,0.0,0.0,0.0,0.0,0.0,0.0,0.0,0.0,0.0,0.0,0.0,0.0,0.0,0.0,0.0,0.0,0.0,0.0,0.0,0.0,0.0,0.0,0.0,0.0,0.0,0.0,0.0,0.0,0.0,0.0,0.0,0.0,-0.015030931328838704,-0.0364684851744459,-0.015030931328838815,-0.036747063912707656,-0.015030931328838704,-0.0379915904103193
2022-05-08 00:00:00+00:00,0.0,0.0,0.0,0.0,0.0,0.0,0.0,0.0,0.0,0.0,0.0,0.0,0.0,0.0,0.0,0.0,0.0,0.0,0.0,0.0,0.0,0.0,0.0,0.0,0.0,0.0,0.0,0.0,0.0,0.0,0.0,0.0,0.0,-0.040331942015906064,-0.02651103989211645,-0.040331942015906064,-0.026735140634863708,-0.040331942015906064,-0.027503015970932743
2022-05-09 00:00:00+00:00,0.0,0.0,0.0,0.0,0.0,0.0,0.0,0.0,0.0,0.0,0.0,0.0,0.0,0.0,0.0,0.0,0.0,0.0,0.0,0.0,0.0,0.0,0.0,0.0,0.0,0.0,0.0,0.0,0.0,0.0,0.0,0.0,0.0,-0.11607060204402797,-0.18178048525078283,-0.11607060204402797,-0.18336737731003527,-0.11607060204402797,-0.1876785393600352
2022-05-10 00:00:00+00:00,0.0,0.0,0.0,0.0,0.0,0.0,0.0,0.0,0.0,0.0,0.0,0.0,0.0,0.0,0.0,0.0,0.0,0.0,0.0,0.0,0.0,0.0,0.0,0.0,0.0,0.0,0.0,0.0,0.0,0.0,0.0,0.0,0.0,0.030723841497532822,0.03777127266711866,0.030723841497532822,0.03820061799577701,0.030723841497532822,0.03908711304371826
2022-05-11 00:00:00+00:00,0.0,0.0,0.0,0.0,0.0,0.0,0.0,0.0,0.0,0.0,0.0,0.0,0.0,0.0,0.0,0.0,0.0,0.0,0.0,0.0,0.0,0.0,0.0,0.0,0.0,0.0,0.0,0.0,0.0,0.0,0.0,0.0,0.0,-0.06548043554061478,-0.22614525280585918,-0.06548043554061478,-0.2283460446451273,-0.06548043554061478,-0.23340679342943105
2022-05-12 00:00:00+00:00,0.0,0.0,0.0,0.0,0.0,0.0,0.0,0.0,0.0,0.0,0.0,0.0,0.0,0.0,0.0,0.0,0.0,0.0,0.0,0.0,0.0,0.0,0.0,0.0,0.0,0.0,0.0,0.0,0.0,0.0,0.0,0.0,0.0,-0.0010489314981118047,-0.04962554691085441,-0.0010489314981116937,-0.05032866897513166,-0.0010489314981118047,-0.05096167997683876
2022-05-13 00:00:00+00:00,0.0,0.0,0.0,0.0,0.0,0.0,0.0,0.0,0.0,0.0,0.0,0.0,0.0,0.0,0.0,0.0,0.0,0.0,0.0,0.0,0.0,0.0,0.0,0.0,0.0,0.0,0.0,0.0,0.0,0.0,0.0,0.0,0.0,0.010028004332810925,0.094488690100615,0.010028004332810925,0.09571411639957073,0.010028004332810925,0.100155715105823
2022-05-14 00:00:00+00:00,0.0,0.0,0.0,0.0,0.0,0.0,0.0,0.0,0.0,0.0,0.0,0.0,0.0,0.0,0.0,0.0,0.0,0.0,0.0,0.0,0.0,0.0,0.0,0.0,0.0,0.0,0.0,0.0,0.0,0.0,0.0,0.0,0.0,0.02769892632024029,0.04550011662017939,0.02769892632024029,0.04609005247583342,0.02769892632024029,0.04987412422151283
2022-05-15 00:00:00+00:00,0.0,0.0,0.0,0.0,0.0,0.0,0.0,0.0,0.0,0.0,0.0,0.0,0.0,0.0,0.0,0.0,0.0,0.0,0.0,0.0,0.0,0.0,0.0,0.0,0.0,0.0,0.0,0.0,0.0,0.0,0.0,0.0,0.0,0.04154766612475669,0.058311395141774414,0.041547666124756466,0.05901385210494259,0.04154766612475669,0.0606373671267717
2022-05-16 00:00:00+00:00,0.0,0.0,0.0,0.0,0.0,0.0,0.0,0.0,0.0,0.0,0.0,0.0,0.0,0.0,0.0,0.0,0.0,0.0,0.0,0.0,0.0,0.0,0.0,0.0,0.0,0.0,0.0,0.0,0.0,0.0,0.0,0.0,0.0,-0.04634572332099185,-0.07074642245037566,-0.04634572332099185,-0.07158649081127322,-0.04634572332099185,-0.07481288038430456
2022-05-17 00:00:00+00:00,0.0,0.0,0.0,0.0,0.0,0.0,0.0,0.0,0.0,0.0,0.0,0.0,0.0,0.0,0.0,0.0,0.0,0.0,0.0,0.0,0.0,0.0,0.0,0.0,0.0,0.0,0.0,0.0,0.0,0.0,0.0,0.0,0.0,0.019176679270600516,0.055433286932833115,0.019176679270600516,0.05610550024017358,0.019176679270600516,0.05850833519292098
2022-05-18 00:00:00+00:00,0.0,0.0,0.0,0.0,0.0,0.0,0.0,0.0,0.0,0.0,0.0,0.0,0.0,0.0,0.0,0.0,0.0,0.0,0.0,0.0,0.0,0.0,0.0,0.0,0.0,0.0,0.0,0.0,0.0,0.0,0.0,0.0,0.0,-0.05718706883966007,-0.10220378073778835,-0.05718706883965996,-0.10340855433607454,-0.05718706883965996,-0.10560161813634728
2022-05-19 00:00:00+00:00,0.0,0.0,0.0,0.0,0.0,0.0,0.0,0.0,0.0,0.0,0.0,0.0,0.0,0.0,0.0,0.0,0.0,0.0,0.0,0.0,0.0,0.0,0.0,0.0,0.0,0.0,0.0,0.0,0.0,0.0,0.0,0.0,0.0,0.05585928753730873,0.0561526278606721,0.05585928753730873,0.056857283770485934,0.05585928753730873,0.058429986993743466
2022-05-20 00:00:00+00:00,0.0,0.0,0.0,0.0,0.0,0.0,0.0,0.0,0.0,0.0,0.0,0.0,0.0,0.0,0.0,0.0,0.0,0.0,0.0,0.0,0.0,0.0,0.0,0.0,0.0,0.0,0.0,0.0,0.0,0.0,0.0,0.0,0.0,-0.03695640469449801,-0.03011143152357776,-0.0369564046944979,-0.03048858954846978,-0.0369564046944979,-0.030761313862575523
2022-05-21 00:00:00+00:00,0.0,0.0,0.0,0.0,0.0,0.0,0.0,0.0,0.0,0.0,0.0,0.0,0.0,0.0,0.0,0.0,0.0,0.0,0.0,0.0,0.0,0.0,0.0,0.0,0.0,0.0,0.0,0.0,0.0,0.0,0.0,0.0,0.0,0.008660727300789484,0.026622938019610798,0.008660727300789484,0.02695104543319471,0.008660727300789484,0.02703640333730739
2022-05-22 00:00:00+00:00,0.0,0.0,0.0,0.0,0.0,0.0,0.0,0.0,0.0,0.0,0.0,0.0,0.0,0.0,0.0,0.0,0.0,0.0,0.0,0.0,0.0,0.0,0.0,0.0,0.0,0.0,0.0,0.0,0.0,0.0,0.0,0.0,0.0,0.02899219470992187,0.0251832905740923,0.02899219470992187,0.02553831536208695,0.028992194709921648,0.02608401484757139
2022-05-23 00:00:00+00:00,0.0,0.0,0.0,0.0,0.0,0.0,0.0,0.0,0.0,0.0,0.0,0.0,0.0,0.0,0.0,0.0,0.0,0.0,0.0,0.0,0.0,0.0,0.0,0.0,0.0,0.0,0.0,0.0,0.0,0.0,0.0,0.0,0.0,-0.03893972645201538,-0.031246754714342573,-0.03893972645201538,-0.031606090476772764,-0.038939726452015266,-0.03273613548162235
2022-05-24 00:00:00+00:00,0.0,0.0,0.0,0.0,0.0,0.0,0.0,0.0,0.0,0.0,0.0,0.0,0.0,0.0,0.0,0.0,0.0,0.0,0.0,0.0,0.0,0.0,0.0,0.0,0.0,0.0,0.0,0.0,0.0,0.0,0.0,0.0,0.0,0.018702643374783223,0.01982119417086592,0.018702643374783223,0.020083744989778607,0.018702643374783223,0.02053969720836535
2022-05-25 00:00:00+00:00,0.0,0.0,0.0,0.0,0.0,0.0,0.0,0.0,0.0,0.0,0.0,0.0,0.0,0.0,0.0,0.0,0.0,0.0,0.0,0.0,0.0,0.0,0.0,0.0,0.0,0.0,0.0,0.0,0.0,0.0,0.0,0.0,0.0,-0.004150009248495401,-0.01741870627589326,-0.004150009248495401,-0.01763222556939903,-0.004150009248495401,-0.01725008606806322
2022-05-26 00:00:00+00:00,0.0,0.0,0.0,0.0,0.0,0.0,0.0,0.0,0.0,0.0,0.0,0.0,0.0,0.0,0.0,0.0,0.0,0.0,0.0,0.0,0.0,0.0,0.0,0.0,0.0,0.0,0.0,0.0,0.0,0.0,0.0,0.0,0.0,-0.011436952035166037,-0.07496992995353036,-0.011436952035165926,-0.07588990848599064,-0.011436952035166037,-0.07915842773741277
2022-05-27 00:00:00+00:00,0.0,0.0,0.0,0.0,0.0,0.0,0.0,0.0,0.0,0.0,0.0,0.0,0.0,0.0,0.0,0.0,0.0,0.0,0.0,0.0,0.0,0.0,0.0,0.0,0.0,0.0,0.0,0.0,0.0,0.0,0.0,0.0,0.0,-0.01946611918099328,-0.026646359115464424,-0.01946611918099328,-0.027024082527401072,-0.01946611918099328,-0.028266047659813665
2022-05-28 00:00:00+00:00,0.0,0.0,0.0,0.0,0.0,0.0,0.0,0.0,0.0,0.0,0.0,0.0,0.0,0.0,0.0,0.0,0.0,0.0,0.0,0.0,0.0,0.0,0.0,0.0,0.0,0.0,0.0,0.0,0.0,0.0,0.0,0.0,0.0,0.01436028912197962,0.02795947180095326,0.01436028912197962,0.028368172950681503,0.01436028912197962,0.028976983785560018
2022-05-29 00:00:00+00:00,0.0,0.0,0.0,0.0,0.0,0.0,0.0,0.0,0.0,0.0,0.0,0.0,0.0,0.0,0.0,0.0,0.0,0.0,0.0,0.0,0.0,0.0,0.0,0.0,0.0,0.0,0.0,0.0,0.0,0.0,0.0,0.0,0.0,0.015101525423670381,0.025805888954416822,0.015101525423670381,0.02615924465461772,0.015101525423670381,0.027120964831341743
2022-05-30 00:00:00+00:00,0.0,0.0,0.0,0.0,0.0,0.0,0.0,0.0,0.0,0.0,0.0,0.0,0.0,0.0,0.0,0.0,0.0,0.0,0.0,0.0,0.0,0.0,0.0,0.0,0.0,0.0,0.0,0.0,0.0,0.0,0.0,0.0,0.0,0.076895596064396,0.09965372881058254,0.07689559606439622,0.10093300009236339,0.076895596064396,0.10372270571779985
2022-05-31 00:00:00+00:00,0.0,0.0,0.0,0.0,0.0,0.0,0.0,0.0,0.0,0.0,0.0,0.0,0.0,0.0,0.0,0.0,0.0,0.0,0.0,0.0,0.0,0.0,0.0,0.0,0.0,0.0,0.0,0.0,0.0,0.0,0.0,0.0,0.0,0.0022903420912718797,0.0044868768926276115,0.0022903420912716577,0.004553387902550776,0.0022903420912718797,0.005732339354944882
2022-06-01 00:00:00+00:00,0.0,0.0,0.0,0.0,0.0,0.0,0.0,0.0,0.0,0.0,0.0,0.0,0.0,0.0,0.0,0.0,0.0,0.0,0.0,0.0,0.0,0.0,0.0,0.0,0.0,0.0,0.0,0.0,0.0,0.0,0.0,0.0,0.0,-0.0627755116166756,-0.09044912255032511,-0.06277551161667572,-0.09433424873496521,-0.06277551161667572,-0.0860481069566088
2022-06-02 00:00:00+00:00,0.0,0.0,0.0,0.0,0.0,0.0,0.0,0.0,0.0,0.0,0.0,0.0,0.0,0.0,0.0,0.0,0.0,0.0,0.0,0.0,0.0,0.0,0.0,0.0,0.0,0.0,0.0,0.0,0.0,0.0,0.0,0.0,0.0,0.02165109761087991,0.03906585414227015,0.02165109761087991,0.039027834690697816,0.02165109761087991,0.034081094679749624
2022-06-03 00:00:00+00:00,0.0,0.0,0.0,0.0,0.0,0.0,0.0,0.0,0.0,0.0,0.0,0.0,0.0,0.0,0.0,0.0,0.0,0.0,0.0,0.0,0.0,0.0,0.0,0.0,0.0,0.0,0.0,0.0,0.0,0.0,0.0,0.0,0.0,-0.02506756479237693,-0.04234311227236154,-0.025067564792376817,-0.04179115491616403,-0.02506756479237704,-0.04136022432649267
2022-06-04 00:00:00+00:00,0.0,0.0,0.0,0.0,0.0,0.0,0.0,0.0,0.0,0.0,0.0,0.0,0.0,0.0,0.0,0.0,0.0,0.0,0.0,0.0,0.0,0.0,0.0,0.0,0.0,0.0,0.0,0.0,0.0,0.0,0.0,0.0,0.0,0.005808057403141387,0.014277026784464297,0.005808057403141387,0.014330066811090614,0.005808057403141387,0.01416752149106082
2022-06-05 00:00:00+00:00,0.0,0.0,0.0,0.0,0.0,0.0,0.0,0.0,0.0,0.0,0.0,0.0,0.0,0.0,0.0,0.0,0.0,0.0,0.0,0.0,0.0,0.0,0.0,0.0,0.0,0.0,0.0,0.0,0.0,0.0,0.0,0.0,0.0,0.0019555556746968517,-0.0074458425390915295,0.0019555556746968517,-0.007566141634233192,0.0019555556746968517,-0.007446024640975324
2022-06-06 00:00:00+00:00,0.0,0.0,0.0,0.0,0.0,0.0,0.0,0.0,0.0,0.0,0.0,0.0,0.0,0.0,0.0,0.0,0.0,0.0,0.0,0.0,0.0,0.0,0.0,0.0,0.0,0.0,0.0,0.0,0.0,0.0,0.0,0.0,0.0,0.04822728193932502,0.04440824893253836,0.04822728193932502,0.0437659012431999,0.04822728193932502,0.04420651080786997
2022-06-07 00:00:00+00:00,0.0,0.0,0.0,0.0,0.0,0.0,0.0,0.0,0.0,0.0,0.0,0.0,0.0,0.0,0.0,0.0,0.0,0.0,0.0,0.0,0.0,0.0,0.0,0.0,0.0,0.0,0.0,0.0,0.0,0.0,0.0,0.0,0.0,-0.007552097540774572,-0.030284022308347036,-0.007552097540774572,-0.029767725716540294,-0.007552097540774572,-0.03050992421260701
2022-06-08 00:00:00+00:00,0.0,0.0,0.0,0.0,0.0,0.0,0.0,0.0,0.0,0.0,0.0,0.0,0.0,0.0,0.0,0.0,0.0,0.0,0.0,0.0,0.0,0.0,0.0,0.0,0.0,0.0,0.0,0.0,0.0,0.0,0.0,0.0,0.0,-0.029893689181499927,-0.01718158241907375,-0.029893689181499816,-0.017029920503636498,-0.029893689181499927,-0.01720003840057105
2022-06-09 00:00:00+00:00,0.0,0.0,0.0,0.0,0.0,0.0,0.0,0.0,0.0,0.0,0.0,0.0,0.0,0.0,0.0,0.0,0.0,0.0,0.0,0.0,0.0,0.0,0.0,0.0,0.0,0.0,0.0,0.0,0.0,0.0,0.0,0.0,0.0,-0.0032269609305100033,0.004091783783351399,-0.0032269609305101143,0.00423096279708135,-0.0032269609305100033,0.003570365075001636
2022-06-10 00:00:00+00:00,0.0,0.0,0.0,0.0,0.0,0.0,0.0,0.0,0.0,0.0,0.0,0.0,0.0,0.0,0.0,0.0,0.0,0.0,0.0,0.0,0.0,0.0,0.0,0.0,0.0,0.0,0.0,0.0,0.0,0.0,0.0,0.0,0.0,-0.033793977450513046,-0.07411574554285882,-0.033793977450512935,-0.07357282392309472,-0.033793977450513046,-0.0734373956930442
2022-06-11 00:00:00+00:00,0.0,0.0,0.0,0.0,0.0,0.0,0.0,0.0,0.0,0.0,0.0,0.0,0.0,0.0,0.0,0.0,0.0,0.0,0.0,0.0,0.0,0.0,0.0,0.0,0.0,0.0,0.0,0.0,0.0,0.0,0.0,0.0,0.0,-0.023207426872072556,-0.07575474391483383,-0.023207426872072556,-0.07503753972529437,-0.023207426872072556,-0.07558141886870406
2022-06-12 00:00:00+00:00,0.0,0.0,0.0,0.0,0.0,0.0,0.0,0.0,0.0,0.0,0.0,0.0,0.0,0.0,0.0,0.0,0.0,0.0,0.0,0.0,0.0,0.0,0.0,0.0,0.0,0.0,0.0,0.0,0.0,0.0,0.0,0.0,0.0,-0.06458325040694102,-0.07886908643367374,-0.06458325040694102,-0.07847598665784217,-0.06458325040694102,-0.078521205501213
2022-06-13 00:00:00+00:00,0.0,0.0,0.0,0.0,0.0,0.0,0.0,0.0,0.0,0.0,0.0,0.0,0.0,0.0,0.0,0.0,0.0,0.0,0.0,0.0,0.0,0.0,0.0,0.0,0.0,0.0,0.0,0.0,0.0,0.0,0.0,0.0,0.0,-0.15417808941374944,-0.08731935689718395,-0.15417808941374944,-0.08655984349131862,-0.15417808941374933,-0.08681817642454936
2022-06-14 00:00:00+00:00,0.0,0.0,0.0,0.0,0.0,0.0,0.0,0.0,0.0,0.0,0.0,0.0,0.0,0.0,0.0,0.0,0.0,0.0,0.0,0.0,0.0,0.0,0.0,0.0,0.0,0.0,0.0,0.0,0.0,0.0,0.0,0.0,0.0,-0.01516942500702323,0.019087962825057314,-0.01516942500702334,0.019006935412059445,-0.01516942500702334,0.018746109563192448
2022-06-15 00:00:00+00:00,0.0,0.0,0.0,0.0,0.0,0.0,0.0,0.0,0.0,0.0,0.0,0.0,0.0,0.0,0.0,0.0,0.0,0.0,0.0,0.0,0.0,0.0,0.0,0.0,0.0,0.0,0.0,0.0,0.0,0.0,0.0,0.0,0.0,0.019985307580158818,0.08458320506781902,0.019985307580158596,0.08402056954847037,0.019985307580158373,0.08456855548173636
2022-06-16 00:00:00+00:00,0.0,0.0,0.0,0.0,0.0,0.0,0.0,0.0,0.0,0.0,0.0,0.0,0.0,0.0,0.0,0.0,0.0,0.0,0.0,0.0,0.0,0.0,0.0,0.0,0.0,0.0,0.0,0.0,0.0,0.0,0.0,0.0,0.0,-0.09707906940462285,-0.12155135115657578,-0.09707906940462274,-0.12070537079815191,-0.09707906940462274,-0.12135285203755486
2022-06-17 00:00:00+00:00,0.0,0.0,0.0,0.0,0.0,0.0,0.0,0.0,0.0,0.0,0.0,0.0,0.0,0.0,0.0,0.0,0.0,0.0,0.0,0.0,0.0,0.0,0.0,0.0,0.0,0.0,0.0,0.0,0.0,0.0,0.0,0.0,0.0,0.003723738464559201,0.030114039882786603,0.003723738464559201,0.030078261867036993,0.003723738464559201,0.030253431657680796
2022-06-18 00:00:00+00:00,0.0,0.0,0.0,0.0,0.0,0.0,0.0,0.0,0.0,0.0,0.0,0.0,0.0,0.0,0.0,0.0,0.0,0.0,0.0,0.0,0.0,0.0,0.0,0.0,0.0,0.0,0.0,0.0,0.0,0.0,0.0,0.0,0.0,-0.07330693774311836,-0.05158178053964435,-0.07330693774311836,-0.05073521924502855,-0.07330693774311847,-0.050295663420411585
2022-06-19 00:00:00+00:00,0.0,0.0,0.0,0.0,0.0,0.0,0.0,0.0,0.0,0.0,0.0,0.0,0.0,0.0,0.0,0.0,0.0,0.0,0.0,0.0,0.0,0.0,0.0,0.0,0.0,0.0,0.0,0.0,0.0,0.0,0.0,0.0,0.0,0.08462500969713793,0.08699925862460534,0.08462500969713793,0.08630086223914657,0.08462500969713793,0.08703847790204544
2022-06-20 00:00:00+00:00,0.0,0.0,0.0,0.0,0.0,0.0,0.0,0.0,0.0,0.0,0.0,0.0,0.0,0.0,0.0,0.0,0.0,0.0,0.0,0.0,0.0,0.0,0.0,0.0,0.0,0.0,0.0,0.0,0.0,0.0,0.0,0.0,0.0,-0.0001308847027410298,0.015146437725875206,-0.0001308847027410298,0.014716805964244184,-0.0001308847027409188,0.01420656170875656
2022-06-21 00:00:00+00:00,0.0,0.0,0.0,0.0,0.0,0.0,0.0,0.0,0.0,0.0,0.0,0.0,0.0,0.0,0.0,0.0,0.0,0.0,0.0,0.0,0.0,0.0,0.0,0.0,0.0,0.0,0.0,0.0,0.0,0.0,0.0,0.0,0.0,0.00716359079794171,0.02498801697476205,0.007163590797941488,0.024598302714972764,0.007163590797941488,0.02472901532873517
2022-06-22 00:00:00+00:00,0.0,0.0,0.0,0.0,0.0,0.0,0.0,0.0,0.0,0.0,0.0,0.0,0.0,0.0,0.0,0.0,0.0,0.0,0.0,0.0,0.0,0.0,0.0,0.0,0.0,0.0,0.0,0.0,0.0,0.0,0.0,0.0,0.0,-0.035198405949472766,-0.04052625434186974,-0.03519840594947288,-0.040261650004312144,-0.035198405949472766,-0.04016119609006663
2022-06-23 00:00:00+00:00,0.0,0.0,0.0,0.0,0.0,0.0,0.0,0.0,0.0,0.0,0.0,0.0,0.0,0.0,0.0,0.0,0.0,0.0,0.0,0.0,0.0,0.0,0.0,0.0,0.0,0.0,0.0,0.0,0.0,0.0,0.0,0.0,0.0,0.05688921429093696,0.08040238110584697,0.05688921429093696,0.07930839637163078,0.05688921429093696,0.08047915859309351
2022-06-24 00:00:00+00:00,0.0,0.0,0.0,0.0,0.0,0.0,0.0,0.0,0.0,0.0,0.0,0.0,0.0,0.0,0.0,0.0,0.0,0.0,0.0,0.0,0.0,0.0,0.0,0.0,0.0,0.0,0.0,0.0,0.0,0.0,0.0,0.0,0.0,0.005651414749022088,0.047466409256377906,0.005651414749022088,0.047270925138843234,0.005651414749022088,0.04744050512204967
2022-06-25 00:00:00+00:00,0.0,0.0,0.0,0.0,0.0,0.0,0.0,0.0,0.0,0.0,0.0,0.0,0.0,0.0,0.0,0.0,0.0,0.0,0.0,0.0,0.0,0.0,0.0,0.0,0.0,0.0,0.0,0.0,0.0,0.0,0.0,0.0,0.0,0.011982819223020247,0.019852281996830756,0.011982819223020247,0.01980610633845359,0.011982819223020247,0.019185207708938057
2022-06-26 00:00:00+00:00,0.0,0.0,0.0,0.0,0.0,0.0,0.0,0.0,0.0,0.0,0.0,0.0,0.0,0.0,0.0,0.0,0.0,0.0,0.0,0.0,0.0,0.0,0.0,0.0,0.0,0.0,0.0,0.0,0.0,0.0,0.0,0.0,0.0,-0.020957219560071794,-0.05140649980576295,-0.020957219560071683,-0.050670969897502305,-0.020957219560071683,-0.051496139722378875
2022-06-27 00:00:00+00:00,0.0,0.0,0.0,0.0,0.0,0.0,0.0,0.0,0.0,0.0,0.0,0.0,0.0,0.0,0.0,0.0,0.0,0.0,0.0,0.0,0.0,0.0,0.0,0.0,0.0,0.0,0.0,0.0,0.0,0.0,0.0,0.0,0.0,-0.014397524814627305,-0.0009479720870082531,-0.014397524814627416,-0.0009847752703023849,-0.014397524814627194,-0.0019436029038799596
2022-06-28 00:00:00+00:00,0.0,0.0,0.0,0.0,0.0,0.0,0.0,0.0,0.0,0.0,0.0,0.0,0.0,0.0,0.0,0.0,0.0,0.0,0.0,0.0,0.0,0.0,0.0,0.0,0.0,0.0,0.0,0.0,0.0,0.0,0.0,0.0,0.0,-0.022787750353796765,-0.051527685354720076,-0.022787750353796876,-0.05120315568097977,-0.022787750353796876,-0.051013220290644146
2022-06-29 00:00:00+00:00,0.0,0.0,0.0,0.0,0.0,0.0,0.0,0.0,0.0,0.0,0.0,0.0,0.0,0.0,0.0,0.0,0.0,0.0,0.0,0.0,0.0,0.0,0.0,0.0,0.0,0.0,0.0,0.0,0.0,0.0,0.0,0.0,0.0,-0.0078062933240636845,-0.003068444744936838,-0.0078062933240636845,-0.0032262167039772693,-0.0078062933240637955,-0.003281734089502719
2022-06-30 00:00:00+00:00,0.0,0.0,0.0,0.0,0.0,0.0,0.0,0.0,0.0,0.0,0.0,0.0,0.0,0.0,0.0,0.0,0.0,0.0,0.0,0.0,0.0,0.0,0.0,0.0,0.0,0.0,0.0,0.0,0.0,0.0,0.0,0.0,0.0,-0.005432751474387487,-0.012089318997623666,-0.005432751474387376,-0.011927236984320855,-0.005432751474387265,-0.011446913535887893
2022-07-01 00:00:00+00:00,0.0,0.0,0.0,0.0,0.0,0.0,0.0,0.0,0.0,0.0,0.0,0.0,0.0,0.0,0.0,0.0,0.0,0.0,0.0,0.0,0.0,0.0,0.0,0.0,0.0,0.0,0.0,0.0,0.0,0.0,0.0,0.0,0.0,-0.03666936527363174,-0.027514882016600684,-0.03666936527363174,-0.03163385626837112,-0.03666936527363174,-0.02577319799376321
2022-07-02 00:00:00+00:00,0.0,0.0,0.0,0.0,0.0,0.0,0.0,0.0,0.0,0.0,0.0,0.0,0.0,0.0,0.0,0.0,0.0,0.0,0.0,0.0,0.0,0.0,0.0,0.0,0.0,0.0,0.0,0.0,0.0,0.0,0.0,0.0,0.0,-0.001492253578188163,0.027180918651043218,-0.001492253578188274,0.027308467680770887,-0.001492253578188385,0.02295736477336585
2022-07-03 00:00:00+00:00,0.0,0.0,0.0,0.0,0.0,0.0,0.0,0.0,0.0,0.0,0.0,0.0,0.0,0.0,0.0,0.0,0.0,0.0,0.0,0.0,0.0,0.0,0.0,0.0,0.0,0.0,0.0,0.0,0.0,0.0,0.0,0.0,0.0,0.0035008268297544998,-0.004516204810377511,0.0035008268297544998,-0.004503641968600203,0.0035008268297544998,-0.004507372483051664
2022-07-04 00:00:00+00:00,0.0,0.0,0.0,0.0,0.0,0.0,0.0,0.0,0.0,0.0,0.0,0.0,0.0,0.0,0.0,0.0010818914185639628,-0.0003581085814360341,0.0,0.0010818914185639628,-0.0003581085814360341,0.0,0.0010818914185639628,-0.0003581085814360341,0.0,0.04388755276613554,0.03668755276613589,0.0,0.04388755276613576,0.03668755276613589,0.0,0.04388755276613576,0.03668755276613567,0.0,0.04769085387062466,0.053480346754666064,0.04769085387062488,0.054134463924478515,0.04769085387062466,0.05468489830488599
2022-07-05 00:00:00+00:00,0.0,0.0,0.0,0.0,0.0,0.0,0.0,0.0,0.0,0.0,0.0,0.0,0.0,0.0,0.0,-0.009761768073826116,-0.009775830055568702,-0.010782560553633247,-0.009761768073826116,-0.009775830055568702,-0.010782560553633247,-0.009761768073826116,-0.009775830055568702,-0.010782560553633247,-0.02683314564885464,-0.027019507150115474,-0.03392525827355353,-0.02683314564885475,-0.027019507150115474,-0.033925258273553416,-0.02683314564885475,-0.02701950715011525,-0.033925258273553305,-0.0028617583684416026,-0.020731694223149466,-0.0028617583684414916,-0.02069872390362726,-0.0028617583684414916,-0.02126650896266713
2022-07-06 00:00:00+00:00,0.0,0.0,0.0,0.0,0.0,0.0,0.0,0.0,0.0,0.0,0.0,0.0,0.0,0.0,0.0,0.021305999090944105,0.02133699371878528,0.021092482876961638,0.021305999090944105,0.02133699371878528,0.021092482876961416,0.021305999090944105,0.02133699371878528,0.021092482876961638,0.040144248794557136,0.04043080103909902,0.040648208283307286,0.040144248794557136,0.04043080103909902,0.040648208283307286,0.040144248794557136,0.04043080103909902,0.040648208283307286,0.019309787724322014,0.02656192659810075,0.019309787724322014,0.026689503379849544,0.019309787724322014,0.027207285175581575
2022-07-07 00:00:00+00:00,0.0,0.0,0.0,0.0,0.0,0.0,0.0,0.0,0.0,0.0,0.0,0.0,0.0,0.0,0.0,-0.0018681961334705566,-0.0018708570909087285,-0.0018498609041627256,-0.0018681961334705566,-0.0018708570909086175,-0.0018498609041627256,-0.0018681961334705566,-0.0018708570909087285,-0.0018498609041627256,0.03174631525191196,0.031964116619850325,0.030852061307142797,0.03174631525191152,0.03196411661985055,0.030852061307142575,0.03174631525191174,0.0319641166198501,0.030852061307142797,0.052180656165921935,0.04707055865517118,0.05218065616592216,0.047430794508906526,0.05218065616592216,0.04755048669557982
2022-07-08 00:00:00+00:00,0.0,0.0,0.0,0.0,0.0,0.0,0.0,0.0,0.0,0.0,0.0,0.0,0.0,0.0,0.0,0.04367283253118592,0.04373515434483077,0.04324341540064136,0.04367283253118592,0.04373515434483055,0.04324341540064136,0.04367283253118592,0.04373515434483077,0.04324341540064136,0.021009776938732516,0.021149453689493614,0.022930889471294957,0.02100977693873296,0.021149453689492947,0.022930889471294957,0.02100977693873296,0.02114945368949339,0.022930889471294735,-0.001498986795962054,-0.0012455425369164441,-0.001498986795961943,-0.0015401998013282459,-0.001498986795961943,-0.0018398147286000643
2022-07-09 00:00:00+00:00,0.0,0.0,0.0,0.0,0.0,0.0,0.0,0.0,0.0,0.0,0.0,0.0,0.0,0.0,0.0,-0.016738131402833534,-0.016761016111327187,-0.016580374153249422,-0.016738131402833534,-0.016761016111327187,-0.016580374153249533,-0.016738131402833534,-0.016761016111327187,-0.016580374153249422,6.196558569460109e-05,6.236901173894971e-05,-0.000819647539197832,6.196558569460109e-05,6.236901173894971e-05,-0.000819647539197943,6.196558569482313e-05,6.236901173872766e-05,-0.0008196475391977209,8.293871801767772e-05,0.019681732598641144,8.293871801767772e-05,0.01981529935954951,8.293871801767772e-05,0.0200885375372577
2022-07-10 00:00:00+00:00,0.0,0.0,0.0,0.0,0.0,0.0,0.0,0.0,0.0,0.0,0.0,0.0,0.0,0.0,0.0,0.0027358498468328385,0.0027396541190056745,0.002709629662536628,0.0027358498468330605,0.0027396541190056745,0.002709629662536628,0.0027358498468328385,0.0027396541190056745,0.002709629662536628,-0.015660541423502594,-0.015762492792013028,-0.015181869419465976,-0.015660541423502594,-0.015762492792012917,-0.015181869419465754,-0.015660541423502816,-0.015762492792013028,-0.015181869419465976,-0.03397610914386073,-0.03620124215728704,-0.033976109143860844,-0.03661364329455974,-0.033976109143860844,-0.03685361465282688
2022-07-11 00:00:00+00:00,0.0,0.0,0.0,0.0,0.0,0.0,0.0,0.0,0.0,0.0,0.0,0.0,0.0,0.0,0.0,-0.07708133472502998,-0.08597165496563208,-0.017114613598064432,-0.05762783796372983,-0.06507993954452707,-0.01711461359806432,-0.07708133472502998,-0.08597165496563208,-0.017114613598064432,-0.0710903531075966,-0.07447794817237752,-0.06359972488011256,-0.06379877614996154,-0.06422076281164812,-0.06359972488011267,-0.06379877614996154,-0.06422076281164779,-0.06359972488011256,-0.043558354295909374,-0.062368447040527464,-0.04355835429590915,-0.06261202684477973,-0.04355835429590926,-0.06303471870803934
2022-07-12 00:00:00+00:00,0.0,0.0,0.0,0.0,0.0,0.0,0.0,0.0,0.0,0.0,0.0,0.0,0.0,0.0,0.0,-0.030377617103097276,-0.030673034136798227,-0.03850787522385368,-0.025333065772705332,-0.02553494868695283,-0.032463478904433685,-0.030377617103097276,-0.030673034136798227,-0.03850787522385368,-0.03407455101408241,-0.03441866990169096,-0.03430028601784407,-0.053074272137847656,-0.0534494152855266,-0.05338016208967389,-0.053074272137847545,-0.053449415285526825,-0.053380162089674,-0.03203120181442265,-0.03154210420419967,-0.03203120181442254,-0.032307971984940065,-0.03203120181442265,-0.033263885023160356
2022-07-13 00:00:00+00:00,0.0,0.0,0.0,0.0,0.0,0.0,0.0,0.0,0.0,0.0,0.0,0.0,0.0,0.0,0.0,0.09645187620424722,0.09741953492469646,0.09603124166601695,0.07456186177425006,0.0751716264901019,0.07513413235062427,0.09645187620424722,0.09741953492469646,0.09603124166601695,0.04134400613491995,0.04165865790976642,0.022075117787541565,0.024275747363453615,0.02445702396561189,0.024203974914297488,0.024275747363453837,0.02445702396561167,0.02420397491429771,0.04748221191329072,0.05961155243440719,0.04748221191329072,0.06015129163195687,0.04748221191329072,0.061143589624477857
2022-07-14 00:00:00+00:00,0.0,0.0,0.0,0.0,0.0,0.0,0.0,0.0,0.0,0.0,0.0,0.0,0.0,0.0,0.0,0.04746678282402206,0.047900721785598455,0.046937610536818886,0.06548461356197222,0.0659827026422255,0.06677999065809592,0.04746678282402206,0.047900721785598455,0.046937610536818886,0.05283124345265877,0.053194703330985194,0.024888510281410037,0.03797888520738457,0.038255718049442056,0.03783270516544568,0.03797888520738457,0.0382557180494425,0.03783270516544568,0.017645199881504814,0.04597828540763227,0.017645199881504814,0.0464173270821473,0.017645199881504814,0.04699048517328919
2022-07-15 00:00:00+00:00,0.0,0.0,0.0,0.0,0.0,0.0,0.0,0.0,0.0,0.0,0.0,0.0,0.0,0.0,0.0,-0.0037007521645715524,-0.0037330377533125736,-0.0037358255905219906,-0.0031750626022117867,-0.003197717905825015,-0.003384772971758654,-0.0037007521645715524,-0.0037330377533125736,-0.0037358255905219906,-0.007905952061932009,-0.007939878666474498,-0.0009750769430657558,-0.006342315999496528,-0.0063868425389381756,-0.006366518473807203,-0.006342315999496528,-0.0063868425389380645,-0.006366518473807203,0.012175232370867928,-0.00017800601890383128,0.012175232370867928,-0.00028045760154171706,0.012175232370867928,-7.938000859264438e-05
2022-07-16 00:00:00+00:00,0.0,0.0,0.0,0.0,0.0,0.0,0.0,0.0,0.0,0.0,0.0,0.0,0.0,0.0,0.0,0.04551520487553873,0.045913770172270496,0.04614613508333898,0.030792389764272787,0.031012810255454548,0.031734518004219225,0.04551520487553873,0.045913770172270496,0.04614613508333898,0.0288174843232758,0.028990214576066098,0.011504034697505716,0.02433442964358412,0.024506368844793958,0.024701766251701063,0.02433442964358412,0.024506368844793958,0.024701766251701063,0.01738706664970202,0.039256566545069704,0.0173870666497018,0.03962388944702622,0.01738706664970202,0.040254736424211846
2022-07-17 00:00:00+00:00,0.0,0.0,0.0,0.0,0.0,0.0,0.0,0.0,0.0,0.0,0.0,0.0,0.0,0.0,0.0,-0.0008516939137340751,-0.0008588245887345414,-0.001374121892884883,-0.015428723307013614,-0.015535844277777433,-0.016673923982422068,-0.0008516939137340751,-0.0008588245887345414,-0.001374121892884883,-0.027365370931312638,-0.027553638362432853,-0.01550286783115673,-0.022343307788205924,-0.022497402075598805,-0.022314342820177302,-0.022343307788206035,-0.022497402075598694,-0.02231434282017708,-0.018779896628924875,-0.01769308031000738,-0.018779896628924986,-0.017939217207354807,-0.018779896628924875,-0.018364930135119084
2022-07-18 00:00:00+00:00,0.0,0.0,0.0,0.0,0.0,0.0,0.0,0.0,0.0,0.0,0.0,0.0,0.0,0.0,0.0,0.1313289744811197,0.12553975723130328,0.16659593396981331,0.12213814852549798,0.11466490860194956,0.10198839761380674,0.1313289744811197,0.12553975723130328,0.16659593396981331,0.08057371306074668,0.07185036219144081,0.05237965529775024,0.07729053458166724,0.06559002397463787,0.06376710235996486,0.07729053458166746,0.06559002397463742,0.06376710235996486,0.0786764359308072,0.09888068506316494,0.0786764359308072,0.10028937709825025,0.0786764359308072,0.10186411477210244
2022-07-19 00:00:00+00:00,0.0,0.0,0.0,0.0,0.0,0.0,0.0,0.0,0.0,0.0,0.0,0.0,0.0,0.0,0.0,0.004193246909515391,0.004284778070568596,-0.0010066164865927263,0.0055030617709606044,0.005560979888151962,-0.0016483267654304745,0.004193246909515391,0.004284778070568596,-0.0010066164865927263,0.004893954670431633,0.004933791133830967,-0.005132444414288395,0.004907573952844135,0.00496146217520721,-0.007563494083331346,0.004907573952843913,0.00496146217520721,-0.007563494083331457,0.04313888804667121,0.01970185428027471,0.04313888804667143,0.020091905526731235,0.04313888804667121,0.020387403389475534
2022-07-20 00:00:00+00:00,0.0,0.0,0.0,0.0,0.0,0.0,0.0,0.0,0.0,0.0,0.0,0.0,0.0,0.0,0.0,-0.038284581448246424,-0.03860302583831354,-0.036093621624079364,-0.04584382274607113,-0.04617326910578867,-0.04372643741396387,-0.038284581448246424,-0.03860302583831354,-0.036093621624079364,-0.06445102915901368,-0.06497308052937611,-0.06285688781721499,-0.06462951263703454,-0.06533568135932188,-0.06295447262749831,-0.06462951263703443,-0.06533568135932177,-0.06295447262749798,-0.007183995253698838,-0.05190324789341183,-0.007183995253698838,-0.052505081698286826,-0.007183995253698838,-0.05333460978835547
2022-07-21 00:00:00+00:00,0.0,0.0,0.0,0.0,0.0,0.0,0.0,0.0,0.0,0.0,0.0,0.0,0.0,0.0,0.0,0.02765150945514927,0.027846743330234958,0.025567991595808248,0.03575152402745041,0.0360095795099189,0.03377214151387209,0.02765150945514927,0.027846743330234958,0.025567991595808248,0.06031374721594496,0.060836234325825966,0.058736987554306896,0.06049231405548938,0.06119948129224628,0.05883430267482237,0.06049231405548938,0.06119948129224606,0.05883430267482259,-0.0031441869996930993,0.03145252863636494,-0.0031441869996930993,0.031706402046312476,-0.0031441869996930993,0.032079595690287954
2022-07-22 00:00:00+00:00,0.0,0.0,0.0,0.0,0.0,0.0,0.0,0.0,0.0,0.0,0.0,0.0,0.0,0.0,0.0,-0.03403591294455388,-0.03433072890155231,-0.03273653865787174,-0.04222049747313139,-0.04253120457311921,-0.041238250476477556,-0.03403591294455388,-0.03433072890155231,-0.03273653865787174,-0.0430206805525839,-0.043371988682397,-0.04230381981114051,-0.04314078366210916,-0.043616023604057697,-0.04237001405671781,-0.04314078366210905,-0.043616023604057474,-0.04237001405671814,-0.02013823985184382,-0.03183428045314851,-0.02013823985184382,-0.032365747282599444,-0.02013823985184382,-0.03256692693477958
2022-07-23 00:00:00+00:00,0.0,0.0,0.0,0.0,0.0,0.0,0.0,0.0,0.0,0.0,0.0,0.0,0.0,0.0,0.0,5.0184167901701215e-05,1.5003073617902984e-05,-0.000569416142820578,0.0007222228267129704,0.000714275804362563,0.00015891797630129822,5.0184167901701215e-05,1.5003073617902984e-05,-0.000569416142820578,0.0021745088921845124,0.002193071073834929,0.0016485977046012401,0.002180853285794093,0.002205973252706661,0.001651291456586046,0.002180853285793871,0.002205973252706439,0.00165129145658649,-0.010445757344955675,0.00863896722671531,-0.010445757344955675,0.008705761187534966,-0.010445757344955675,0.008757549627306016
2022-07-24 00:00:00+00:00,0.0,0.0,0.0,0.0,0.0,0.0,0.0,0.0,0.0,0.0,0.0,0.0,0.0,0.0,0.0,0.01304010193943883,0.01314761605654824,0.012661145521516204,0.013890551086162217,0.013989885857670137,0.014107058759609936,0.01304010193943883,0.01314761605654824,0.012661145521516204,0.010513231444053028,0.010602778777920374,0.010592491482101618,0.01054383832365069,0.010665019276816734,0.010609770716053513,0.01054383832365069,0.010665019276816512,0.010609770716053069,0.005912513156610899,0.010642937698928101,0.005912513156611121,0.010622876369317913,0.005912513156611121,0.010732327963117738
2022-07-25 00:00:00+00:00,-0.011562173971378154,-0.01300217397137804,0.0,-0.08937778244184591,-0.09657778244184623,0.0,0.0,0.0,0.0,0.0,0.0,0.0,-0.08937778244184602,-0.09657778244184612,0.0,-0.08518818669500894,-0.08822061433884099,-0.08050726166726085,-0.09089173258362937,-0.0996537790032973,-0.08993604315267223,-0.08518818669500894,-0.08822061433884099,-0.08050726166726085,-0.08817095988195156,-0.0912698620036102,-0.07007559234762284,-0.07253240514757298,-0.07335722759298147,-0.07018870459887183,-0.07253240514757286,-0.07335722759298124,-0.07018870459887172,-0.05623680725204283,-0.08290947456106079,-0.05623680725204272,-0.08389340379230825,-0.05623680725204272,-0.08513582501246364
2022-07-26 00:00:00+00:00,-0.0004180222429329694,-0.0004186321247521274,-0.0018664346102629237,-0.0003799568813236398,-0.00038298502197853246,-0.007584840622572475,0.0,0.0,0.0,0.0,0.0,0.0,-0.0003799568813235288,-0.00038298502197853246,-0.007584840622572253,-0.00037821935311554977,-0.0003794771289308274,0.000851341116232307,-0.00038057661062196324,-0.0003842802384491639,-0.002908182970520201,-0.00037821935311554977,-0.0003794771289308274,0.000851341116232307,-0.004005727173272855,-0.004019388464632012,-0.004328546562291979,0.00748054039473689,0.007572341734974897,0.0070791198559641,0.00748054039473689,0.007572341734974897,0.0070791198559641,-0.002432271513568285,0.007761580386341338,-0.002432271513568174,0.007895901423684792,-0.002432271513568285,0.007870814687582106
2022-07-27 00:00:00+00:00,0.013722252326948903,0.013742281063064299,0.014393547140779672,0.09921963801113742,0.10001069127725004,0.10068806566564459,0.0,0.0,0.0,0.0,0.0,0.0,0.09921963801113765,0.10001069127724982,0.10068806566564459,0.09876573874828298,0.09909431081904474,0.08104849971202266,0.09938153197853805,0.10034904730732408,0.04322472881325368,0.09876573874828298,0.09909431081904474,0.08104849971202266,0.1249907052497814,0.12541869879728185,0.10317487715038487,0.11881820894571415,0.12026538981673207,0.11725488928634542,0.11881820894571415,0.12026538981673207,0.11725488928634542,0.08000443993552686,0.09618556926768274,0.08000443993552708,0.09715148775894833,0.08000443993552686,0.09858789618226127
2022-07-28 00:00:00+00:00,0.007075424417837484,0.007085611576713502,0.007416643970465708,0.03692889665396448,0.03719655298208524,0.03748824312030896,0.0,0.0,0.0,0.0,0.0,0.0,0.03692889665396426,0.03719655298208524,0.037488243120309184,0.03677514384372493,0.03688645629547782,0.036299501899841324,0.03698370553337704,0.037310919715117796,0.019781890719588358,0.03677514384372493,0.03688645629547782,0.036299501899841324,0.08839429476444471,0.08866324356489064,0.06234643416997265,0.06322420401897344,0.06391159252086398,0.06368609889920585,0.06322420401897366,0.06391159252086398,0.06368609889920607,0.038719935338304756,0.059261870525450844,0.038719935338304756,0.060048648066328036,0.038719935338304756,0.060125125503934784
2022-07-29 00:00:00+00:00,-0.0005310119274267722,-0.0005317710964312106,-0.0005564319872114476,-0.000893392373310431,-0.0008996353592883866,-0.0009730500870175351,0.0,0.0,0.0,0.0,0.0,0.0,-0.00089339237331032,-0.0008996353592880535,-0.0009730500870179792,-0.0008898046875718268,-0.0008924021714217245,-0.003929033179184915,-0.0008946710327796259,-0.0009023019390994591,-0.003401686905598278,-0.0008898046875718268,-0.0008924021714217245,-0.003929033179184915,-0.01980690542524488,-0.01986226190239837,-0.005963719267420675,0.011748484261453473,0.011868543391284403,0.011988724200020506,0.011748484261453473,0.011868543391284625,0.011988724200020506,-0.0028174092412700524,0.036923137759318214,-0.0028174092412700524,0.03683765353134483,-0.0028174092412700524,0.03687987806070736
2022-07-30 00:00:00+00:00,-0.0010623509169656042,-0.0010638705306503793,-0.0011132350068531194,0.004379944793381663,0.0044105792116582165,0.0044580121640400705,0.0,0.0,0.0,0.0,0.0,0.0,0.004379944793381441,0.0044105792116579945,0.0044580121640402925,0.004362340143214016,0.004375085894237074,0.0023561878299447336,0.004386219161851113,0.004423664272247274,0.00691615758613362,0.004362340143214016,0.004375085894237074,0.0023561878299447336,-0.024763768574704415,-0.024834381050989673,-0.017775699040083026,-0.01242963601626701,-0.012555166056531508,-0.012337024743266811,-0.01242963601626712,-0.01255516605653173,-0.012337024743266922,-0.005649477600958797,-0.00665315376785669,-0.005649477600958797,-0.006517028116665768,-0.0056494776009585745,-0.006233054283245387
2022-07-31 00:00:00+00:00,-0.0027122438294896467,-0.002716127623679676,-0.0028422986592679944,-0.014729972563178872,-0.014832545233262273,-0.014795274835056382,0.0,0.0,0.0,0.0,0.0,0.0,-0.014729972563178984,-0.014832545233262384,-0.014795274835056382,-0.014671024399485533,-0.014713703023901847,-0.011254791702807188,-0.014750981427468668,-0.01487635579856239,-0.006973963969770347,-0.014671024399485533,-0.014713703023901847,-0.011254791702807188,-0.0241024694773333,-0.024172946551402452,-0.02009987143880243,-0.003620383984311082,-0.0036574120520848075,-0.0033720460636715854,-0.003620383984311304,-0.0036574120520848075,-0.0033720460636712524,-0.014489983775987647,-0.012973022460859518,-0.014489983775987758,-0.013206280790525105,-0.014489983775987758,-0.01342361594846142
2022-08-01 00:00:00+00:00,-0.00026649404136758204,-0.000266876686492834,-0.00027930912398332897,-0.01703864239588826,-0.01722527880279423,-0.01772245127307326,0.0,0.0,0.0,0.0,0.0,0.0,-0.017038642395888037,-0.01722527880279412,-0.01772245127307326,-0.017020265577596172,-0.017151837338518994,-0.015829117106500257,-0.017045192343996263,-0.017252357088564096,-0.010685809418650494,-0.017020265577596172,-0.017151837338518994,-0.015829117106500257,-0.03361877042141803,-0.04235383080670174,-0.006137340264237401,-0.030769643163588656,-0.03686685047010785,-0.020040653377910167,-0.030769643163588545,-0.03686685047010796,-0.02004065337791039,-0.0014407416687546304,-0.011834526509980292,-0.0014407416687546304,-0.015886971898460778,-0.0014407416687546304,0.0040691155601007
2022-08-02 00:00:00+00:00,-0.002258103111328791,-0.0022613462712893773,-0.002366720409566647,-0.018903823137957465,-0.018907402054354483,-0.019077265130199805,0.0,0.0,0.0,0.0,0.0,0.0,-0.018903823137957354,-0.018907402054354483,-0.019077265130199916,-0.018903476086616244,-0.018906002051931492,-0.020626928089979235,-0.018903946838691787,-0.018907918296011905,-0.02329130497443388,-0.018903476086616244,-0.018906002051931492,-0.020626928089979235,-0.03891729503349872,-0.039272271300326844,-0.04596413812928113,-0.03880703131949548,-0.03905273411154819,-0.0448849881407668,-0.038807031319495366,-0.039052734111548304,-0.0448849881407668,-0.012222295742949418,-0.026519915335716404,-0.012222295742949307,-0.026683533566473128,-0.012222295742949418,-0.031048405648335997
2022-08-03 00:00:00+00:00,-0.0013079952513063153,-0.0013098780937080834,-0.0013710605512886609,-0.0043661097885974165,-0.004366952320900674,-0.004322587353506546,0.0,0.0,0.0,0.0,0.0,0.0,-0.0043661097885976385,-0.0043669523209007854,-0.004322587353506768,-0.004366028087668061,-0.004366622737933534,-0.004329402824676087,-0.004366138909562167,-0.004367073852683201,-0.00434123377266904,-0.004366028087668061,-0.004366622737933534,-0.004329402824676087,0.012085144455395547,0.01219988269738237,0.011236338126909162,0.01204952139471449,0.012128912146080806,0.011362291226860721,0.01204952139471449,0.012128912146080806,0.0113622912268605,-0.007151121821361239,0.0038479497686862985,-0.007151121821361239,0.0038780395205382234,-0.007151121821361128,0.0037648654048965113
2022-08-04 00:00:00+00:00,-0.0016017637443084265,-0.0016040724868625622,-0.0016790991931502353,-0.0014019728437082435,-0.0014022445703408826,-0.0013730053640984563,0.0,0.0,0.0,0.0,0.0,0.0,-0.0014019728437082435,-0.0014022445703411046,-0.0013730053640983453,-0.001401946494216877,-0.001402138275881093,-0.0013751796099901181,-0.0014019822355558764,-0.0014022837658159704,-0.001378953945053274,-0.001401946494216877,-0.001402138275881093,-0.0013751796099901181,-8.771792325157346e-05,-8.854069316799329e-05,0.00020400668830489188,-8.746243792501218e-05,-8.803179649619075e-05,0.00024209059268276434,-8.746243792501218e-05,-8.803179649607973e-05,0.00024209059268298638,-0.00880876232201544,0.007346453390372432,-0.008808762322015329,0.007399792416318052,-0.00880876232201544,0.007255711870856274
2022-08-05 00:00:00+00:00,0.005560588338851646,0.005568616110166236,0.0058295130632513015,0.041353485686151936,0.041361511963116326,0.04154971304973065,0.0,0.0,0.0,0.0,0.0,0.0,0.04135348568615216,0.041361511963116326,0.04154971304973065,0.04135270737358199,0.04135837223070604,0.04161560040828971,0.0413537631030223,0.04136266972168423,0.04172997682263291,0.04135270737358199,0.04135837223070604,0.04161560040828971,0.05301244740624389,0.053509733565415774,0.05078735867676687,0.052858030992615435,0.0532021538328884,0.05114170735421841,0.052858030992615435,0.0532021538328884,0.05114170735421841,0.030802327092451787,0.054114468488959844,0.030802327092451787,0.05441768628381549,0.03080232709245201,0.05444053762473078
2022-08-06 00:00:00+00:00,-0.0028557385508806155,-0.002859838523737279,-0.002993049148514726,-0.0157258870829875,-0.015728818081853335,-0.015809637119942654,0.0,0.0,0.0,0.0,0.0,0.0,-0.01572588708298761,-0.015728818081853335,-0.015809637119942765,-0.01572560285998359,-0.01572767153420851,-0.015833705590516667,-0.015725988389556855,-0.015729240863067706,-0.015875479749625776,-0.01572560285998359,-0.01572767153420851,-0.015833705590516667,0.0013041832145779253,0.0013157957906246853,0.0040984279418847525,0.001300575066113252,0.0013086145135976501,0.0038651552270876355,0.001300575066113252,0.001308614513597428,0.0038651552270876355,-0.015431710991170466,-0.006684072941292807,-0.015431710991170577,-0.006733662177036748,-0.015431710991170466,-0.007270355653746785
2022-08-07 00:00:00+00:00,0.0017225839340302418,0.0017250641341324258,0.001805658449959946,0.01078752527588267,0.010789567989829107,0.010713836483174921,0.0,0.0,0.0,0.0,0.0,0.0,0.010787525275882892,0.010789567989828885,0.010713836483174921,0.010787327191740026,0.01078876891988112,0.010730409559057241,0.010787595879713452,0.010789862641606307,0.010759176348648314,0.010787327191740026,0.01078876891988112,0.010730409559057241,-0.017814359716253447,-0.017972772094847156,-0.018435083462200352,-0.017765138590228657,-0.017874809494979438,-0.018412787754971238,-0.01776513859022877,-0.017874809494979438,-0.01841278775497135,0.00942731849276135,0.007744701602996118,0.009427318492761128,0.0078118311760513315,0.009427318492761128,0.007643854046227139
2022-08-08 00:00:00+00:00,0.005070524681547672,0.00507781272057084,0.005314618537309412,0.026239748398048324,0.02624466408981463,0.026299135944365615,0.0,0.0,0.0,0.0,0.0,0.0,0.026239748398048546,0.02624466408981485,0.026299135944365615,0.020540670526434157,0.017615824525797352,0.026339385793112013,0.026239918303063936,0.026245373153347407,0.026409246511774676,0.020540670526434157,0.017615824525797352,0.026339385793112013,-0.006377010533401561,-0.01248985623069554,0.0022347401234885655,0.0024660001077159155,0.002481500727631758,0.0024024817295147383,0.0024660001077161375,0.002481500727631758,0.0024024817295147383,0.02753804462020981,0.016869214110826425,0.02753804462020959,0.016973476246989083,0.02753804462020959,0.017233028198260003
2022-08-09 00:00:00+00:00,-0.005196072755485059,-0.005203503517044794,-0.005444888107073886,-0.034540543595737105,-0.034546848859121626,-0.034563154102128846,0.0,0.0,0.0,0.0,0.0,0.0,-0.034540543595737105,-0.03454684885912185,-0.034563154102128735,-0.03094588386792696,-0.031034829107081552,-0.03366164290910578,-0.034540761530644226,-0.03454775835630719,-0.03456043344179571,-0.03094588386792696,-0.031034829107081552,-0.03366164290910578,-0.0412670500040061,-0.04152247795193287,-0.04677288992343631,-0.03981862113968648,-0.04006829083188845,-0.04085646425725009,-0.03981862113968626,-0.040068290831888564,-0.04085646425724998,-0.02760285778469196,-0.04122807440754794,-0.02760285778469207,-0.04143791792399143,-0.02760285778469196,-0.042022860133830386
2022-08-10 00:00:00+00:00,0.006387467100652522,0.006396649422932388,0.006695007214735371,0.04993116024289135,0.04994060116724852,0.049609983441145644,0.0,0.0,0.0,0.0,0.0,0.0,0.04993116024289135,0.0499406011672483,0.049609983441145644,0.045767258590534654,0.04590301693974874,0.045516690966665996,0.049931486556619165,0.049941962975276644,0.049609834697581956,0.045767258590534654,0.04590301693974874,0.045516690966665996,0.05738408409202167,0.057754657722251856,0.0573191009685432,0.049163646226054514,0.04948477805735685,0.04935800746390462,0.04916364622605429,0.04948477805735729,0.049358007463904396,0.03471373293428215,0.054331838184108694,0.03471373293428193,0.054619757328452145,0.03471373293428215,0.05482950676225773
2022-08-11 00:00:00+00:00,-0.000136742625195585,-0.0001369379505344881,-0.00014328264545138136,-0.0016157567556152053,-0.001616047729565695,-0.0017259100405613292,0.0,0.0,0.0,0.0,0.0,0.0,-0.0016157567556154273,-0.001616047729565806,-0.0017259100405613292,-0.004063172247679936,-0.004074695775821979,-0.004155918832777883,-0.0016157668128530256,-0.0016160897007299058,-0.001725905110419923,-0.004063172247679936,-0.004074695775821979,-0.004155918832777883,-0.018246928454058398,-0.018358329143989605,-0.01819861235697917,-0.014508792718212038,-0.014599094101537813,-0.01418023970282245,-0.01450879271821226,-0.014599094101537813,-0.014180239702822561,-0.000722805687963235,-0.011970859926644262,-0.000722805687963346,-0.012036551228777004,-0.000722805687963346,-0.012026945084990914
2022-08-12 00:00:00+00:00,0.0037137174933399297,0.003719022952940687,0.0038913597472702843,0.028853492259196534,0.02885869675812547,0.028826314773987338,0.0,0.0,0.0,0.0,0.0,0.0,0.028853492259196756,0.028858696758125246,0.028826314773987338,0.023044191830780214,0.023109814659668437,0.02290838001866513,0.028853672147695963,0.028859447474643973,0.028826232287932463,0.023044191830780214,0.023109814659668437,0.02290838001866513,0.026942758950559087,0.027110325447636807,0.02697041717782378,0.023533676593542774,0.023682318049606854,0.024007418563207317,0.023533676593542996,0.023682318049606854,0.02400741856320754,0.019641793687664055,0.027218171368466493,0.019641793687664055,0.027365681771366557,0.019641793687664055,0.027540524695449875
2022-08-13 00:00:00+00:00,0.0003249830809397558,0.0003254456352637103,0.00034046808939081075,0.030144753732917806,0.03015003863013721,0.03049003435292752,0.0,0.0,0.0,0.0,0.0,0.0,0.030144753732917584,0.030150038630137654,0.030490034352927742,0.025474837357232216,0.02554574329993664,0.025579243218822656,0.030144936401198308,0.030150800939195754,0.03048994955069384,0.025474837357232216,0.02554574329993664,0.025579243218822656,-0.02245536752882793,-0.022591339125631382,-0.022476714982171297,0.0004213245486897055,0.0004239241199825994,0.00011442764797897631,0.00042132454868948344,0.0004239241199825994,0.00011442764797897631,0.001691980153331052,-0.003159670702450712,0.001691980153331052,-0.0031759903908495923,0.001691980153331052,-0.0031477735783526084
2022-08-14 00:00:00+00:00,-0.0010992829127211001,-0.0011008470330278186,-0.0011516444434545026,-0.013635559057506685,-0.01363787964138563,-0.013802894770504781,0.0,0.0,0.0,0.0,0.0,0.0,-0.013635559057506574,-0.013637879641385742,-0.013802894770504781,0.05199907202638254,0.05214019956670901,0.0521611535296973,-0.013635639267044919,-0.01363821436723811,-0.013802857516257427,0.05199907202638254,0.05214019956670901,0.0521611535296973,-0.021126385400331515,-0.021257266533169172,-0.021108282519004318,-0.016800492225696573,-0.01690410729104863,-0.016929652930602557,-0.01680049222569646,-0.016904107291048742,-0.016929652930602557,-0.00571545630628123,-0.0035229234180375046,-0.00571545630628123,-0.0035163037590542068,-0.00571545630628123,-0.003951477984430518
2022-08-15 00:00:00+00:00,-0.0017233283699535917,-0.001725783118829205,-0.0018055093536609723,-0.02513733659211359,-0.02534429671654559,-0.025264099099609805,0.0,0.0,0.0,0.0,0.0,0.0,-0.025137336592113813,-0.0253442967165457,-0.025264099099609583,-0.027511270328486326,-0.030789152681515608,-0.041289414663343904,-0.02513732955566894,-0.02534423667540331,-0.025264029957011602,-0.027511270328486326,-0.030789152681515608,-0.041289414663343904,-0.044852770092542626,-0.050730378441627755,-0.014867397378220293,-0.04095531648895245,-0.04683657251026907,-0.02180837207129649,-0.04095531648895245,-0.04683657251026896,-0.02180837207129649,-0.009001628921017635,-0.025553590501107504,-0.009001628921017524,-0.025690098390051763,-0.009001628921017635,-0.025637856238102774
2022-08-16 00:00:00+00:00,-0.0018919224835848292,-0.001894622040673699,-0.0019823064649324706,-0.007496332802903183,-0.00749792451755571,-0.0076110664605990586,0.0,0.0,0.0,0.0,0.0,0.0,-0.007496332802903294,-0.007497924517555821,-0.0076110664605990586,-0.007395777727161712,-0.0074332061938322536,-0.010574034881654759,-0.007496332746377399,-0.007497924045571591,-0.007611061979658218,-0.007395777727161712,-0.0074332061938322536,-0.010574034881654759,-0.007104909045056007,-0.014405706292239251,-0.011635206012291621,-0.010561577106741549,-0.010626727648150092,-0.015337946229996846,-0.010561577106741549,-0.01062672764814998,-0.01533794622999718,-0.009954842388232743,0.004750331303319477,-0.009954842388232854,0.004772829145281099,-0.009954842388232743,0.0054062873082287854
2022-08-17 00:00:00+00:00,-0.004083217492550362,-0.00408905483665678,-0.004278675020528144,-0.03380503773032306,-0.03381226986252861,-0.03402607066514596,0.0,0.0,0.0,0.0,0.0,0.0,-0.03380503773032295,-0.03381226986252861,-0.03402607066514607,-0.03301474622127232,-0.033185783653849166,-0.03341764325762053,-0.033805037473491395,-0.0338122677180126,-0.0340260705171751,-0.03301474622127232,-0.033185783653849166,-0.03341764325762053,0.0,0.0,-0.03744962685951081,-0.02454730997200605,-0.024700359850073905,-0.02570595813276566,-0.02454730997200605,-0.024700359850073905,-0.02570595813276577,-0.02165988415591824,-0.03851562322747204,-0.02165988415591802,-0.03872244681249992,-0.02165988415591813,-0.03907073526479787
2022-08-18 00:00:00+00:00,-0.0012036626408622464,-0.0012053904551377892,-0.0012615277612986198,-0.018796111080354616,-0.018800272978203747,-0.01902286771718642,0.0,0.0,0.0,0.0,0.0,0.0,-0.018796111080354727,-0.018800272978203636,-0.01902286771718642,-0.018133020259346266,-0.018233623421132328,-0.01848923645538547,-0.018796110932556398,-0.018800271744083386,-0.01902286763154648,-0.018133020259346266,-0.018233623421132328,-0.01848923645538547,0.0,0.0,-0.0557138123298343,-0.048467112634611564,-0.04877695312062835,-0.04912271397770607,-0.048467112634611564,-0.04877695312062846,-0.049122713977705845,-0.006499674180857284,-0.047388620177905905,-0.0064996741808573955,-0.04764639939515036,-0.0064996741808573955,-0.04793024750178798
2022-08-19 00:00:00+00:00,-0.018703204202114576,-0.018730084377776013,-0.019603481536047407,-0.097837493145844,-0.09785957173465487,-0.09811073706496354,0.0,0.0,0.0,0.0,0.0,0.0,-0.09783749314584389,-0.09785957173465498,-0.09811073706496354,-0.09492840697152771,-0.09548362174470382,-0.09606461730780924,-0.09783749236178607,-0.09785956518770034,-0.09811073661470993,-0.09492840697152771,-0.09548362174470382,-0.09606461730780924,0.0,0.0,-0.0803606560093788,-0.007258785145709767,-0.014499163702621831,-0.0979281887356186,-0.007258785145709656,-0.014499163702621942,-0.0979281887356187,-0.10153405900784229,-0.09809728373773008,-0.10153405900784251,-0.09864992722563981,-0.1015340590078424,-0.09994455054282347
2022-08-20 00:00:00+00:00,0.0024632071194814475,0.0024668148038440307,0.0025841441975307244,-0.007064747895397683,-0.01410336373256904,0.0007676175328383827,0.0,0.0,0.0,0.0,0.0,0.0,-0.007064747895397683,-0.01410336373256893,0.0007676175328381607,-0.0068327090761394205,-0.013718803712449046,0.0004814583284067364,-0.007064747832642104,-0.014103362686682552,0.000767617528932174,-0.0068327090761394205,-0.013718803712449046,0.0004814583284067364,0.0,0.0,-0.0070577529481269385,0.0,0.0,0.0006324024270116801,0.0,0.0,0.0006324024270116801,0.014604793678311578,-0.0015432062040542371,0.014604793678311578,-0.0015659168271208168,0.014604793678311578,-0.0010936826464543747
2022-08-21 00:00:00+00:00,0.0030635903196607472,0.00306806630119838,0.0032136169644834123,0.0,0.0,-0.007058523356540225,0.0,0.0,0.0,0.0,0.0,0.0,0.0,0.0,-0.007058523356540003,0.0,0.0,-0.00689177544054187,0.0,0.0,-0.007058523320650489,0.0,0.0,-0.00689177544054187,0.0,0.0,0.0,0.0,0.0,-0.006995400705615218,0.0,0.0,-0.006995400705615218,0.017947200536632568,0.028224055517660274,0.01794720053663279,0.02840885071035304,0.017947200536632568,0.028332649135788035
2022-08-22 00:00:00+00:00,-0.001419165943806533,-0.002808847098666023,-0.0010163260889223258,0.0,0.0,0.0,0.0,0.0,0.0,0.0,0.0,0.0,0.0,0.0,0.0,0.0,0.0,0.0,0.0,0.0,0.0,0.0,0.0,0.0,0.0,0.0,0.0,0.0,0.0,0.0,0.0,0.0,0.0,-0.005593760194659181,-0.004034372410547049,-0.005593760194659181,-0.004060960364408062,-0.005593760194659181,-0.004175781531380207
2022-08-23 00:00:00+00:00,0.0,0.0,-0.0014626163893630695,0.0,0.0,0.0,0.0,0.0,0.0,0.0,0.0,0.0,0.0,0.0,0.0,0.0,0.0,0.0,0.0,0.0,0.0,0.0,0.0,0.0,0.0,0.0,0.0,0.0,0.0,0.0,0.0,0.0,0.0,0.006079469115464864,0.01878945550332034,0.006079469115465086,0.018912262404327196,0.006079469115465086,0.018782726161868046
2022-08-24 00:00:00+00:00,0.0,0.0,0.0,0.0,0.0,0.0,0.0,0.0,0.0,0.0,0.0,0.0,0.0,0.0,0.0,0.0,0.0,0.0,0.0,0.0,0.0,0.0,0.0,0.0,0.0,0.0,0.0,0.0,0.0,0.0,0.0,0.0,0.0,-0.007488733455529029,-0.004069658210028693,-0.007488733455529029,-0.004092682513181178,-0.0074887334555289176,-0.0041366251265395615
2022-08-25 00:00:00+00:00,0.0,0.0,0.0,0.0,0.0,0.0,0.0,0.0,0.0,0.0,0.0,0.0,0.0,0.0,0.0,0.0,0.0,0.0,0.0,0.0,0.0,0.0,0.0,0.0,0.0,0.0,0.0,0.0,0.0,0.0,0.0,0.0,0.0,0.00911400319743616,0.019914890888423242,0.00911400319743616,0.020023408966893363,0.00911400319743616,0.02003549072871813
2022-08-26 00:00:00+00:00,0.0,0.0,0.0,0.0,0.0,0.0,0.0,0.0,0.0,0.0,0.0,0.0,0.0,0.0,0.0,0.0,0.0,0.0,0.0,0.0,0.0,0.0,0.0,0.0,0.0,0.0,0.0,0.0,0.0,0.0,0.0,0.0,0.0,-0.061272079495924725,-0.049920707038087264,-0.061272079495924614,-0.05028251225981062,-0.061272079495924725,-0.04988662160115853
2022-08-27 00:00:00+00:00,0.0,0.0,0.0,0.0,0.0,0.0,0.0,0.0,0.0,0.0,0.0,0.0,0.0,0.0,0.0,0.0,0.0,0.0,0.0,0.0,0.0,0.0,0.0,0.0,0.0,0.0,0.0,0.0,0.0,0.0,0.0,0.0,0.0,-0.010080175013537196,-0.014780675976199698,-0.010080175013537196,-0.014854531387230807,-0.010080175013537196,-0.014526647110002622
2022-08-28 00:00:00+00:00,0.0,0.0,0.0,0.0,0.0,0.0,0.0,0.0,0.0,0.0,0.0,0.0,0.0,0.0,0.0,0.0,0.0,0.0,0.0,0.0,0.0,0.0,0.0,0.0,0.0,0.0,0.0,0.0,0.0,0.0,0.0,0.0,0.0,-0.0240888090797432,-0.03979270779054078,-0.02408880907974309,-0.04004231505816802,-0.0240888090797432,-0.04016143920966686
2022-08-29 00:00:00+00:00,0.0,0.0,0.0,0.0,0.0,0.0,0.0,0.0,0.0,0.0,0.0,0.0,0.0,0.0,0.0,0.0,0.0,0.0,0.0,0.0,0.0,0.0,0.0,0.0,0.0,0.0,0.0,0.0,0.0,0.0,0.0,0.0,0.0,0.037482810448792536,0.07565543823673182,0.03748281044879276,0.07614276127591468,0.03748281044879276,0.07673688543799195
2022-08-30 00:00:00+00:00,0.0,0.0,0.0,0.0,0.0,0.0,0.0,0.0,0.0,0.0,0.0,0.0,0.0,0.0,0.0,0.0,0.0,0.0,0.0,0.0,0.0,0.0,0.0,0.0,0.0,0.0,0.0,0.0,0.0,0.0,0.0,0.0,0.0,-0.023354892327439924,-0.027058290935514373,-0.023354892327439924,-0.027214195674523767,-0.023354892327439924,-0.02745624665123858
2022-08-31 00:00:00+00:00,0.0,0.0,0.0,0.0,0.0,0.0,0.0,0.0,0.0,0.0,0.0,0.0,0.0,0.0,0.0,0.0,0.0,0.0,0.0,0.0,0.0,0.0,0.0,0.0,0.0,0.0,0.0,0.0,0.0,0.0,0.0,0.0,0.0,0.011865340074304065,-0.00032871464401329487,0.011865340074304065,-0.00033502352260539325,0.011865340074303843,-0.0004793227930928179
2022-09-01 00:00:00+00:00,0.0,0.0,0.0,0.0,0.0,0.0,0.0,0.0,0.0,0.0,0.0,0.0,0.0,0.0,0.0,0.0,0.0,0.0,0.0,0.0,0.0,0.0,0.0,0.0,0.0,0.0,0.0,0.0,0.0,0.0,0.0,0.0,0.0,0.004259222496117099,0.016830545496966165,0.004259222496116877,0.014455331319651377,0.004259222496117099,0.018437153765456182
2022-09-02 00:00:00+00:00,0.0,0.0,0.0,0.0,0.0,0.0,0.0,0.0,0.0,0.0,0.0,0.0,0.0,0.0,0.0,0.0,0.0,0.0,0.0,0.0,0.0,0.0,0.0,0.0,0.0,0.0,0.0,0.0,0.0,0.0,0.0,0.0,0.0,-0.008935786606005247,0.008244489499049434,-0.00893578660600547,0.008258452100148528,-0.008935786606005358,0.006375689140794227
2022-09-03 00:00:00+00:00,0.0,0.0,0.0,0.0,0.0,0.0,0.0,0.0,0.0,0.0,0.0,0.0,0.0,0.0,0.0,0.0,0.0,0.0,0.0,0.0,0.0,0.0,0.0,0.0,0.0,0.0,0.0,0.0,0.0,0.0,0.0,0.0,0.0,-0.005927209635887776,0.005556702142340164,-0.005927209635887776,0.005567219940440182,-0.005927209635887887,0.005058679616925854
2022-09-04 00:00:00+00:00,0.0,0.0,0.0,0.0,0.0,0.0,0.0,0.0,0.0,0.0,0.0,0.0,0.0,0.0,0.0,0.0,0.0,0.0,0.0,0.0,0.0,0.0,0.0,0.0,0.0,0.0,0.0,0.0,0.0,0.0,0.0,0.0,0.0,0.00853319835627775,0.01430846951383602,0.008533198356277971,0.014391777261879346,0.00853319835627775,0.013385102573943097
2022-09-05 00:00:00+00:00,0.0,0.0,0.0,0.0,0.0,0.0,0.0,0.0,0.0,0.0,0.0,0.0,0.0,0.0,0.0,0.0,0.0,0.0,0.0,0.0,0.0,0.0,0.0,0.0,0.0,0.0,0.0,0.0,0.0,0.0,0.0,0.0,0.0,-0.010505015563818998,0.008564715322981531,-0.010505015563818887,0.008621357044448885,-0.010505015563818887,0.009152368176733594
2022-09-06 00:00:00+00:00,0.0,0.0,0.0,0.0,0.0,0.0,0.0,0.0,0.0,0.0,0.0,0.0,0.0,0.0,0.0,0.0,0.0,0.0,0.0,0.0,0.0,0.0,0.0,0.0,0.0,0.0,0.0,0.0,0.0,0.0,0.0,0.0,0.0,-0.05070428369786084,-0.05408771639135468,-0.05070428369786062,-0.05440905363281512,-0.05070428369786084,-0.05363375556836836
2022-09-07 00:00:00+00:00,0.0,0.0,0.0,0.0,0.0,0.0,0.0,0.0,0.0,0.0,0.0,0.0,0.0,0.0,0.0,0.0,0.0,0.0,0.0,0.0,0.0,0.0,0.0,0.0,0.0,0.0,0.0,0.0,0.0,0.0,0.0,0.0,0.0,0.02674750717235086,0.06383430613910801,0.02674750717235108,0.06414069257257538,0.02674750717235108,0.0650381590966227
2022-09-08 00:00:00+00:00,0.0,0.0,0.0,0.0,0.0,0.0,0.0,0.0,0.0,0.0,0.0,0.0,0.0,0.0,0.0,0.0,0.0,0.0,0.0,0.0,0.0,0.0,0.0,0.0,0.0,0.0,0.0,0.0,0.0,0.0,0.0,0.0,0.0,0.0014694052718216,0.0039907505365148754,0.0014694052718216,0.0040488976876496,0.001469405271821822,0.0035047173455953207
2022-09-09 00:00:00+00:00,0.0,0.0,0.0,0.0,0.0,0.0,0.0,0.0,0.0,0.0,0.0,0.0,0.0,0.0,0.0,0.0,0.0,0.0,0.0,0.0,0.0,0.0,0.0,0.0,0.0,0.0,0.0,0.0,0.0,0.0,0.0,0.0,0.0,0.10571595813448709,0.05724891781277641,0.10571595813448686,0.05759864379104829,0.10571595813448709,0.05748063092686628
2022-09-10 00:00:00+00:00,0.0,0.0,0.0,0.0,0.0,0.0,0.0,0.0,0.0,0.0,0.0,0.0,0.0,0.0,0.0,0.0,0.0,0.0,0.0,0.0,0.0,0.0,0.0,0.0,0.0,0.0,0.0,0.0,0.0,0.0,0.0,0.0,0.0,0.013434435629197994,0.01742256229765382,0.013434435629197994,0.017485220288410597,0.013434435629197994,0.017957244497915026
2022-09-11 00:00:00+00:00,0.0,0.0,0.0,0.0,0.0,0.0,0.0,0.0,0.0,0.0,0.0,0.0,0.0,0.0,0.0,0.0,0.0,0.0,0.0,0.0,0.0,0.0,0.0,0.0,0.0,0.0,0.0,0.0,0.0,0.0,0.0,0.0,0.0,0.00832274131331201,-0.0027813823845798114,0.00832274131331201,-0.0028073577775629133,0.00832274131331201,-0.002889913549294687
2022-09-12 00:00:00+00:00,0.0,0.0,0.0,0.0,0.0,0.0,0.0,0.0,0.0,0.0,0.0,0.0,0.0,0.0,0.0,0.0,0.0,0.0,0.0,0.0,0.0,0.0,0.0,0.0,0.0,0.0,0.0,0.0,0.0,0.0,0.0,0.0,0.0,0.02615414635218838,-0.005463587985065965,0.02615414635218838,-0.00548436741923386,0.02615414635218838,-0.005266274743404908
2022-09-13 00:00:00+00:00,0.0,0.0,0.0,0.0,0.0,0.0,0.0,0.0,0.0,0.0,0.0,0.0,0.0,0.0,0.0,0.0,0.0,0.0,0.0,0.0,0.0,0.0,0.0,0.0,0.0,0.0,0.0,0.0,0.0,0.0,0.0,0.0,0.0,-0.0994491291455365,-0.07885559062684722,-0.09944912914553627,-0.07925323973136944,-0.09944912914553639,-0.07933474790562156
2022-09-14 00:00:00+00:00,0.0,0.0,0.0,0.0,0.0,0.0,0.0,0.0,0.0,0.0,0.0,0.0,0.0,0.0,0.0,0.0,0.0,0.0,0.0,0.0,0.0,0.0,0.0,0.0,0.0,0.0,0.0,0.0,0.0,0.0,0.0,0.0,0.0,0.0026265466091823786,0.010420877125169925,0.0026265466091823786,0.0105147881905574,0.0026265466091823786,0.010064598100799627
2022-09-15 00:00:00+00:00,0.0,0.0,0.0,0.0,0.0,0.0,0.0,0.0,0.0,0.0,0.0,0.0,0.0,0.0,0.0,0.0,0.0,0.0,0.0,0.0,0.0,0.0,0.0,0.0,0.0,0.0,0.0,0.0,0.0,0.0,0.0,0.0,0.0,-0.025909924821174157,-0.029590022222816592,-0.025909924821174157,-0.029733549425899897,-0.025909924821174046,-0.029930331649580477
2022-09-16 00:00:00+00:00,0.0,0.0,0.0,0.0,0.0,0.0,0.0,0.0,0.0,0.0,0.0,0.0,0.0,0.0,0.0,0.0,0.0,0.0,0.0,0.0,0.0,0.0,0.0,0.0,0.0,0.0,0.0,0.0,0.0,0.0,0.0,0.0,0.0,0.0049417189792562155,0.0022024356554586344,0.0049417189792564375,0.0022632543739515842,0.0049417189792562155,0.002211424943804552
2022-09-17 00:00:00+00:00,0.0,0.0,0.0,0.0,0.0,0.0,0.0,0.0,0.0,0.0,0.0,0.0,0.0,0.0,0.0,0.0,0.0,0.0,0.0,0.0,0.0,0.0,0.0,0.0,0.0,0.0,0.0,0.0,0.0,0.0,0.0,0.0,0.0,0.015773413921692736,0.03131176418185522,0.015773413921692958,0.03145821002206928,0.015773413921692958,0.03190136180349268
2022-09-18 00:00:00+00:00,0.0,0.0,0.0,0.0,0.0,0.0,0.0,0.0,0.0,0.0,0.0,0.0,0.0,0.0,0.0,0.0,0.0,0.0,0.0,0.0,0.0,0.0,0.0,0.0,0.0,0.0,0.0,0.0,0.0,0.0,0.0,0.0,0.0,-0.0345904241805326,-0.090287179525944,-0.0345904241805326,-0.09073833622884275,-0.034590424180532486,-0.09035154119260125
2022-09-19 00:00:00+00:00,0.0,0.0,0.0,0.0,0.0,0.0,0.0,0.0,0.0,0.0,0.0,0.0,0.0,0.0,0.0,0.0,0.0,0.0,0.0,0.0,0.0,0.0,0.0,0.0,0.0,0.0,0.0,0.0,0.0,0.0,0.0,0.0,0.0,0.006321056523861834,0.030697320042290865,0.006321056523861612,0.03085426567763694,0.006321056523861834,0.031572205335738346
2022-09-20 00:00:00+00:00,0.0,0.0,0.0,0.0,0.0,0.0,0.0,0.0,0.0,0.0,0.0,0.0,0.0,0.0,0.0,0.0,0.0,0.0,0.0,0.0,0.0,0.0,0.0,0.0,0.0,0.0,0.0,0.0,0.0,0.0,0.0,0.0,0.0,-0.033953792096161894,-0.021818800503378255,-0.033953792096162116,-0.021998058241351703,-0.033953792096162116,-0.020887460472021946
2022-09-21 00:00:00+00:00,0.0,0.0,0.0,0.0,0.0,0.0,0.0,0.0,0.0,0.0,0.0,0.0,0.0,0.0,0.0,0.0,0.0,0.0,0.0,0.0,0.0,0.0,0.0,0.0,0.0,0.0,0.0,0.0,0.0,0.0,0.0,0.0,0.0,-0.02194585872370003,-0.022020906283930608,-0.02194585872370003,-0.022171402319555056,-0.02194585872370003,-0.02258843019819423
2022-09-22 00:00:00+00:00,0.0,0.0,0.0,0.0,0.0,0.0,0.0,0.0,0.0,0.0,0.0,0.0,0.0,0.0,0.0,0.0,0.0,0.0,0.0,0.0,0.0,0.0,0.0,0.0,0.0,0.0,0.0,0.0,0.0,0.0,0.0,0.0,0.0,0.05083834164561529,0.052977133465778925,0.05083834164561529,0.05331140621757213,0.05083834164561529,0.05339064121285553
2022-09-23 00:00:00+00:00,0.0,0.0,0.0,0.0,0.0,0.0,0.0,0.0,0.0,0.0,0.0,0.0,0.0,0.0,0.0,0.0,0.0,0.0,0.0,0.0,0.0,0.0,0.0,0.0,0.0,0.0,0.0,0.0,0.0,0.0,0.0,0.0,0.0,-0.005939823464983007,0.012083035874613568,-0.005939823464982896,0.01214209420133594,-0.005939823464983007,0.011959423355841325
2022-09-24 00:00:00+00:00,0.0,0.0,0.0,0.0,0.0,0.0,0.0,0.0,0.0,0.0,0.0,0.0,0.0,0.0,0.0,0.0,0.0,0.0,0.0,0.0,0.0,0.0,0.0,0.0,0.0,0.0,0.0,0.0,0.0,0.0,0.0,0.0,0.0,-0.01881208191844741,-0.01995957721060282,-0.01881208191844741,-0.020048325495309327,-0.01881208191844752,-0.020062502918009595
2022-09-25 00:00:00+00:00,0.0,0.0,0.0,0.0,0.0,0.0,0.0,0.0,0.0,0.0,0.0,0.0,0.0,0.0,0.0,0.0,0.0,0.0,0.0,0.0,0.0,0.0,0.0,0.0,0.0,0.0,0.0,0.0,0.0,0.0,0.0,0.0,0.0,-0.0060555297201320135,0.0008476346029819837,-0.0060555297201319025,0.0008397808563043174,-0.0060555297201320135,0.0011769424326844025
2022-09-26 00:00:00+00:00,0.0,0.0,0.0,0.0,0.0,0.0,0.0,0.0,0.0,0.0,0.0,0.0,0.0,0.0,0.0,0.0,0.0,0.0,0.0,0.0,0.0,0.0,0.0,0.0,0.0,0.0,0.0,0.0,0.0,0.0,0.0,0.0,0.0,0.022297766820621012,0.007456083262923352,0.02229776682062079,0.007501030176078505,0.02229776682062079,0.007079116916260064
2022-09-27 00:00:00+00:00,0.0,0.0,0.0,0.0,0.0,0.0,0.0,0.0,0.0,0.0,0.0,0.0,0.0,0.0,0.0,0.0,0.0,0.0,0.0,0.0,0.0,0.0,0.0,0.0,0.0,0.0,0.0,0.0,0.0,0.0,0.0,0.0,0.0,-0.007823486582067773,-0.011358861724716784,-0.007823486582067884,-0.011416884182241072,-0.007823486582067662,-0.01146132858178639
2022-09-28 00:00:00+00:00,0.0,0.0,0.0,0.0,0.0,0.0,0.0,0.0,0.0,0.0,0.0,0.0,0.0,0.0,0.0,0.0,0.0,0.0,0.0,0.0,0.0,0.0,0.0,0.0,0.0,0.0,0.0,0.0,0.0,0.0,0.0,0.0,0.0,0.017533679603848773,-0.005093055272610281,0.017533679603848995,-0.005135938649034166,0.017533679603848773,-0.005198721423060881
2022-09-29 00:00:00+00:00,0.0,0.0,0.0,0.0,0.0,0.0,0.0,0.0,0.0,0.0,0.0,0.0,0.0,0.0,0.0,0.0,0.0,0.0,0.0,0.0,0.0,0.0,0.0,0.0,0.0,0.0,0.0,0.0,0.0,0.0,0.0,0.0,0.0,0.009452881634982813,0.004513847091430545,0.009452881634982813,0.004545211380266201,0.009452881634982813,0.004773363752794912
2022-09-30 00:00:00+00:00,0.0,0.0,0.0,0.0,0.0,0.0,0.0,0.0,0.0,0.0,0.0,0.0,0.0,0.0,0.0,0.0,0.0,0.0,0.0,0.0,0.0,0.0,0.0,0.0,0.0,0.0,0.0,0.0,0.0,0.0,0.0,0.0,0.0,-0.008647872963123748,-0.00646207047481151,-0.008647872963123637,-0.006485241665427743,-0.008647872963123748,-0.006395385691696509
2022-10-01 00:00:00+00:00,0.0,0.0,0.0,0.0,0.0,0.0,0.0,0.0,0.0,0.0,0.0,0.0,0.0,0.0,0.0,0.0,0.0,0.0,0.0,0.0,0.0,0.0,0.0,0.0,0.0,0.0,0.0,0.0,0.0,0.0,0.0,0.0,0.0,-0.0057057228647422464,-0.013955262754899111,-0.0057057228647423575,-0.016404426734444977,-0.0057057228647423575,-0.008980041272344086
2022-10-02 00:00:00+00:00,0.0,0.0,0.0,0.0,0.0,0.0,0.0,0.0,0.0,0.0,0.0,0.0,0.0,0.0,0.0,0.0,0.0,0.0,0.0,0.0,0.0,0.0,0.0,0.0,0.0,0.0,0.0,0.0,0.0,0.0,0.0,0.0,0.0,-0.01325893968865055,-0.026786018694791247,-0.01325893968865044,-0.02694901492651125,-0.013258939688650662,-0.029765713385858872
2022-10-03 00:00:00+00:00,0.0,0.0,0.0,0.0,0.0,0.0,0.0,0.0,0.0,0.0,0.0,0.0,0.0,0.0,0.0,0.006227507651577424,0.0019075076515773226,0.0,0.006227507651577424,0.0019075076515775446,0.0,0.006227507651577424,0.0019075076515773226,0.0,0.022579713244051947,0.01537971324405163,0.0,0.0,0.0,0.0,0.0,0.0,0.0,0.03013195223086851,0.031524234220248415,0.03013195223086851,0.0317015168399184,0.03013195223086851,0.03157615125732072
2022-10-04 00:00:00+00:00,0.0,0.0,0.0,0.0,0.0,0.0,0.0,0.0,0.0,0.0,0.0,0.0,0.0,0.0,0.0,0.008680313443443888,0.008717741004160784,0.004165717668024316,0.008680313443443666,0.008717741004161006,0.004165717668024094,0.008680313443443888,0.008717741004160784,0.004165717668024316,0.017249137031353223,0.017371449684448148,0.009623843353601114,0.0,0.0,0.0,0.0,0.0,0.0,0.036250869688786436,0.024525925575244356,0.036250869688786436,0.024683393703598178,0.036250869688786436,0.025444533103542666
2022-10-05 00:00:00+00:00,0.0,0.0,0.0,0.0,0.0,0.0,0.0,0.0,0.0,0.0,0.0,0.0,0.0,0.0,0.0,-0.006799362516662799,-0.00682842646771864,-0.006570766028925035,-0.00679936251666291,-0.006828426467718862,-0.006570766028924924,-0.006799362516662799,-0.00682842646771864,-0.006570766028925035,0.0015786221737912332,0.001589624959813296,0.0014893415277130728,0.0,0.0,0.0,0.0,0.0,0.0,-0.009022771475714841,-0.0048722874136958305,-0.009022771475714841,-0.004892012501775289,-0.009022771475714841,-0.005112350032726476
2022-10-06 00:00:00+00:00,0.0,0.0,0.0,0.0,0.0,0.0,0.0,0.0,0.0,0.0,0.0,0.0,0.0,0.0,0.0,-0.0017148239690563116,-0.0017222044000041459,-0.0017055537036562152,-0.0017148239690560896,-0.0017222044000041459,-0.0017055537036563262,-0.0017148239690563116,-0.0017222044000041459,-0.0017055537036562152,-0.00400071109071054,-0.004028551258042801,-0.0040016342142661365,0.0,0.0,0.0,0.0,0.0,0.0,-0.00972044905121705,-0.012925397266734029,-0.00972044905121705,-0.013000760976855763,-0.00972044905121705,-0.013058233479321113
2022-10-07 00:00:00+00:00,0.0,0.0,0.0,0.0,0.0,0.0,0.0,0.0,0.0,0.0,0.0,0.0,0.0,0.0,0.0,0.0014286542918395817,0.0014348136848361115,0.001436589728499138,0.0014286542918395817,0.0014348136848361115,0.001436589728498916,0.0014286542918395817,0.0014348136848361115,0.001436589728499138,-0.0015463939536014548,-0.00155719853399372,-0.0014364031926886733,0.0,0.0,0.0,0.0,0.0,0.0,-0.021666723430854296,-0.010838013161947768,-0.021666723430854296,-0.010880696259513267,-0.021666723430854185,-0.010796341820389688
2022-10-08 00:00:00+00:00,0.0,0.0,0.0,0.0,0.0,0.0,0.0,0.0,0.0,0.0,0.0,0.0,0.0,0.0,0.0,0.016084716309020752,0.01615396339225672,0.015397690288091459,0.016084716309020752,0.016153963392256943,0.015397690288091681,0.016084716309020752,0.01615396339225672,0.015397690288091459,0.004106107840429862,0.004134841763413721,0.004009104428691179,0.0,0.0,0.0,0.0,0.0,0.0,-0.005818855734255668,-0.0036169522346425342,-0.005818855734255557,-0.0036356931055941955,-0.005818855734255668,-0.003264094937722173
2022-10-09 00:00:00+00:00,0.0,0.0,0.0,0.0,0.0,0.0,0.0,0.0,0.0,0.0,0.0,0.0,0.0,0.0,0.0,0.015702221409300332,0.01576874714117027,0.015259251338874957,0.01570222140930011,0.01576874714117049,0.01525925133887518,0.015702221409300332,0.01576874714117027,0.015259251338874957,0.021295805797618694,0.021444216975942343,0.021010338545886853,0.0,0.0,0.0,0.0,0.0,0.0,0.0012399977548214203,0.011970146101974999,0.0012399977548211982,0.012036293572341705,0.0012399977548214203,0.012347713116745984
2022-10-10 00:00:00+00:00,0.0,0.0,0.0,0.0,0.0,0.0,0.0,0.0,0.0,0.0,0.0,0.0,0.0,0.0,0.0,-0.022774433305648323,-0.025818944326624682,-0.02345462820410904,-0.030829606188975456,-0.03257861835677012,-0.02345462820410904,-0.022774433305648323,-0.025818944326624682,-0.02345462820410904,-0.031794407499354804,-0.03486603871164362,-0.03237753087794548,-0.03949727471251585,-0.046697274712515724,0.0,-0.03949727471251563,-0.046697274712515835,0.0,-0.015976572083069462,-0.04075782107404924,-0.015976572083069684,-0.04100393564094529,-0.015976572083069462,-0.041366798673796
2022-10-11 00:00:00+00:00,0.0,0.0,0.0,0.0,0.0,0.0,0.0,0.0,0.0,0.0,0.0,0.0,0.0,0.0,0.0,-0.019241644554777948,-0.019349298725202524,-0.022121225870959438,-0.020308796916113314,-0.02039715646474649,-0.02173867150861719,-0.019241644554777948,-0.019349298725202524,-0.022121225870959438,-0.029118592145838895,-0.029211219075740535,-0.03226520219714757,-0.021931399089684667,-0.022097040149189895,-0.028883433290938676,-0.021931399089684667,-0.022097040149190006,-0.028883433290938787,-0.0039053292168488296,-0.02348377462298845,-0.0039053292168488296,-0.023628072409456413,-0.0039053292168488296,-0.02405201287877934
2022-10-12 00:00:00+00:00,0.0,0.0,0.0,0.0,0.0,0.0,0.0,0.0,0.0,0.0,0.0,0.0,0.0,0.0,0.0,0.001582124948125374,0.0015883974633337239,0.0015808044408245348,-0.0005637331782130106,-0.000572669604312015,-0.0005923436687160777,0.001582124948125374,0.0015883974633337239,0.0015808044408245348,-3.1999791579084835e-05,-3.210464661596024e-05,1.1486673872962427e-05,-0.00811124895700055,-0.00817389499831378,-0.008245645877996144,-0.00811124895700055,-0.00817389499831378,-0.008245645877996144,0.005132198313474001,-0.004551493828363062,0.005132198313473779,-0.0045955270764395095,0.005132198313473779,-0.00477998710270533
2022-10-13 00:00:00+00:00,0.0,0.0,0.0,0.0,0.0,0.0,0.0,0.0,0.0,0.0,0.0,0.0,0.0,0.0,0.0,0.005083502148288899,0.0050733006472440945,0.005754331336705665,0.008179398960800777,0.008180801470426768,0.008818284723904668,0.005083502148288899,0.0050733006472440945,0.005754331336705665,0.0009476696350032565,0.0009507750028781015,0.0009217687956737386,-0.007681522120927875,-0.007741338160091482,-0.007881000548848549,-0.007681522120927764,-0.007741338160091371,-0.007881000548848549,0.011627214981060785,-0.005589840015378766,0.011627214981061007,-0.005638109784613099,0.011627214981060785,-0.0056866642093562625
2022-10-14 00:00:00+00:00,0.0,0.0,0.0,0.0,0.0,0.0,0.0,0.0,0.0,0.0,0.0,0.0,0.0,0.0,0.0,0.01060259015490117,0.01063953802321449,0.01125719717264273,0.009671246930108346,0.009688033770404836,0.010216909734516388,0.01060259015490117,0.01063953802321449,0.01125719717264273,0.011411826741281272,0.011449186024903968,0.011380881221353834,0.01209206600299595,0.012186961581293732,0.012119912335057048,0.012092066002995727,0.01218696158129351,0.01211991233505727,-0.010354178438642503,-0.0008423517185560669,-0.010354178438642725,-0.0008620026044638962,-0.010354178438642614,-0.001191730983461925
2022-10-15 00:00:00+00:00,0.0,0.0,0.0,0.0,0.0,0.0,0.0,0.0,0.0,0.0,0.0,0.0,0.0,0.0,0.0,0.014571401827408792,0.01461487639276382,0.016471879884844443,0.015466916193391356,0.01549608897995891,0.017229859129238134,0.014571401827408792,0.01461487639276382,0.016471879884844443,0.01408959541506527,0.014135198878135746,0.014099056926252906,0.01948414150460298,0.019635207252112652,0.019415090320744177,0.01948414150460298,0.019635207252112652,0.019415090320743955,-0.005618938366878656,0.0006239958939171508,-0.005618938366878656,0.0006092607244694292,-0.005618938366878545,0.0008142158045516545
2022-10-16 00:00:00+00:00,0.0,0.0,0.0,0.0,0.0,0.0,0.0,0.0,0.0,0.0,0.0,0.0,0.0,0.0,0.0,0.014703918324763032,0.014759359935999194,0.015780746978863114,0.016572004701815413,0.016619166927341,0.017512747662210337,0.014703918324763032,0.014759359935999194,0.015780746978863114,0.023925761932946932,0.0240021225135294,0.024025913110250707,0.025214285852032337,0.025406014309488523,0.025282683873353085,0.025214285852032337,0.025406014309488745,0.025282683873353307,0.010183406186812238,0.017239757398679556,0.010183406186812238,0.017336460495146477,0.01018340618681246,0.01745558225444266
2022-10-17 00:00:00+00:00,0.0,0.0,0.0,0.0,0.0,0.0,0.0,0.0,0.0,0.0,0.0,0.0,0.0,0.0,0.0,0.02161298929048039,0.017150202078142218,0.02927609083979177,0.012976247293917442,0.010009642552025522,0.033024922629467435,0.02161298929048039,0.017150202078142218,0.02927609083979177,0.03195193183450895,0.028829740753772093,0.042678405538232767,0.04505480937970807,0.04538891609315421,0.04514308472649908,0.04505480937970807,0.045388916093153986,0.04514308472649908,0.014843930059737165,0.02813428536841278,0.014843930059737165,0.028291579706281267,0.014843930059736943,0.02833547910401779
2022-10-18 00:00:00+00:00,0.0,0.0,0.0,0.0,0.0,0.0,0.0,0.0,0.0,0.0,0.0,0.0,0.0,0.0,0.0,-0.02004402460373711,-0.02013196352098634,-0.023430216453609765,-0.026322230237762367,-0.026415113303210447,-0.027872007521578812,-0.02004402460373711,-0.02013196352098634,-0.023430216453609765,-0.032930853069737864,-0.03304230049730872,-0.03510937177216933,-0.031721234123985975,-0.03194625159014619,-0.03175266018095013,-0.031721234123985975,-0.03194625159014575,-0.03175266018095024,-0.011336852442916934,-0.0165798053028251,-0.011336852442916934,-0.01666173753233835,-0.011336852442916934,-0.017026971747050035
2022-10-19 00:00:00+00:00,0.0,0.0,0.0,0.0,0.0,0.0,0.0,0.0,0.0,0.0,0.0,0.0,0.0,0.0,0.0,-0.014605771237580334,-0.014671167524414108,-0.013911690947590483,-0.01269535905998409,-0.012748119944597125,-0.012042572352894299,-0.014605771237580334,-0.014671167524414108,-0.013911690947590483,-0.03168034866696601,-0.03182718122112338,-0.03120836889102252,-0.03845941470965819,-0.03874123311580158,-0.038714396356471226,-0.03845941470965808,-0.0387412331158018,-0.038714396356471115,-0.010584227855278905,-0.030054879753176555,-0.010584227855278683,-0.030246162847003988,-0.010584227855278683,-0.030203921801174816
2022-10-20 00:00:00+00:00,0.0,0.0,0.0,0.0,0.0,0.0,0.0,0.0,0.0,0.0,0.0,0.0,0.0,0.0,0.0,-0.011002665367485731,-0.011052662524434043,-0.010560230345249444,-0.004182065378522282,-0.004202923387791935,-0.003997187558941961,-0.011002665367485731,-0.011052662524434043,-0.010560230345249444,-0.0159163709461968,-0.01600770670586682,-0.015612618125400712,-0.021455310485512524,-0.021618864486897094,-0.021479015948751345,-0.021455310485512524,-0.021618864486897205,-0.021479015948751456,-0.004272078593696715,-0.013172434766098085,-0.004272078593696715,-0.013252188203145776,-0.004272078593696604,-0.013557238956383943
2022-10-21 00:00:00+00:00,0.0,0.0,0.0,0.0,0.0,0.0,0.0,0.0,0.0,0.0,0.0,0.0,0.0,0.0,0.0,0.023914413085814434,0.024024296960708513,0.02271768037825428,0.01997977848091126,0.02004988682968878,0.018791132149668988,0.023914413085814434,0.024024296960708513,0.02271768037825428,0.03354141288964363,0.0336882516865189,0.03259795196222659,0.04009852687401083,0.040410952549598145,0.040155440272233056,0.04009852687401083,0.04041095254959837,0.040155440272233056,0.006510181446954588,0.022409553485105427,0.006510181446954588,0.022527084394919905,0.006510181446954588,0.02241231401256205
2022-10-22 00:00:00+00:00,0.0,0.0,0.0,0.0,0.0,0.0,0.0,0.0,0.0,0.0,0.0,0.0,0.0,0.0,0.0,-0.009824314125751465,-0.0098683966259423,-0.00930385709811199,-0.00940003211395779,-0.009425588446632771,-0.008782727810734414,-0.009824314125751465,-0.0098683966259423,-0.00930385709811199,-0.007846279555663527,-0.007865718476603223,-0.007399541562380985,-0.010896627904727008,-0.010978230788237786,-0.010879775125917646,-0.010896627904727119,-0.010978230788237786,-0.010879775125917868,0.002225242546220141,-6.4860167913183275e-06,0.002225242546219919,1.367438200450266e-07,0.002225242546220141,-5.79956690954786e-05
2022-10-23 00:00:00+00:00,0.0,0.0,0.0,0.0,0.0,0.0,0.0,0.0,0.0,0.0,0.0,0.0,0.0,0.0,0.0,0.01199474982268156,0.01204910766998002,0.01162910678186968,-0.002235400558348921,-0.0022360996733044036,-0.0020324998705010255,0.01199474982268156,0.01204910766998002,0.01162910678186968,0.01883188244848255,0.018958877504114957,0.018655327810459976,0.022637591605682905,0.022809002236856335,0.02256071362601575,0.022637591605683127,0.022809002236856335,0.02256071362601597,0.018914993414579584,0.027020603449858793,0.018914993414579584,0.02716776385946207,0.018914993414579584,0.026951310403978912
2022-10-24 00:00:00+00:00,0.0,0.0,0.0,0.0,0.0,0.0,0.0,0.0,0.0,0.0,0.0,0.0,0.0,0.0,0.0,-0.014144581297530046,-0.018652820220055544,2.0947234804058468e-05,-0.008120236701151029,-0.012363290793763415,-0.001063476847870004,-0.014144581297530046,-0.018652820220055544,2.0947234804058468e-05,-0.018040144902468636,-0.026598170560015677,-0.006434501363918654,-0.019979679002966044,-0.02547485765615276,-0.012339983181559266,-0.019979679002966155,-0.02547485765615265,-0.012339983181559155,-0.012365857297301663,-0.019924431940530618,-0.012365857297301663,-0.02004933059951719,-0.012365857297301663,-0.01989653456219842
2022-10-25 00:00:00+00:00,0.0,0.0,0.0,0.0,0.0,0.0,0.0,0.0,0.0,0.0,0.0,0.0,0.0,0.0,0.0,0.03702278367590939,0.03718322311213362,0.03331475570199838,0.015434925631409913,0.015494517351068104,0.01154388579386545,0.03702278367590939,0.03718322311213362,0.03331475570199838,0.03695022394504743,0.03747963963690193,0.029257882217525344,0.035421318259966306,0.03531250619814141,0.029511315446683284,0.035421318259966306,0.03531250619814119,0.029511315446683284,0.03910263672627723,0.0435898619207753,0.03910263672627745,0.043842606297490594,0.03910263672627723,0.04478007892240932
2022-10-26 00:00:00+00:00,0.0,0.0,0.0,0.0,0.0,0.0,0.0,0.0,0.0,0.0,0.0,0.0,0.0,0.0,0.0,0.02397134610520224,0.024071044272742093,0.02445176528514037,0.005683146287408292,0.005702451577220824,0.005850616217342397,0.02397134610520224,0.024071044272742093,0.02445176528514037,0.023915370784121093,0.0242553786131805,0.0245393156205731,0.021692079450609247,0.02159521331778058,0.02180557813731565,0.021692079450609025,0.021595213317780804,0.02180557813731565,0.03430799530824036,0.025442582167249705,0.034307995308240136,0.025618837008669404,0.03430799530824036,0.02667131441474857
2022-10-27 00:00:00+00:00,0.0,0.0,0.0,0.0,0.0,0.0,0.0,0.0,0.0,0.0,0.0,0.0,0.0,0.0,0.0,-0.030490212775353243,-0.030657522413065852,-0.030590508204281552,-0.011946592021579217,-0.012022284468694688,-0.011349657296796711,-0.030490212775353243,-0.030657522413065852,-0.030590508204281552,-0.03143299994571924,-0.030945797594905677,-0.03091684502214498,-0.021924539259295717,-0.022359076760675833,-0.021610472079009346,-0.021924539259295606,-0.022359076760675833,-0.021610472079009346,-0.023028678148194537,-0.017555347753138606,-0.023028678148194537,-0.017617833282116302,-0.023028678148194426,-0.01735216951039975
2022-10-28 00:00:00+00:00,0.0,0.0,0.0,0.0,0.0,0.0,0.0,0.0,0.0,0.0,0.0,0.0,0.0,0.0,0.0,0.019006094183185773,0.019102552213362323,0.01947062671531885,0.01208644228343747,0.012145928455969957,0.011953114585649516,0.019006094183185773,0.019102552213362323,0.01947062671531885,0.019353440912878606,0.01927280534866105,0.01965090443279882,0.029498654273384384,0.02895517598228947,0.029689616266758367,0.02949865427338416,0.02895517598228947,0.029689616266758145,0.014826843612618212,0.03633961136233688,0.014826843612618212,0.036593153856937066,0.014826843612618212,0.03703305798919265
2022-10-29 00:00:00+00:00,0.0,0.0,0.0,0.0,0.0,0.0,0.0,0.0,0.0,0.0,0.0,0.0,0.0,0.0,0.0,0.011142229942946669,0.011179912300703032,0.011275441636793948,0.0022168548268226562,0.0022179740049983465,0.0025233149472014826,0.011142229942946669,0.011179912300703032,0.011275441636793948,0.010927201647543017,0.011253500471419153,0.01125282917145709,0.007749175061898539,0.007860561743974204,0.00786238489495461,0.007749175061898539,0.007860561743973982,0.007862384894954833,0.010953538490069858,0.04062047386097456,0.01095353849007008,0.04098481396912024,0.01095353849007008,0.04587393011805485
2022-10-30 00:00:00+00:00,0.0,0.0,0.0,0.0,0.0,0.0,0.0,0.0,0.0,0.0,0.0,0.0,0.0,0.0,0.0,-0.010601049986527777,-0.010631526813574599,-0.011254207970574415,-0.007124348271996039,-0.007142993238820061,-0.007483425838304081,-0.010601049986527777,-0.010631526813574599,-0.011254207970574415,-0.010282662284870514,-0.010693957987970237,-0.011250502177079347,-0.0020605431457301204,-0.002436228678357133,-0.001984370782318279,-0.0020605431457298984,-0.002436228678357133,-0.001984370782318723,-0.00926115793047555,-0.013753997862820388,-0.00926115793047566,-0.013825448740549584,-0.00926115793047566,-0.014247084458655412
2022-10-31 00:00:00+00:00,-0.002655199224788518,-0.004095199224788404,0.0,0.0011712855696919267,-0.0060287144303079465,0.0,0.0,0.0,0.0,0.0,0.0,0.0,0.0,0.0,0.0,0.007951732925142174,-0.0006921463936270245,-0.006941694230397255,0.00508967519346637,-0.006432446283368143,-0.0001107635005292984,0.007951732925142174,-0.0006921463936270245,-0.006941694230397255,-0.001159279782078193,-0.009996845794933429,-0.0069981713909497145,-0.00010843537021554273,-0.00042251509017188216,4.8870869713502074e-05,-0.00010843537021565375,-0.0004225150901715491,4.887086971372412e-05,-0.006821878871661191,0.009972400882243937,-0.00682187887166108,0.010070413401748857,-0.006821878871661191,0.010544148873968373
2022-11-01 00:00:00+00:00,-9.019931626541577e-05,-9.03297373814338e-05,-0.001527146862668971,0.020035615264212936,0.02018074664979408,0.011137606181593318,0.0,0.0,0.0,0.0,0.0,0.0,0.0,0.0,0.0,0.027986164333241303,0.028228250712530878,0.017730670712063912,0.02806712434880887,0.02839262495731032,0.014912522014771001,0.027986164333241303,0.028228250712530878,0.017730670712063912,0.00834919930186051,0.008756261789288011,-0.002143520267416932,-0.012001566048444268,-0.011901445030879976,-0.011933735696842973,-0.012001566048444157,-0.011901445030879865,-0.011933735696842973,-0.0005031737525829083,-0.005900553604256009,-0.0005031737525827973,-0.009674916905616504,-0.0005031737525827973,0.002745740947682984
2022-11-02 00:00:00+00:00,-0.002871851820624549,-0.002876004667571097,-0.0028878996353608466,-0.04536563617082823,-0.04568774938425235,-0.044429939563848775,0.0,0.0,0.0,0.0,0.0,0.0,0.0,0.0,0.0,-0.053832141496153896,-0.05428501728124713,-0.052749314616906684,-0.05398361873789381,-0.05459239390176629,-0.052894858179432624,-0.053832141496153896,-0.05428501728124713,-0.052749314616906684,-0.04978856728676784,-0.04988065312690804,-0.04822633246173502,-0.004451692173156219,-0.0038530053231170536,-0.004398459951918232,-0.004451692173156441,-0.0038530053231171646,-0.004398459951918343,-0.016027145021662803,-0.02664212444079428,-0.016027145021662803,-0.02679164451625382,-0.016027145021662914,-0.030284139584255465
2022-11-03 00:00:00+00:00,0.0004868209182564698,0.0004875269170541152,0.0004895491365632942,-0.003944701449702714,-0.003974051251699251,-0.0033924485883005673,0.0,0.0,0.0,0.0,0.0,0.0,0.0,0.0,0.0,-0.006104726865405752,-0.0061590323147199255,-0.0055998806914179244,-0.0061228850870366225,-0.006195920241033659,-0.00561619455249962,-0.006104726865405752,-0.0061590323147199255,-0.0055998806914179244,-0.02553205784954027,-0.025639360331675465,-0.02599000791562789,0.02129712714660914,0.02127289865575177,0.021279187810293587,0.02129712714660892,0.02127289865575155,0.021279187810293365,0.0027531585894777777,0.0020474833147019478,0.0027531585894775557,0.0020810087717695325,0.0027531585894777777,0.002090370015855214
2022-11-04 00:00:00+00:00,0.008220709289930905,0.008232625340620858,0.008266756849839352,0.05818311870288895,0.058617746380686064,0.05868269868007725,0.0,0.0,0.0,0.0,0.0,0.0,0.0,0.0,0.0,0.05589178082403512,0.05639205516191215,0.056273334857665835,0.05605905247044585,0.056731906438858726,0.056438199147361034,0.05589178082403512,0.05639205516191215,0.056273334857665835,0.07162604648162385,0.07161177650359929,0.07137894469328665,0.10295194248201112,0.10242311880103383,0.10308596442874562,0.10295194248201112,0.10242311880103383,0.10308596442874562,0.04638618134021688,0.08984977557684792,0.04638618134021688,0.09035505155352719,0.0463861813402171,0.09077475364849397
2022-11-05 00:00:00+00:00,0.0013592076770261308,0.0013611617830509015,0.0013667587332066855,0.015766473539056136,0.01587772757614192,0.016257014097911027,0.0,0.0,0.0,0.0,0.0,0.0,0.0,0.0,0.0,0.012355686499213814,0.012460375735736662,0.01297593827193988,0.012390701412971161,0.012531437715336269,0.013011923032517636,0.012355686499213814,0.012460375735736662,0.01297593827193988,-0.00261235735526133,-0.002454572508239772,-0.00230586134799482,0.007742139205465293,0.007554676565322049,0.00792102982371401,0.007742139205465071,0.007554676565322049,0.00792102982371401,0.00738973335477322,0.008679898403173736,0.00738973335477322,0.008731076918202074,0.007389733354773442,0.008820186149915532
2022-11-06 00:00:00+00:00,-0.0033990969125288206,-0.0034039770843041772,-0.003417954766099962,-0.05660108746521342,-0.05699424314071555,-0.05636862900806783,0.0,0.0,0.0,0.0,0.0,0.0,0.0,0.0,0.0,-0.05551561456679388,-0.05598020714598895,-0.05531333136144989,-0.05567101534341401,-0.05629551308278469,-0.055464755497740326,-0.05551561456679388,-0.05598020714598895,-0.05531333136144989,-0.05031898682549407,-0.05031415108904813,-0.049208947146144544,-0.0346318103953579,-0.03422072582887559,-0.03473767013862816,-0.03463181039535779,-0.03422072582887559,-0.03473767013862805,-0.018369564962242624,-0.051324876982444145,-0.018369564962242846,-0.051574310560026815,-0.018369564962242735,-0.051721062794060746
2022-11-07 00:00:00+00:00,-0.002751703832810759,-0.002755668019517321,-0.0027670223716620423,-0.026219806497297604,-0.027872685342806403,-0.023817193165843742,-0.00414893407594652,-0.005588934075946517,0.0,-0.03235652989534943,-0.039556529895349524,0.0,-0.03235652989534932,-0.039556529895349635,0.0,-0.010217097867733949,-0.011769272281283438,-0.025392876220890592,-0.01024738389203994,-0.011839516605257505,-0.025466473035439918,-0.010217097867733949,-0.011769272281283438,-0.025392876220890592,-0.01070019792435073,-0.013165835827955052,-0.009456591141282278,-0.008126545828683662,-0.011069737016391468,0.013995965002390864,-0.008126545828683551,-0.011069737016391246,0.013995965002390642,-0.015097682021811387,0.00764371332765279,-0.015097682021811276,0.007684403172475429,-0.015097682021811498,0.007794433277421353
2022-11-08 00:00:00+00:00,-0.01785955773143022,-0.017885357840114025,-0.017959256483383035,-0.11301454767666574,-0.11404057142141633,-0.13925420807669842,-0.01766370843521159,-0.017689287133013987,-0.019298016232432436,-0.13885472033685553,-0.1398956498840329,-0.14580297981783452,-0.13885472033685564,-0.1398956498840328,-0.14580297981783452,-0.10664290402606158,-0.10775727205513452,-0.14012515414148363,-0.10696229307248095,-0.10840812179091797,-0.14013919952212017,-0.10664290402606158,-0.10775727205513452,-0.14012515414148363,-0.09509083278862407,-0.09614586932584368,-0.183962190427446,-0.16410854154108034,-0.16459727215675035,-0.16980529513453135,-0.16410854154108034,-0.16459727215675046,-0.16980529513453113,-0.09921776250650083,-0.12669241379902407,-0.09921776250650094,-0.1273600092085233,-0.09921776250650083,-0.12654985152473397
2022-11-09 00:00:00+00:00,-0.023658111853354535,-0.0236929110109112,-0.02379259553693136,-0.005684883812737573,-0.011260132476149765,-0.180690686311074,-0.02339401014705378,-0.023428496902479612,-0.023692507076572,-0.007520488648613655,-0.014753715425617653,-0.18476291620255358,-0.007520488648613655,-0.014753715425617764,-0.1847629162025537,-0.0059232431741964575,-0.011587995452332245,-0.14853126543101747,-0.00594310768255335,-0.011666496663407577,-0.14853360327362108,-0.0059232431741964575,-0.011587995452332245,-0.14853126543101747,-0.004346263922015536,-0.008630812071335647,-0.1661110959332085,-0.006918817081414064,-0.014034263829037386,-0.15985049097365545,-0.006918817081414286,-0.014034263829037275,-0.15985049097365567,-0.14330211183137687,-0.18138913767759546,-0.14330211183137698,-0.18245890082135785,-0.14330211183137698,-0.1832195585938836
2022-11-10 00:00:00+00:00,0.015149159159685066,0.015171983105900066,0.015237372840998686,0.0,0.0,-0.006772618848130185,0.014975994098337608,0.014998600907918824,0.015171718165566173,0.0,0.0,0.15211114869772557,0.0,0.0,0.1521111486977258,0.0,0.0,-0.006723364614322436,0.0,0.0,-0.006723488898699226,0.0,0.0,-0.006723364614322436,0.0,0.0,-0.007424353622180635,0.0,0.0,-0.007081742291408899,0.0,0.0,-0.00708174229140901,0.10457677970495771,0.17651960544373058,0.10457677970495771,0.17783132286249215,0.10457677970495771,0.17794318740850934
2022-11-11 00:00:00+00:00,-0.004851285060939903,-0.004858484843454192,-0.004879110153380384,0.0,0.0,0.0,-0.004796649832083055,-0.004803783554188534,-0.004858401270246615,0.0,0.0,-0.006922176969165417,0.0,0.0,-0.00692217696916575,0.0,0.0,0.0,0.0,0.0,0.0,0.0,0.0,0.0,0.0,0.0,0.0,0.0,0.0,0.0,0.0,0.0,0.0,-0.03077779341217257,-0.027776309681961875,-0.03077779341217246,-0.027969164334303964,-0.03077779341217257,-0.02855149789303324
2022-11-12 00:00:00+00:00,-0.0020779401515451656,-0.002081039074463331,-0.0020899168471858465,0.0,0.0,0.0,-0.0020544255741641315,-0.0020574957261028093,-0.002081003102712753,0.0,0.0,0.0,0.0,0.0,0.0,0.0,0.0,0.0,0.0,0.0,0.0,0.0,0.0,0.0,0.0,0.0,0.0,0.0,0.0,0.0,0.0,0.0,0.0,-0.013535626163038494,-0.04979583436804169,-0.013535626163038716,-0.050126544163136666,-0.013535626163038605,-0.050853951104190886
2022-11-13 00:00:00+00:00,-0.004357669665356334,-0.0043641820009076016,-0.004382838718202886,0.0,0.0,0.0,-0.004308255485506285,-0.004314707055084077,-0.004364106406633428,0.0,0.0,0.0,0.0,0.0,0.0,0.0,0.0,0.0,0.0,0.0,0.0,0.0,0.0,0.0,0.0,0.0,0.0,0.0,0.0,0.0,0.0,0.0,0.0,-0.028715397957378097,-0.031309200541549065,-0.028715397957378097,-0.031544527625063656,-0.028715397957378097,-0.031210302537936774
2022-11-14 00:00:00+00:00,-0.0012081130357253222,-0.002395841668809795,0.0026428871509400764,0.0,0.0,0.0,-0.0011943542549659458,-0.0023685632938257317,0.0026315419038815957,0.0,0.0,0.0,0.0,0.0,0.0,0.0,0.0,0.0,0.0,0.0,0.0,0.0,0.0,0.0,0.0,0.0,0.0,0.0,0.0,0.0,0.0,0.0,0.0,0.017749406645690913,0.019892272907969577,0.017749406645690913,0.020021537506392573,0.017749406645690913,0.020021422097057595
2022-11-15 00:00:00+00:00,0.0,0.0,-0.0012301140656743037,0.0,0.0,0.0,0.0,0.0,-0.0012248473562314066,0.0,0.0,0.0,0.0,0.0,0.0,0.0,0.0,0.0,0.0,0.0,0.0,0.0,0.0,0.0,0.0,0.0,0.0,0.0,0.0,0.0,0.0,0.0,0.0,0.017310871794068206,0.022350621835690365,0.017310871794068206,0.02251324414217315,0.017310871794068206,0.02257144335547001
2022-11-16 00:00:00+00:00,0.0,0.0,0.0,0.0,0.0,0.0,0.0,0.0,0.0,0.0,0.0,0.0,0.0,0.0,0.0,0.0,0.0,0.0,0.0,0.0,0.0,0.0,0.0,0.0,0.0,0.0,0.0,0.0,0.0,0.0,0.0,0.0,0.0,-0.013786643267272858,-0.026612277146374153,-0.013786643267272636,-0.02679283081483652,-0.013786643267272858,-0.026986547045706022
2022-11-17 00:00:00+00:00,0.0,0.0,0.0,0.0,0.0,0.0,0.0,0.0,0.0,0.0,0.0,0.0,0.0,0.0,0.0,0.0,0.0,0.0,0.0,0.0,0.0,0.0,0.0,0.0,0.0,0.0,0.0,0.0,0.0,0.0,0.0,0.0,0.0,0.0021165209993967427,-0.0037261031957254165,0.0021165209993967427,-0.0037697741913561567,0.0021165209993967427,-0.0037962955746159155
2022-11-18 00:00:00+00:00,0.0,0.0,0.0,0.0,0.0,0.0,0.0,0.0,0.0,0.0,0.0,0.0,0.0,0.0,0.0,0.0,0.0,0.0,0.0,0.0,0.0,0.0,0.0,0.0,0.0,0.0,0.0,0.0,0.0,0.0,0.0,0.0,0.0,7.194041894420522e-06,0.006386557008177585,7.194041894420522e-06,0.006450967858388834,7.194041894420522e-06,0.006352204675967421
2022-11-19 00:00:00+00:00,0.0,0.0,0.0,0.0,0.0,0.0,0.0,0.0,0.0,0.0,0.0,0.0,0.0,0.0,0.0,0.0,0.0,0.0,0.0,0.0,0.0,0.0,0.0,0.0,0.0,0.0,0.0,0.0,0.0,0.0,0.0,0.0,0.0,0.00014567830034795115,-0.0011039037588846945,0.00014567830034795115,-0.001111117247284521,0.00014567830034795115,-0.0012188256585996537
2022-11-20 00:00:00+00:00,0.0,0.0,0.0,0.0,0.0,0.0,0.0,0.0,0.0,0.0,0.0,0.0,0.0,0.0,0.0,0.0,0.0,0.0,0.0,0.0,0.0,0.0,0.0,0.0,0.0,0.0,0.0,0.0,0.0,0.0,0.0,0.0,0.0,-0.025804081035687876,-0.05654055823328452,-0.025804081035687876,-0.05694229386507199,-0.025804081035687876,-0.05679861323904578
2022-11-21 00:00:00+00:00,0.0,0.0,0.0,0.0,0.0,0.0,0.0,0.0,0.0,0.0,0.0,0.0,0.0,0.0,0.0,0.0,0.0,0.0,0.0,0.0,0.0,0.0,0.0,0.0,0.0,0.0,0.0,0.0,0.0,0.0,0.0,0.0,0.0,-0.030296206190666974,-0.023544724373078085,-0.030296206190666974,-0.02371925551505849,-0.030296206190666863,-0.023680486527718037
2022-11-22 00:00:00+00:00,0.0,0.0,0.0,0.0,0.0,0.0,0.0,0.0,0.0,0.0,0.0,0.0,0.0,0.0,0.0,0.0,0.0,0.0,0.0,0.0,0.0,0.0,0.0,0.0,0.0,0.0,0.0,0.0,0.0,0.0,0.0,0.0,0.0,0.027891249697020504,0.04719210758536185,0.027891249697020504,0.04752175658386304,0.027891249697020504,0.04753575096902196
2022-11-23 00:00:00+00:00,0.0,0.0,0.0,0.0,0.0,0.0,0.0,0.0,0.0,0.0,0.0,0.0,0.0,0.0,0.0,0.0,0.0,0.0,0.0,0.0,0.0,0.0,0.0,0.0,0.0,0.0,0.0,0.0,0.0,0.0,0.0,0.0,0.0,0.023907218092175775,0.04123930100004469,0.023907218092175775,0.041513688248606906,0.023907218092175775,0.041760817693218044
2022-11-24 00:00:00+00:00,0.0,0.0,0.0,0.0,0.0,0.0,0.0,0.0,0.0,0.0,0.0,0.0,0.0,0.0,0.0,0.0,0.0,0.0,0.0,0.0,0.0,0.0,0.0,0.0,0.0,0.0,0.0,0.0,0.0,0.0,0.0,0.0,0.0,3.677578826777328e-05,-0.0008371636285086081,3.677578826777328e-05,-0.0008323268445589171,3.677578826777328e-05,-0.0009285968483425666
2022-11-25 00:00:00+00:00,0.0,0.0,0.0,0.0,0.0,0.0,0.0,0.0,0.0,0.0,0.0,0.0,0.0,0.0,0.0,0.0,0.0,0.0,0.0,0.0,0.0,0.0,0.0,0.0,0.0,0.0,0.0,0.0,0.0,0.0,0.0,0.0,0.0,-0.004624536024177006,-0.004046461848503546,-0.004624536024176895,-0.004072221043111446,-0.004624536024177006,-0.0047057537466909105
2022-11-26 00:00:00+00:00,0.0,0.0,0.0,0.0,0.0,0.0,0.0,0.0,0.0,0.0,0.0,0.0,0.0,0.0,0.0,0.0,0.0,0.0,0.0,0.0,0.0,0.0,0.0,0.0,0.0,0.0,0.0,0.0,0.0,0.0,0.0,0.0,0.0,-0.003632146036860573,0.005502482954520271,-0.003632146036860573,0.005536574205949885,-0.003632146036860573,0.0056074518274205065
2022-11-27 00:00:00+00:00,0.0,0.0,0.0,0.0,0.0,0.0,0.0,0.0,0.0,0.0,0.0,0.0,0.0,0.0,0.0,0.0,0.0,0.0,0.0,0.0,0.0,0.0,0.0,0.0,0.0,0.0,0.0,0.0,0.0,0.0,0.0,0.0,0.0,-0.001887431288079111,0.001172556469550834,-0.001887431288079111,0.0011633106015305206,-0.001887431288079111,0.0005549270114695304
2022-11-28 00:00:00+00:00,0.0,0.0,0.0,0.0,0.0,0.0,0.0,0.0,0.0,0.0,0.0,0.0,0.0,0.0,0.0,0.0,0.0,0.0,0.0,0.0,0.0,0.0,0.0,0.0,0.0,0.0,0.0,0.0,0.0,0.0,0.0,0.0,0.0,-0.013007403220973823,-0.018444971097199003,-0.013007403220973712,-0.01856196841933877,-0.013007403220973823,-0.0186087623625093
2022-11-29 00:00:00+00:00,0.0,0.0,0.0,0.0,0.0,0.0,0.0,0.0,0.0,0.0,0.0,0.0,0.0,0.0,0.0,0.0,0.0,0.0,0.0,0.0,0.0,0.0,0.0,0.0,0.0,0.0,0.0,0.0,0.0,0.0,0.0,0.0,0.0,0.014296909226658716,0.02092890244342449,0.014296909226658716,0.021074577379670112,0.014296909226658716,0.020603081974181592
2022-11-30 00:00:00+00:00,0.0,0.0,0.0,0.0,0.0,0.0,0.0,0.0,0.0,0.0,0.0,0.0,0.0,0.0,0.0,0.0,0.0,0.0,0.0,0.0,0.0,0.0,0.0,0.0,0.0,0.0,0.0,0.0,0.0,0.0,0.0,0.0,0.0,0.04436853631828708,0.04642136668589991,0.04436853631828708,0.04672404340853542,0.044368536318286855,0.046771413669157935
2022-12-01 00:00:00+00:00,0.0,0.0,0.0,0.0,0.0,0.0,0.0,0.0,0.0,0.0,0.0,0.0,0.0,0.0,0.0,0.0,0.0,0.0,0.0,0.0,0.0,0.0,0.0,0.0,0.0,0.0,0.0,0.0,0.0,0.0,0.0,0.0,0.0,-0.010907345521988465,-0.022337975996335246,-0.010907345521988576,-0.025876113368617837,-0.010907345521988465,-0.01735018033887059
2022-12-02 00:00:00+00:00,0.0,0.0,0.0,0.0,0.0,0.0,0.0,0.0,0.0,0.0,0.0,0.0,0.0,0.0,0.0,0.0,0.0,0.0,0.0,0.0,0.0,0.0,0.0,0.0,0.0,0.0,0.0,0.0,0.0,0.0,0.0,0.0,0.0,0.006750851586093676,0.023518102650337047,0.006750851586093676,0.02391661675591128,0.006750851586093676,0.020853520865276476
2022-12-03 00:00:00+00:00,0.0,0.0,0.0,0.0,0.0,0.0,0.0,0.0,0.0,0.0,0.0,0.0,0.0,0.0,0.0,0.0,0.0,0.0,0.0,0.0,0.0,0.0,0.0,0.0,0.0,0.0,0.0,0.0,0.0,0.0,0.0,0.0,0.0,-0.012061041105698833,-0.027496832016967954,-0.012061041105698722,-0.027655262998304342,-0.012061041105698833,-0.02763193634977812
2022-12-04 00:00:00+00:00,0.0,0.0,0.0,0.0,0.0,0.0,0.0,0.0,0.0,0.0,0.0,0.0,0.0,0.0,0.0,0.0,0.0,0.0,0.0,0.0,0.0,0.0,0.0,0.0,0.0,0.0,0.0,0.0,0.0,0.0,0.0,0.0,0.0,0.013048500964856213,0.02146312045177412,0.013048500964856213,0.021593169311183935,0.013048500964856213,0.021626727302172633
2022-12-05 00:00:00+00:00,0.0,0.0,0.0,0.0,0.0,0.0,0.0,0.0,0.0,0.0,0.0,0.0,0.0,0.0,0.0,0.0,0.0,0.0,0.0,0.0,0.0,0.0,0.0,0.0,0.0,0.0,0.0,0.0,0.0,0.0,0.0,0.0,0.0,-0.00834945554652844,-0.009675169165019981,-0.00834945554652855,-0.00976733247974626,-0.00834945554652855,-0.009739828174863296
2022-12-06 00:00:00+00:00,0.0,0.0,0.0,0.0,0.0,0.0,0.0,0.0,0.0,0.0,0.0,0.0,0.0,0.0,0.0,0.0,0.0,0.0,0.0,0.0,0.0,0.0,0.0,0.0,0.0,0.0,0.0,0.0,0.0,0.0,0.0,0.0,0.0,0.007249772339466221,0.003226786473613963,0.007249772339466221,0.003341303164699605,0.007249772339466221,0.0035160069366233504
2022-12-07 00:00:00+00:00,0.0,0.0,0.0,0.0,0.0,0.0,0.0,0.0,0.0,0.0,0.0,0.0,0.0,0.0,0.0,0.0,0.0,0.0,0.0,0.0,0.0,0.0,0.0,0.0,0.0,0.0,0.0,0.0,0.0,0.0,0.0,0.0,0.0,-0.01457365974117908,-0.03967863632452484,-0.01457365974117919,-0.03992849468993309,-0.01457365974117919,-0.04008033057149418
2022-12-08 00:00:00+00:00,0.0,0.0,0.0,0.0,0.0,0.0,0.0,0.0,0.0,0.0,0.0,0.0,0.0,0.0,0.0,0.0,0.0,0.0,0.0,0.0,0.0,0.0,0.0,0.0,0.0,0.0,0.0,0.0,0.0,0.0,0.0,0.0,0.0,0.022922209026128293,0.021673185067377254,0.022922209026128293,0.021665470443018586,0.02292220902612807,0.021623327636017153
2022-12-09 00:00:00+00:00,0.0,0.0,0.0,0.0,0.0,0.0,0.0,0.0,0.0,0.0,0.0,0.0,0.0,0.0,0.0,0.0,0.0,0.0,0.0,0.0,0.0,0.0,0.0,0.0,0.0,0.0,0.0,0.0,0.0,0.0,0.0,0.0,0.0,-0.005539297840881363,-0.011470791625284193,-0.005539297840881363,-0.01134764406810529,-0.005539297840881363,-0.011359315007230641
2022-12-10 00:00:00+00:00,0.0,0.0,0.0,0.0,0.0,0.0,0.0,0.0,0.0,0.0,0.0,0.0,0.0,0.0,0.0,0.0,0.0,0.0,0.0,0.0,0.0,0.0,0.0,0.0,0.0,0.0,0.0,0.0,0.0,0.0,0.0,0.0,0.0,-0.00014535401290904915,-0.0009307872989817723,-0.00014535401290904915,-0.0009606193765775428,-0.00014535401290916017,-0.0008487203609581773
2022-12-11 00:00:00+00:00,0.0,0.0,0.0,0.0,0.0,0.0,0.0,0.0,0.0,0.0,0.0,0.0,0.0,0.0,0.0,0.0,0.0,0.0,0.0,0.0,0.0,0.0,0.0,0.0,0.0,0.0,0.0,0.0,0.0,0.0,0.0,0.0,0.0,-0.002504072255533174,-0.01785156996128734,-0.002504072255533174,-0.0181384536920578,-0.002504072255533174,-0.01800578515806084
2022-12-12 00:00:00+00:00,0.0,0.0,0.0,0.0,0.0,0.0,0.0,0.0,0.0,0.0,0.0,0.0,0.0,0.0,0.0,0.0,0.0,0.0,0.0,0.0,0.0,0.0,0.0,0.0,0.0,0.0,0.0,0.0,0.0,0.0,0.0,0.0,0.0,0.007401138177406397,0.00026465870755143506,0.007401138177406397,0.0003191589530859851,0.007401138177406175,0.000299186153378983
2022-12-13 00:00:00+00:00,0.0,0.0,0.0,0.0,0.0,0.0,0.0,0.0,0.0,0.0,0.0,0.0,0.0,0.0,0.0,0.0,0.0,0.0,0.0,0.0,0.0,0.0,0.0,0.0,0.0,0.0,0.0,0.0,0.0,0.0,0.0,0.0,0.0,0.03262439532270567,0.016729830664837797,0.03262439532270589,0.016941918011135648,0.03262439532270567,0.01668576748880013
2022-12-14 00:00:00+00:00,0.0,0.0,0.0,0.0,0.0,0.0,0.0,0.0,0.0,0.0,0.0,0.0,0.0,0.0,0.0,0.0,0.0,0.0,0.0,0.0,0.0,0.0,0.0,0.0,0.0,0.0,0.0,0.0,0.0,0.0,0.0,0.0,0.0,0.0017886500896293622,-0.016195081473653117,0.0017886500896293622,-0.016000282338792804,0.0017886500896295843,-0.015946616249594037
2022-12-15 00:00:00+00:00,0.0,0.0,0.0,0.0,0.0,0.0,0.0,0.0,0.0,0.0,0.0,0.0,0.0,0.0,0.0,0.0,0.0,0.0,0.0,0.0,0.0,0.0,0.0,0.0,0.0,0.0,0.0,0.0,0.0,0.0,0.0,0.0,0.0,-0.02510591143933416,-0.022360882422886474,-0.02510591143933416,-0.02271305557741532,-0.02510591143933416,-0.02261590545802261
2022-12-16 00:00:00+00:00,0.0,0.0,0.0,0.0,0.0,0.0,0.0,0.0,0.0,0.0,0.0,0.0,0.0,0.0,0.0,0.0,0.0,0.0,0.0,0.0,0.0,0.0,0.0,0.0,0.0,0.0,0.0,0.0,0.0,0.0,0.0,0.0,0.0,-0.04178601632910772,-0.10940674865945321,-0.041786016329107833,-0.10950137495041978,-0.04178601632910772,-0.10972207579085724
2022-12-17 00:00:00+00:00,0.0,0.0,0.0,0.0,0.0,0.0,0.0,0.0,0.0,0.0,0.0,0.0,0.0,0.0,0.0,0.0,0.0,0.0,0.0,0.0,0.0,0.0,0.0,0.0,0.0,0.0,0.0,0.0,0.0,0.0,0.0,0.0,0.0,0.008994964118744786,0.018357551378203496,0.008994964118744786,0.018429533651662222,0.008994964118744786,0.018485852915212098
2022-12-18 00:00:00+00:00,0.0,0.0,0.0,0.0,0.0,0.0,0.0,0.0,0.0,0.0,0.0,0.0,0.0,0.0,0.0,0.0,0.0,0.0,0.0,0.0,0.0,0.0,0.0,0.0,0.0,0.0,0.0,0.0,0.0,0.0,0.0,0.0,0.0,-0.002448420205872437,-0.008654981444808918,-0.002448420205872437,-0.008997530005723564,-0.002448420205872326,-0.009042172578533791
2022-12-19 00:00:00+00:00,0.0,0.0,0.0,0.0,0.0,0.0,0.0,0.0,0.0,0.0,0.0,0.0,0.0,0.0,0.0,0.0,0.0,0.0,0.0,0.0,0.0,0.0,0.0,0.0,0.0,0.0,0.0,0.0,0.0,0.0,0.0,0.0,0.0,-0.01800472607632908,-0.04793466860390638,-0.01800472607632908,-0.048263254701758296,-0.01800472607632908,-0.04833511965805182
2022-12-20 00:00:00+00:00,0.0,0.0,0.0,0.0,0.0,0.0,0.0,0.0,0.0,0.0,0.0,0.0,0.0,0.0,0.0,0.0,0.0,0.0,0.0,0.0,0.0,0.0,0.0,0.0,0.0,0.0,0.0,0.0,0.0,0.0,0.0,0.0,0.0,0.027853846836993768,0.03902502278455611,0.027853846836993768,0.039166719006647366,0.027853846836993768,0.03914314045034728
2022-12-21 00:00:00+00:00,0.0,0.0,0.0,0.0,0.0,0.0,0.0,0.0,0.0,0.0,0.0,0.0,0.0,0.0,0.0,0.0,0.0,0.0,0.0,0.0,0.0,0.0,0.0,0.0,0.0,0.0,0.0,0.0,0.0,0.0,0.0,0.0,0.0,-0.004207093885836177,-0.014441702670420331,-0.004207093885836177,-0.014630207342258839,-0.004207093885836288,-0.014585533009976115
2022-12-22 00:00:00+00:00,0.0,0.0,0.0,0.0,0.0,0.0,0.0,0.0,0.0,0.0,0.0,0.0,0.0,0.0,0.0,0.0,0.0,0.0,0.0,0.0,0.0,0.0,0.0,0.0,0.0,0.0,0.0,0.0,0.0,0.0,0.0,0.0,0.0,-0.0006566998839930838,0.010113140179133895,-0.0006566998839931948,0.010012411295095003,-0.0006566998839930838,0.00996768247777946
2022-12-23 00:00:00+00:00,0.0,0.0,0.0,0.0,0.0,0.0,0.0,0.0,0.0,0.0,0.0,0.0,0.0,0.0,0.0,0.0,0.0,0.0,0.0,0.0,0.0,0.0,0.0,0.0,0.0,0.0,0.0,0.0,0.0,0.0,0.0,0.0,0.0,-0.0022776591373082633,-0.005388749241692303,-0.0022776591373083743,-0.005510773490143506,-0.0022776591373082633,-0.0054620344971261225
2022-12-24 00:00:00+00:00,0.0,0.0,0.0,0.0,0.0,0.0,0.0,0.0,0.0,0.0,0.0,0.0,0.0,0.0,0.0,0.0,0.0,0.0,0.0,0.0,0.0,0.0,0.0,0.0,0.0,0.0,0.0,0.0,0.0,0.0,0.0,0.0,0.0,0.0035709155455525554,-0.004252175986490858,0.0035709155455525554,-0.0044560554007468944,0.0035709155455525554,-0.004441199273397145
2022-12-25 00:00:00+00:00,0.0,0.0,0.0,0.0,0.0,0.0,0.0,0.0,0.0,0.0,0.0,0.0,0.0,0.0,0.0,0.0,0.0,0.0,0.0,0.0,0.0,0.0,0.0,0.0,0.0,0.0,0.0,0.0,0.0,0.0,0.0,0.0,0.0,-0.00048107989965007203,-6.468713412144389e-05,-0.00048107989965007203,-0.00011196619984865652,-0.00048107989965007203,-0.00017319524091330418
2022-12-26 00:00:00+00:00,0.0,0.0,0.0,0.0,0.0,0.0,0.0,0.0,0.0,0.0,0.0,0.0,0.0,0.0,0.0,0.0,0.0,0.0,0.0,0.0,0.0,0.0,0.0,0.0,0.0,0.0,0.0,0.0,0.0,0.0,0.0,0.0,0.0,0.005284918551406781,0.012479899677785067,0.005284918551407003,0.012485317907670268,0.005284918551407003,0.012404471562081243
2022-12-27 00:00:00+00:00,0.0,0.0,0.0,0.0,0.0,0.0,0.0,0.0,0.0,0.0,0.0,0.0,0.0,0.0,0.0,0.0,0.0,0.0,0.0,0.0,0.0,0.0,0.0,0.0,0.0,0.0,0.0,0.0,0.0,0.0,0.0,0.0,0.0,-0.012958418154434548,-0.01014661363389846,-0.01295841815443477,-0.009910911538849265,-0.01295841815443477,-0.009891929227679452
2022-12-28 00:00:00+00:00,0.0,0.0,0.0,0.0,0.0,0.0,0.0,0.0,0.0,0.0,0.0,0.0,0.0,0.0,0.0,0.0,0.0,0.0,0.0,0.0,0.0,0.0,0.0,0.0,0.0,0.0,0.0,0.0,0.0,0.0,0.0,0.0,0.0,-0.009525874123361477,-0.03776198946413234,-0.009525874123361366,-0.037751704863396185,-0.009525874123361366,-0.03782688360112374
2022-12-29 00:00:00+00:00,0.0,0.0,0.0,0.0,0.0,0.0,0.0,0.0,0.0,0.0,0.0,0.0,0.0,0.0,0.0,0.0,0.0,0.0,0.0,0.0,0.0,0.0,0.0,0.0,0.0,0.0,0.0,0.0,0.0,0.0,0.0,0.0,0.0,0.005313289390471265,8.574924969972919e-05,0.005313289390471265,-0.0003732125406491482,0.005313289390471265,-0.0004203693782390827
2022-12-30 00:00:00+00:00,0.0,0.0,0.0,0.0,0.0,0.0,0.0,0.0,0.0,0.0,0.0,0.0,0.0,0.0,0.0,0.0,0.0,0.0,0.0,0.0,0.0,0.0,0.0,0.0,0.0,0.0,0.0,0.0,0.0,0.0,0.0,0.0,0.0,-0.0016502741836736945,-0.0009149040683286147,-0.0016502741836736945,-0.0007361942388274256,-0.0016502741836736945,-0.0007415121537535097
2022-12-31 00:00:00+00:00,0.0,0.0,0.0,0.0,0.0,0.0,0.0,0.0,0.0,0.0,0.0,0.0,0.0,0.0,0.0,0.0,0.0,0.0,0.0,0.0,0.0,0.0,0.0,0.0,0.0,0.0,0.0,0.0,0.0,0.0,0.0,0.0,0.0,-0.004201781916976288,0.002932468771647656,-0.00420178191697651,0.002939524120487924,-0.004201781916976399,0.0029625804348685225
2023-01-01 00:00:00+00:00,0.0,0.0,0.0,0.0,0.0,0.0,0.0,0.0,0.0,0.0,0.0,0.0,0.0,0.0,0.0,0.0,0.0,0.0,0.0,0.0,0.0,0.0,0.0,0.0,0.0,0.0,0.0,0.0,0.0,0.0,0.0,0.0,0.0,0.004913991536779516,0.0003493987019376199,0.004913991536779516,-0.00692207458836025,0.004913991536779516,0.013457765206100536
2023-01-02 00:00:00+00:00,0.0,0.0,0.0,0.0,0.0,0.0,0.0,0.0,0.0,0.0,0.0,0.0,0.0,0.0,0.0,0.0,0.0,0.0,0.0,0.0,0.0,0.0,0.0,0.0,0.00974100055299254,0.002541000552992445,0.0,0.00974100055299254,0.002541000552992667,0.0,0.00974100055299254,0.002541000552992667,0.0,0.003333216948658624,0.029035767037542515,0.003333216948658624,0.029028418704837966,0.003333216948658624,0.021620444263507066
2023-01-03 00:00:00+00:00,0.0,0.0,0.0,0.0,0.0,0.0,0.0,0.0,0.0,0.0,0.0,0.0,0.0,0.0,0.0,0.0,0.0,0.0,0.0,0.0,0.0,0.0,0.0,0.0,0.004876163691459157,0.004911183085737791,-0.0027739056363512704,0.004876163691459379,0.004911183085737569,-0.0027739056363511594,0.004876163691459379,0.004911183085737569,-0.0027739056363510484,0.00015119742964353478,0.020125005590206912,0.00015119742964353478,0.02011235802820921,0.00015119742964353478,0.020219647596971813
2023-01-04 00:00:00+00:00,0.0,0.0,0.0,0.0,0.0,0.0,0.0,0.0,0.0,0.0,0.0,0.0,0.0,0.0,0.0,0.0,0.0,0.0,0.0,0.0,0.0,0.0,0.0,0.0,0.01579113895281825,0.015903992737809736,0.015909671520619284,0.01579113895281803,0.01590399273781018,0.015909671520619062,0.01579113895281825,0.015903992737809958,0.015909671520619062,0.010495234701523026,0.027920964944250448,0.010495234701523026,0.027918182569116823,0.010495234701523026,0.027938964902050722
2023-01-05 00:00:00+00:00,0.0,0.0,0.0,0.0,0.0,0.0,0.0,0.0,0.0,0.0,0.0,0.0,0.0,0.0,0.0,0.0,0.0,0.0,0.0,0.0,0.0,0.0,0.0,0.0,-0.007266016253311358,-0.0073171310187407634,-0.007167044438697534,-0.007266016253311025,-0.0073171310187409855,-0.007167044438697534,-0.007266016253311136,-0.0073171310187409855,-0.007167044438697534,-0.001111940927618682,-0.011818285621772007,-0.001111940927618682,-0.011821915164004326,-0.001111940927618793,-0.011837303362583707
2023-01-06 00:00:00+00:00,0.0,0.0,0.0,0.0,0.0,0.0,0.0,0.0,0.0,0.0,0.0,0.0,0.0,0.0,0.0,0.0,0.0,0.0,0.0,0.0,0.0,0.0,0.0,0.0,0.014490058033333586,0.014592743647448891,0.014377004141452376,0.014490058033333364,0.01459274364744867,0.014377004141452376,0.014490058033333364,0.014592743647448891,0.014377004141452376,0.007272807237028722,0.014369981684863031,0.007272807237028722,0.014366385613917565,0.007272807237028722,0.014304935477482683
2023-01-07 00:00:00+00:00,0.0,0.0,0.0,0.0,0.0,0.0,0.0,0.0,0.0,0.0,0.0,0.0,0.0,0.0,0.0,0.0,0.0,0.0,0.0,0.0,0.0,0.0,0.0,0.0,0.005388299909819816,0.0054259355656465225,0.005334389893264513,0.005388299909819594,0.0054259355656465225,0.005334389893264513,0.005388299909819594,0.0054259355656465225,0.005334389893264513,-0.00033573164126166066,0.0006983522517745033,-0.00033573164126166066,0.0007017951047743054,-0.0003357316412617717,0.0006324905346060117
2023-01-08 00:00:00+00:00,0.0,0.0,0.0,0.0,0.0,0.0,0.0,0.0,0.0,0.0,0.0,0.0,0.0,0.0,0.0,0.0,0.0,0.0,0.0,0.0,0.0,0.0,0.0,0.0,0.02079674049471092,0.020941215565764004,0.020688707418998753,0.020796740494711363,0.020941215565764004,0.020688707418998753,0.02079674049471114,0.020941215565764004,0.020688707418998753,0.01079010787746948,0.038641348051293045,0.01079010787746948,0.038624010396822284,0.01079010787746948,0.03864208184641349
2023-01-09 00:00:00+00:00,-0.0008849222985815031,-0.002324922298581611,0.0,0.025422744338116532,0.018222744338116215,0.0,0.0,0.0,0.0,0.0,0.0,0.0,0.02542274433811631,0.018222744338116437,0.0,0.05877949533581672,0.05157949533581663,0.0,0.05877949533581672,0.051579495335816405,0.0,0.05877949533581672,0.05157949533581663,0.0,0.06830846826564008,0.05946607207597565,0.013025181634435334,0.013229141891934804,0.013319159730740049,0.013025181634435334,0.06830846826564052,0.05946607207597565,0.013025181634435334,0.0030831792716923268,0.03172908669495089,0.003083179271692549,0.03170633395382483,0.0030831792716923268,0.03176685127159096
2023-01-10 00:00:00+00:00,0.0027933113120679476,0.002797343053843715,0.0013426852346674067,0.012961004842770851,0.013052653978863127,0.005912717396593603,0.0,0.0,0.0,0.0,0.0,0.0,0.012961004842770851,0.013052653978862905,0.005912717396593381,0.008274244719026269,0.008330897175869989,0.0006982435127063091,0.008274244719026491,0.008330897175869989,0.0006982435127065312,0.008274244719026269,0.008330897175869989,0.0006982435127063091,0.008816913469074983,0.008890497133859032,-0.00047878910236309746,0.018763607934753734,0.018889606907050993,0.0189870733399502,0.008816913469074983,0.008890497133859032,-0.0004787891023632085,0.015456997854229382,0.01981806557905541,0.015456997854229604,0.019818814776466853,0.015456997854229604,0.019832151072493476
2023-01-11 00:00:00+00:00,0.005253502890995909,0.005261064412116712,0.005240310218629585,0.021559549720117532,0.0217100361607514,0.021831154231342742,0.0,0.0,0.0,0.0,0.0,0.0,0.021559549720117532,0.0217100361607514,0.021831154231342742,0.004343896424858551,0.004373392672691878,0.006586788491290685,0.004343896424858107,0.004373392672691878,0.006586788491290685,0.004343896424858551,0.004373392672691878,0.006586788491290685,-0.0001879416805474765,-0.0001894963709218045,0.001742564643248512,0.022756098002115976,0.02290607384665666,0.022571607673704586,-0.00018794168054736549,-0.0001894963709218045,0.001742564643248512,0.028708114770545023,0.03916178145600413,0.028708114770545023,0.03921000357013105,0.028708114770545023,0.03936132514176549
2023-01-12 00:00:00+00:00,0.00942873913512221,0.00944223917192355,0.009405184980251224,0.024995025506593826,0.02516578450896434,0.025222398712579475,0.0,0.0,0.0,0.0,0.0,0.0,0.02499502550659405,0.02516578450896456,0.025222398712579475,0.029727091635348035,0.029928067791158197,0.029383229013218104,0.029727091635348257,0.029928067791157975,0.029383229013218104,0.029727091635348035,0.029928067791158197,0.029383229013218104,0.024360099828035997,0.024561649535698837,0.02373555527677329,0.0256578027058596,0.025823115788626394,0.025713577992678704,0.024360099828035553,0.024561649535698837,0.02373555527677329,0.05034922011316123,0.018595509500273,0.05034922011316145,0.018591554774491925,0.05034922011316145,0.018571200180465874
2023-01-13 00:00:00+00:00,0.011239342152398635,0.011255284077010597,0.011211526498934976,0.04715695250552443,0.04747120711231845,0.04602717501428466,0.0,0.0,0.0,0.0,0.0,0.0,0.04715695250552443,0.04747120711231845,0.04602717501428444,0.08285805560898574,0.08340195673386286,0.07801447526282579,0.08285805560898574,0.08340195673386286,0.07801447526282579,0.08285805560898574,0.08340195673386286,0.07801447526282579,0.08129580475761178,0.08195230236507212,0.07666814484193907,0.03682330924807253,0.037054589258060266,0.03711514427347207,0.08129580475761222,0.08195230236507212,0.07666814484193885,0.05767956387367201,0.046293880282638034,0.05767956387367179,0.04627876113793383,0.05767956387367201,0.04633189302784868
2023-01-14 00:00:00+00:00,0.010449989125920878,0.010464646456847637,0.010424413739636096,0.10534277228349898,0.10601296325224441,0.10088132945513961,0.0,0.0,0.0,0.0,0.0,0.0,0.10534277228349875,0.10601296325224441,0.10088132945513983,0.08164476037783519,0.08213943988840122,0.08017179654492379,0.08164476037783497,0.08213943988840122,0.08017179654492423,0.08164476037783519,0.08213943988840122,0.08017179654492379,0.07637816868662317,0.07694823599839129,0.0751451752579817,0.03542874445483091,0.03564331466485515,0.03552896306949771,0.07637816868662317,0.07694823599839107,0.0751451752579817,0.05127394797460538,0.07769755817803548,0.05127394797460516,0.077671190856208,0.05127394797460538,0.0779822214959025
2023-01-15 00:00:00+00:00,-0.0007823164749077849,-0.0007834024013485541,-0.0007804215805240489,-0.0188903139332105,-0.01899897470512868,-0.01797243586833841,0.0,0.0,0.0,0.0,0.0,0.0,-0.0188903139332105,-0.0189989747051289,-0.01797243586833852,-0.017852863712572886,-0.01795282233621809,-0.01696431988117686,-0.017852863712572997,-0.017952822336217977,-0.01696431988117697,-0.017852863712572886,-0.01795282233621809,-0.01696431988117686,-0.018185134066874276,-0.018311165413207653,-0.01744011370894738,0.012599606397197372,0.012673288232801339,0.012649656242668339,-0.018185134066874276,-0.018311165413207542,-0.01744011370894738,-0.003689455848207457,-0.00865829039549304,-0.003689455848207568,-0.008649888547827667,-0.003689455848207346,-0.00879815007187068
2023-01-16 00:00:00+00:00,0.002402052345954031,0.0021459607186284924,0.0031091745590769992,0.012191002421544805,0.011804025613654678,0.013870679975131806,0.0012137488379846406,-0.00022625116201535622,0.0,0.005399840339193052,-0.0018001596608067105,0.0,0.012191002421544583,0.011804025613654678,0.013870679975132028,0.006717767202556013,0.0005843295562630857,0.0013089155551975207,0.006717767202555791,0.0005843295562630857,0.0013089155551975207,0.006717767202556013,0.0005843295562630857,0.0013089155551975207,-0.008122888053039179,-0.014236686809649624,-0.0015800170113450251,-0.012637831431581259,-0.01581138153885242,-0.004445730213499921,-0.008122888053039401,-0.014236686809649512,-0.0015800170113449141,0.01474159111481499,0.0026287699919778085,0.014741591114814767,0.0026302559299831163,0.014741591114814767,0.002707266767867811
2023-01-17 00:00:00+00:00,-0.00044007045522753696,-0.00044018291207237326,-0.0006955370660334248,-0.013517913760452305,-0.013569125017280026,-0.013907929063363245,-0.000440592892389291,-0.0004412274897326318,-0.0019082735403789242,-0.01399354201602343,-0.014094477218017931,-0.02081539609794547,-0.013517913760452083,-0.013569125017279693,-0.013907929063363467,-0.013896653415547688,-0.013991278586717781,-0.019607748202789765,-0.0138966534155478,-0.013991278586718114,-0.019607748202789876,-0.013896653415547688,-0.013991278586717781,-0.019607748202789765,0.00809844556740158,0.008139850484558009,0.0027007631692408385,0.004985419997393992,0.005001495441149029,0.0021709409190475704,0.00809844556740158,0.008139850484558009,0.0027007631692403944,-0.002415103244837624,-0.006962121870386917,-0.002415103244837513,-0.0069513868848976035,-0.002415103244837402,-0.0069413385848182685
2023-01-18 00:00:00+00:00,-0.003975369789350314,-0.003976386113923369,-0.003927450251496989,-0.04193850471311511,-0.04210668913787108,-0.042215415054821404,-0.003980091297797417,-0.003985826456789909,-0.003932065520744543,-0.04332011108372302,-0.0436370453980105,-0.043018712324135344,-0.04193850471311511,-0.04210668913787108,-0.04221541505482129,-0.0427812088071059,-0.04310460137233141,-0.04296322133179897,-0.042781208807105675,-0.0431046013723313,-0.04296322133179886,-0.0427812088071059,-0.04310460137233141,-0.04296322133179897,-0.0444285290980414,-0.04474547373855153,-0.04476406397568089,-0.033252790435295276,-0.03335948016287871,-0.033899988616551746,-0.044428529098041514,-0.044745473738551755,-0.04476406397568056,-0.021859991777191223,-0.05049914192958049,-0.021859991777191112,-0.050495356860787655,-0.021859991777191223,-0.0504857823392153
2023-01-19 00:00:00+00:00,0.0035410950345886594,0.0035420039486886434,0.0034982419884412863,0.01955231766743859,0.019649555442596167,0.01975761671714049,0.0035453175651452007,0.003550446675599117,0.0035023691097877396,0.02023941467246826,0.020394244597802036,0.0202045065356784,0.01955231766743859,0.019649555442595945,0.01975761671714027,0.019801569024820553,0.019978760870338785,0.020177274211724994,0.019801569024820553,0.019978760870338785,0.020177274211724994,0.019801569024820553,0.019978760870338785,0.020177274211724994,0.02424552004473135,0.02443608196270164,0.024441518607763113,0.025466066664960874,0.02555059287302175,0.02552979513945508,0.024245520044731572,0.02443608196270186,0.02444151860776267,0.019828008603923086,0.026817123061549042,0.019828008603923086,0.0268131087810608,0.019828008603923086,0.026778122232271162
2023-01-20 00:00:00+00:00,0.013648458902999483,0.013651949770136618,0.013483865995661537,0.08178708328797635,0.08211419638950823,0.0823054842249018,0.013664676326059277,0.013684375456215703,0.013499718337021571,0.08419859727740597,0.08482983626099116,0.08362147892598948,0.08178708328797635,0.08211419638950823,0.0823054842249018,0.0828644617606451,0.08354174622442612,0.08351100020031033,0.0828644617606451,0.0835417462244259,0.0835110002003101,0.0828644617606451,0.08354174622442612,0.08351100020031033,0.08461055930764738,0.08523061270868992,0.08456723342122818,0.0682724664235752,0.06849342863989238,0.06844559436018915,0.08461055930764738,0.0852306127086897,0.0845672334212284,0.07520268712809886,0.09096463269712096,0.07520268712809886,0.09094988395768788,0.07520268712809886,0.09101073334701204
2023-01-21 00:00:00+00:00,0.0010152926919853034,0.0010155488760452691,0.001003211718782815,-0.018300768192230588,-0.018370475488505233,-0.018396225175043468,0.0010164828241079338,0.001017928413633351,0.0010043754373199043,-0.01897577687411922,-0.019106914373936967,-0.018827631860882876,-0.0183007681922307,-0.018370475488505678,-0.018396225175043468,-0.018836364612601297,-0.01895843347606685,-0.018804674435304758,-0.018836364612601186,-0.01895843347606674,-0.018804674435304647,-0.018836364612601297,-0.01895843347606685,-0.018804674435304758,-0.03006732021498848,-0.030263037912124813,-0.03031720724489395,-0.016385586645247696,-0.016435218735299184,-0.016633679642445776,-0.03006732021498837,-0.030263037912124924,-0.030317207244894284,0.005273974506182277,-0.01971577668831337,0.005273974506182277,-0.019717439618908705,0.005273974506182277,-0.01980338303578666
2023-01-22 00:00:00+00:00,-0.0006320055822190973,-0.0006321648914476841,-0.0006244928812267903,0.004484861809717966,0.004527569951274124,0.004581807511081282,-0.0006327456706284318,-0.0006336446138761609,-0.0006252165617294247,0.004933955554996539,0.004968717245953824,0.005262503532774243,0.004484861809717966,0.004527569951274346,0.004581807511081282,0.004952951253851978,0.004979354452697704,0.005255963733525659,0.004952951253851756,0.004979354452697704,0.005255963733525437,0.004952951253851978,0.004979354452697704,0.005255963733525659,0.011705380527942344,0.011775716622501875,0.012111235496046868,0.013743884564621167,0.013786210552054756,0.014106014724426075,0.011705380527942122,0.011775716622501875,0.01211123549604709,-0.0032690679909098685,0.010618423303626834,-0.0032690679909098685,0.010615369279478815,-0.0032690679909097575,0.010585775409597709
2023-01-23 00:00:00+00:00,0.001743740801564364,0.0017441806231928147,0.0017229998623786713,0.0029135018364094822,0.0029259737531557306,0.002949787357312328,0.0017457840421335469,0.0017482658541743135,0.001724997773827619,0.002705378901521227,0.002511003185003302,0.0029836301831103196,0.0029135018364097043,0.0029259737531557306,0.002949787357312328,0.002914065584558534,0.002595152002001111,0.002979941763262328,0.002914065584558756,0.002595152002001111,0.0029799417632625502,0.002914065584558534,0.002595152002001111,0.002979941763262328,0.009857549349366446,0.0038871735327068446,0.02225920155517791,0.018566011880259525,0.018622410677736845,0.019123678601824512,0.009857549349366224,0.0038871735327066226,0.022259201555178132,0.009043415172528269,0.008390963619197,0.009043415172528046,0.008400115315660095,0.009043415172528046,0.008405133195476422
2023-01-24 00:00:00+00:00,-0.002407600214119676,-0.002408206422865211,-0.002379012250793955,-0.03693197693964578,-0.03708764864283676,-0.03714584605366633,-0.002410416420144945,-0.002413837095398108,-0.0023817660936842344,-0.03798960063662937,-0.037996990388335816,-0.038208434387834056,-0.03693197693964578,-0.03708764864283687,-0.03714584605366644,-0.03772375484551305,-0.03799377182430752,-0.038202809132383386,-0.037723754845512936,-0.03799377182430752,-0.03820280913238361,-0.03772375484551305,-0.03799377182430752,-0.038202809132383386,-0.07221178918557658,-0.07264118212689752,-0.07721828922127649,-0.04995807314595602,-0.05010705853275854,-0.05055396447993521,-0.07221178918557669,-0.07264118212689763,-0.07721828922127649,-0.012396003715485326,-0.047753447141899774,-0.012396003715485326,-0.04774392930417515,-0.012396003715485326,-0.04776491121719284
2023-01-25 00:00:00+00:00,0.003620201056869332,0.003621114786370949,0.003577112102361779,0.03526723862386261,0.03540711418361209,0.035456625440207334,0.003624445892080219,0.0036296018690962217,0.003581262700180554,0.036007347157598346,0.03601462796953814,0.036008033585267274,0.03526723862386283,0.03540711418361231,0.035456625440207334,0.035875035838914826,0.03601145683985152,0.03600782418079085,0.035875035838914604,0.03601145683985174,0.036007824180790626,0.035875035838914826,0.03601145683985152,0.03600782418079085,0.05163840376877338,0.05196951338848099,0.0518220588876519,0.030433727264340238,0.030529274577087984,0.030558713377206503,0.05163840376877338,0.05196951338848099,0.0518220588876519,0.01882783174008673,0.04203251731969493,0.01882783174008673,0.04202367608887991,0.01882783174008673,0.04207063247516318
2023-01-26 00:00:00+00:00,-0.00043918117054053685,-0.00043929161880063017,-0.0004339725078990053,0.018560539453176927,0.01868210414854854,0.019262973206241707,-0.0004396942688987826,-0.0004403174965226242,-0.0004344742583557437,0.020456255225407505,0.020460247762262407,0.020548056907514045,0.018560539453176927,0.01868210414854854,0.01926297320624193,0.019939557607551173,0.020458508835062172,0.020547941563707317,0.019939557607551395,0.02045850883506195,0.02054794156370754,0.019939557607551173,0.020458508835062172,0.020547941563707317,-0.008096510432361703,-0.008145861177606184,-0.007976132622106058,-0.004674315961814002,-0.004688556324966564,-0.004734876966590917,-0.008096510432361925,-0.008145861177606406,-0.007976132622105947,-0.0022499865581839806,0.012489555699958244,-0.0022499865581839806,0.012490214174316394,-0.0022499865581840917,0.012524687628255649
2023-01-27 00:00:00+00:00,0.0006259959496861534,0.0006261534485820786,0.0006185684515107592,0.008494413077485996,0.008541463169971397,0.00869162770263543,0.0006267276267397648,0.0006276163488776465,0.0006192839390188887,0.009074496876227522,0.009076232474720225,0.00909074661665743,0.008494413077486218,0.008541463169971175,0.008691627702635207,0.008951889266754609,0.00907547654612828,0.00909069661439399,0.008951889266754609,0.009075476546128503,0.00909069661439399,0.008951889266754609,0.00907547654612828,0.00909069661439399,0.017733550028478096,0.017842529252219075,0.016717136370131724,0.023830371705407805,0.023903313226963485,0.024506738362014557,0.017733550028478318,0.017842529252219075,0.016717136370131724,0.0032128852648383166,0.031671087552770816,0.0032128852648383166,0.031695885957977676,0.0032128852648383166,0.031760199640771924
2023-01-28 00:00:00+00:00,-0.0004692243982278299,-0.00046934237994877837,-0.00046366045027601555,-0.007802025067793372,-0.007829923448670506,-0.007854652479002633,-0.000469772493932763,-0.0004704382302649357,-0.0004641964264369136,-0.007909618207388447,-0.00791111740282846,-0.007921364800984376,-0.007802025067793483,-0.007829923448670728,-0.007854652479002633,-0.007829046037450382,-0.007910464438676712,-0.007921321623242772,-0.007829046037450382,-0.007910464438676712,-0.00792132162324255,-0.007829046037450382,-0.007910464438676712,-0.007921321623242772,0.012639856708221098,0.012716171650990038,0.011651998782807427,0.01428909604521622,0.014331811969593655,0.014928117078044867,0.012639856708221098,0.012716171650990038,0.011651998782807427,-0.002402055067491582,-0.00973605494126828,-0.002402055067491471,-0.00973690096276425,-0.002402055067491582,-0.009783487415846559
2023-01-29 00:00:00+00:00,0.006068916391841039,0.006070443075917309,0.005996919285970126,0.03852187056225187,0.038662726165922257,0.03869612111312071,0.006076008756137563,0.006084623401870992,0.006003854745940007,0.03894040556101053,0.03894784521297523,0.038924367508445856,0.03852187056225187,0.038662726165922257,0.03869612111312093,0.03885985960307203,0.03894460492151719,0.03892415364559265,0.03885985960307203,0.03894460492151741,0.03892415364559243,0.03885985960307203,0.03894460492151719,0.03892415364559265,0.06121201906328655,0.061576954798158834,0.06163473401789865,0.02745504419827771,0.027535958847275666,0.027412005204243695,0.06121201906328633,0.061576954798158834,0.06163473401789843,0.031128210361305975,0.03884303014166135,0.031128210361305975,0.03883603979613315,0.031128210361305975,0.038886884364787155
2023-01-30 00:00:00+00:00,-0.007655732414240335,-0.007657646654193884,-0.0075654519093372175,-0.04751589156833369,-0.04770530051862876,-0.04799678095881066,-0.0070582373185752445,-0.007223112239814533,-0.0075741491661868166,-0.04708747049256112,-0.04726310879056406,-0.04855558407011151,-0.04751589156833369,-0.047705300518628424,-0.04799678095881066,-0.04825993740112089,-0.047260200542496245,-0.04855532728541889,-0.04825993740112089,-0.047260200542496245,-0.048555327285419,-0.04825993740112089,-0.047260200542496245,-0.04855532728541889,-0.07822468016401896,-0.0841626761170815,-0.06469858676996376,-0.08021443210301293,-0.09187823078043778,-0.056997976284901886,-0.07822468016401884,-0.08416267611708117,-0.06469858676996387,-0.03831288059362081,-0.05851421287316927,-0.03831288059362081,-0.058509064645831166,-0.038312880593620924,-0.0584688301659112
2023-01-31 00:00:00+00:00,0.002483180767500981,0.0024838064535037674,0.002453674539398598,0.022491764254443547,0.022629041410499484,0.022795998906786075,0.0022356244515508994,0.002235995692995596,0.002456516815799059,0.023355947989506687,0.023363909583278497,0.02348364492785726,0.022491764254443547,0.022629041410499262,0.022795998906786075,0.023502975352564626,0.0233622459753966,0.02348362240659352,0.023502975352564848,0.023362245975396823,0.023483622406593962,0.023502975352564626,0.0233622459753966,0.02348362240659352,-0.001681921028518163,-0.0016928274739232974,-0.0027679999990792847,-0.0009942265884663737,-0.0010069964884069638,-0.004549566800641336,-0.001681921028518274,-0.0016928274739232974,-0.0027679999990791737,0.01282315708991466,0.020719179947569666,0.01282315708991466,0.020707352985872785,0.01282315708991466,0.02070978104098975
2023-02-01 00:00:00+00:00,0.005135503858995083,0.00513679464366068,0.005074630942849989,0.028421648660566623,0.02854362843725089,0.02889422278158915,0.004624670912800388,0.004625437159189616,0.00508049486603368,0.027502229335548245,0.02750971772468591,0.028382346509709944,0.028421648660566623,0.02854362843725089,0.02889422278158915,0.028779747104410447,0.02750853198849712,0.028382347137437147,0.028779747104410447,0.02750853198849712,0.028382347137436925,0.028779747104410447,0.02750853198849712,0.028382347137437147,0.09204682832450173,0.09264471966915444,0.031005165219348374,0.09504871877398813,0.09627076023723835,0.009656883253693849,0.09204682832450195,0.09264471966915422,0.031005165219348152,0.026249023946705474,0.05010852656311804,0.026249023946705696,0.04130284719513977,0.026249023946705474,0.0368620354440099
2023-02-02 00:00:00+00:00,-0.00203769726205405,-0.002038206810202614,-0.002013665678014198,-0.013934402782871724,-0.013986676101761963,-0.013989449441702662,-0.0018359388448124792,-0.0018362416348957078,-0.002015980781090554,-0.014090633555360221,-0.014095262694555855,-0.014300470085594097,-0.013934402782871613,-0.013986676101761963,-0.013989449441702773,-0.014345268782301801,-0.014094281551794374,-0.01430047039314608,-0.014345268782301912,-0.014094281551794374,-0.014300470393145859,-0.014345268782301801,-0.014094281551794374,-0.01430047039314608,-0.0215731946972747,-0.0217014422036661,-0.018755024946023324,-0.01491815781899164,-0.015093117122413235,-0.009709436769288482,-0.0215731946972747,-0.021701442203665655,-0.018755024946023102,-0.010200973459268847,-0.015573390291506617,-0.010200973459268847,-0.01550250295172273,-0.010200973459268958,-0.023987246615240432
2023-02-03 00:00:00+00:00,-0.0005085038384735618,-0.0005086312550371952,-0.0005024946977097988,0.018025486165392568,0.01811514384029067,0.01831958278127277,-0.0004580627665874415,-0.00045813845103248596,-0.000503073580796487,0.017954845787828466,0.017959443028518818,0.018459759171120638,0.018025486165392346,0.018115143840290893,0.01831958278127299,0.018819260936957072,0.01795877848025329,0.018459759573883794,0.018819260936957072,0.017958778480252846,0.01845975957388335,0.018819260936957072,0.01795877848025329,0.018459759573883794,0.030758388725701913,0.030945296185238336,0.01095416669280791,0.02931532124958558,0.029664398325164765,0.007170553403455848,0.03075838872570169,0.03094529618523789,0.010954166692807688,-0.0025666302315839884,0.038289225114755965,-0.0025666302315839884,0.03818681584914141,-0.0025666302315838774,0.03760488087995273
2023-02-04 00:00:00+00:00,-0.0008831206585210305,-0.0008833420559877236,-0.0008726793129015809,0.0031800163146729066,0.0032128861302793688,0.0032703355102075005,-0.0007954793011526462,-0.0007956107962421299,-0.0008736851614543628,0.0035586799520130885,0.0035597084181964167,0.003602685436931319,0.0031800163146729066,0.0032128861302793688,0.0032703355102075005,0.0035486772723136717,0.003559520943558603,0.003602685514111581,0.0035486772723136717,0.003559520943558825,0.003602685514111581,0.0035486772723136717,0.003559520943558603,0.003602685514111581,-0.01814269793645673,-0.018249635257909125,-0.00624967959225009,-0.018508771249828082,-0.018722817962541827,-0.0014892837133438919,-0.01814269793645651,-0.018249635257909014,-0.006249679592249979,-0.0044666746893556875,-0.003396246823431981,-0.004466674689355576,-0.0032911366822192534,-0.004466674689355576,-0.0026447199540506894
2023-02-05 00:00:00+00:00,-0.0033147774687359854,-0.003315609214852522,-0.003275551834816759,-0.027174604188084817,-0.027294423147365965,-0.027459331197235315,-0.00298555532466227,-0.00298604923878254,-0.0032793305311598075,-0.027217515598941033,-0.027225702696110687,-0.027833433177871347,-0.027174604188084706,-0.027294423147366076,-0.027459331197235426,-0.027859276986121673,-0.027224121900832565,-0.027833433772005423,-0.027859276986121673,-0.027224121900832454,-0.027833433772005423,-0.027859276986121673,-0.027224121900832565,-0.027833433772005423,-0.0352392123100117,-0.035450781563058587,-0.023090589892032165,-0.037046619846977324,-0.03748322400066506,-0.005856885438444648,-0.035239212310011814,-0.035450781563058587,-0.023090589892032387,-0.016825932846297187,-0.012710618408759089,-0.016825932846297298,-0.012844793525828457,-0.016825932846297298,-0.012671433870095616
2023-02-06 00:00:00+00:00,-0.0014595976599246496,-0.001459965121476836,-0.0014422686544023344,-0.01536912774491006,-0.015423575052445737,-0.015396388805686168,-0.001314197002962314,-0.0013144150677565358,-0.0014439379383502926,-0.01548435761065059,-0.015489603410862474,-0.015796115973697455,-0.01536912774491006,-0.015423575052445737,-0.015396388805686057,-0.01512511300699626,-0.017840765431456518,-0.015796116320535902,-0.01565601863163213,-0.015488479550608947,-0.015796116320535902,-0.01512511300699626,-0.017840765431456518,-0.015796116320535902,-0.02903523185101131,-0.035184895210488065,-0.020746501720532606,-0.025285926318866503,-0.025595532651188524,-0.007940569991004898,-0.02903523185101131,-0.035184895210488065,-0.020746501720532273,-0.007510788556500447,-0.022905997172200876,-0.007510788556500336,-0.022865717584343748,-0.007510788556500336,-0.02295434573697197
2023-02-07 00:00:00+00:00,0.004077947491807787,0.00407897563805415,0.004029462320700672,0.03696925609845181,0.037135886750572,0.03590879940164404,0.0036711802564801665,0.0036717902174008277,0.004034132770397658,0.03675901615185495,0.036770188932685466,0.037122775205177705,0.03696925609845181,0.037135886750572,0.03590879940164404,0.03122014599496148,0.032055899926051845,0.028949024491977005,0.03622415209621965,0.03676812199539281,0.0371227752292933,0.03122014599496148,0.032055899926051845,0.028949024491977005,0.07906063353622939,0.0797123411309657,0.07001188454993645,0.06773094091233567,0.06858203742099445,0.013536934230396369,0.07906063353622916,0.0797123411309657,0.07001188454993601,0.021112217630678387,0.06935005244086145,0.02111221763067861,0.06919729404805763,0.02111221763067861,0.069261213666588
2023-02-08 00:00:00+00:00,-0.002368634429670391,-0.002369229191966249,-0.002340585332696099,-0.0072339510568805165,-0.0072499947277737675,-0.0076802002875985265,-0.002133232012407449,-0.002133585148962891,-0.0023432873467394977,-0.007576826423658312,-0.007580525260648008,-0.008386828992115403,-0.0072339510568805165,-0.0072499947277734345,-0.0076802002875986375,-0.011125592203244827,-0.011040953609407711,-0.01145048567860818,-0.007788180920314858,-0.007579470792862808,-0.008386828991902795,-0.011125592203244827,-0.011040953609407711,-0.01145048567860818,-0.06652046331402639,-0.06702799718772812,-0.05572448940892094,-0.05415465323283253,-0.054791477507881825,-0.012519100267836314,-0.06652046331402628,-0.06702799718772812,-0.05572448940892072,-0.012058248191951004,-0.027193040414617564,-0.012058248191950893,-0.02707325508215841,-0.012058248191950893,-0.02682599164944921
2023-02-09 00:00:00+00:00,-0.009857800692873675,-0.00986028185754484,-0.009740791879727873,-0.06753936795025328,-0.06781244317006219,-0.06685602905708965,-0.0088760067371213,-0.008877479218467488,-0.009752063238090525,-0.06779122291347495,-0.06781340222629251,-0.0699016985049149,-0.06753936795025339,-0.06781244317006219,-0.06685602905708943,-0.06793569678801581,-0.06904396375227584,-0.06931362560622367,-0.06734210623372472,-0.06780875960701982,-0.06990169850312633,-0.06793569678801581,-0.06904396375227584,-0.06931362560622367,-0.12298255371400313,-0.12403012058920115,-0.12555238175415473,-0.11327256670776975,-0.11468179366858655,-0.028119688738748483,-0.12298255371400313,-0.12403012058920115,-0.12555238175415473,-0.05067630826523517,-0.10443183805617617,-0.05067630826523517,-0.10427227844746723,-0.05067630826523506,-0.1039182921522851
2023-02-10 00:00:00+00:00,-0.0014685606162613274,-0.00146893392740155,-0.0014509578254209288,-0.008853635413277106,-0.008890508437961464,-0.008896233868531334,-0.0013209885329736881,-0.0013212096406812757,-0.001452653306066476,-0.008888652824702636,-0.00889206801231679,-0.009350986271268513,-0.008853635413277106,-0.008890508437961575,-0.008896233868531556,0.0034112244974660033,0.003280080428636145,0.00311614068985544,-0.008818923840971715,-0.008891286271321963,-0.009350986271011164,0.0034112244974660033,0.003280080428636145,0.00311614068985544,-0.006389426463007553,-0.013361765093004463,0.028328872239451908,-0.0071373018268025,-0.014498331273979148,-0.0006825676357210542,-0.0063894264630072195,-0.013361765093004463,0.02832887223945213,-0.007874084372791135,0.006446056079149054,-0.007874084372791024,0.006381013818256287,-0.007874084372791024,0.006364691922833066
2023-02-11 00:00:00+00:00,0.002011338313030908,0.002011850351533173,0.001987194526733127,0.016399891136500422,0.01646695122513142,0.016173285600004306,0.0018089564754988352,0.0018092596600898236,0.0019895199915207495,0.01637186144054259,0.01637760183806125,0.016984465830282236,0.016399891136500422,0.01646695122513142,0.016173285600004306,0.01126869399635555,0.011553555856898656,0.011596951617327766,0.01625849740497287,0.016376413162292103,0.016984465829810613,0.01126869399635555,0.011553555856898656,0.011596951617327766,0.0,0.0,-0.0072900493250174225,0.0,0.0,0.004477666366538902,0.0,0.0,-0.0072900493250175336,0.010853961145629976,0.016613949365017255,0.010853961145629976,0.01661785376155467,0.010853961145629976,0.016542393145056344
2023-02-12 00:00:00+00:00,-0.0006321339212844723,-0.0006322945243127931,-0.0006245609348882741,-0.0005085283077839176,-0.0005411614361161554,-0.000489321700000156,-0.0005686431512726964,-0.0005687382848392764,-0.0006252903605240556,-0.0005724548947255714,-0.0005722846700875195,-0.00010615323547813471,-0.0005085283077836955,-0.0005411614361161554,-0.0004893217000000449,-0.006409623190355429,-0.006612164496739514,-0.006631290208039986,-0.0002760554208228738,-0.0005724039305239348,-0.00010615323547513711,-0.006409623190355429,-0.006612164496739514,-0.006631290208039986,0.0,0.0,0.0,0.0,0.0,-0.007026553911945732,0.0,0.0,0.0,-0.003381399239745453,-0.023388570331184577,-0.003381399239745453,-0.02329458516885352,-0.003381399239745564,-0.022856135896050733
2023-02-13 00:00:00+00:00,-5.646859007724103e-06,-5.648294583937563e-06,-5.579167162372833e-06,-0.013871149054969223,-0.014125788932488281,-0.014110321766682588,-5.079372589977815e-06,-5.080222848952154e-06,-5.585687157028119e-06,-0.013744533704839301,-0.01392602346726457,-0.014678717732734325,-0.013871149054969334,-0.014125788932488392,-0.014110321766682699,-0.039886497894004114,-0.0483825516752453,-0.013902301381126136,-0.02462605233363513,-0.03319809553814845,-0.014678717732333535,-0.039886497894004114,-0.0483825516752453,-0.013902301381126136,0.0,0.0,0.0,0.0,0.0,-0.005592540508116195,0.0,0.0,0.0,-3.0289401463101662e-05,-0.008457630581427678,-3.028940146299064e-05,-0.008520914743286978,-3.0289401463101662e-05,-0.00837480736322771
2023-02-14 00:00:00+00:00,0.003568920604543946,0.0035698279207394545,0.003526137852406519,0.03073109008593966,0.030812921698807783,0.03158556347534058,0.003210256743237716,0.0032107941251067196,0.0035302586336867225,0.030756915823460185,0.030770202072495145,0.032717350118360855,0.03073109008593966,0.030812921698808005,0.03158556347534058,0.09991139670982618,0.10061693609001132,0.09066090348571665,0.03757538399850735,0.03779895098967945,0.028295057528775924,0.09991139670982618,0.10061693609001132,0.09066090348571665,0.0,0.0,0.0,0.0,0.0,0.08070269705912958,0.0,0.0,0.0,0.019143940513485225,0.047114449621671994,0.019143940513485003,0.047047667949671856,0.019143940513485225,0.046592714930363544
2023-02-15 00:00:00+00:00,0.018097608926691766,0.018102193462611993,0.01788142453128172,0.06612824390528549,0.06638999870435325,0.06731886378691687,0.016284683380716647,0.016287400635520255,0.017902247944595162,0.06623923007664967,0.06627194266481129,0.06944027181260282,0.06612824390528549,0.06638999870435303,0.0673188637869171,0.08038371172235448,0.08044427601446258,0.08053109335949249,0.07561223134782491,0.07572921573608071,0.07554344965123261,0.08038371172235448,0.08044427601446258,0.08053109335949249,0.0,0.0,0.0,0.0,0.0,0.08293896867367034,0.0,0.0,0.0,0.09559327163003983,0.07820094502211417,0.09559327163003983,0.07820335766777387,0.09559327163003961,0.07757080773910463
2023-02-16 00:00:00+00:00,-0.006807076344220064,-0.0068087700712905486,-0.00672719109842268,-0.02344841007110654,-0.023556388727584365,-0.023065707984843753,-0.006136104941629417,-0.006137112400402489,-0.00673488731882721,-0.023638111686407837,-0.0236526001202636,-0.024590578523410733,-0.02344841007110654,-0.023556388727584365,-0.023065707984843642,-0.07738016821424076,-0.07742853647518633,-0.07748438123912793,-0.04154253577402378,-0.04170607045330388,-0.041295225398443214,-0.07738016821424076,-0.07742853647518633,-0.07748438123912793,0.0,0.0,0.0,0.0,0.0,-0.05978018255095108,0.0,0.0,0.0,-0.03341233357337581,-0.0561513279349668,-0.0334123335733757,-0.05606108799275811,-0.03341233357337581,-0.05613885471945035
2023-02-17 00:00:00+00:00,0.008949417424667594,0.008951659471585938,0.008843679161411266,0.047016393568706905,0.047136934251883034,0.04872911939456781,0.008061829795843689,0.008063161603955926,0.008853865345686218,0.0470835664545155,0.04710077485773323,0.049672001108853836,0.04701639356870668,0.047136934251883256,0.04872911939456781,0.055265258667537065,0.05543740379827655,0.05548698128772922,0.051978744130696475,0.05217102667613793,0.0523626066595031,0.055265258667537065,0.05543740379827655,0.05548698128772922,0.0,0.0,0.0,0.0,0.0,0.06229712834667289,0.0,0.0,0.0,0.04513706537847373,0.07367678156378621,0.045137065378473507,0.07350445028443353,0.04513706537847373,0.07306593188481525
2023-02-18 00:00:00+00:00,0.0004899431883844674,0.0004900648420773646,0.0004842052054208068,-0.000994533201052028,-0.0009812646419562476,-0.0013891960012640814,0.0004417400817633421,0.0004418124731830897,0.0004847580203231061,-0.0009152697986235525,-0.0009137749754017932,-0.0010820586876492122,-0.000994533201051917,-0.0009812646419562476,-0.0013891960012640814,0.00016724225822706273,0.00016284727524440434,0.0002325635707924878,-0.0027033430632920075,-0.002740051593598025,-0.0028537932529784094,0.00016724225822706273,0.00016284727524440434,0.0002325635707924878,0.0,0.0,0.0,0.0,0.0,0.00013878213079632218,0.0,0.0,0.0,0.002385505500944074,0.0037078389562845704,0.002385505500944074,0.003713303026605441,0.002385505500944074,0.003866519093569387
2023-02-19 00:00:00+00:00,-0.002964446215412031,-0.0029651819316940387,-0.0029297448256028202,0.0017353182061357053,0.0016948057120569349,0.0013793357662235106,-0.0026729176758284456,-0.002673355514417275,-0.002933088081405133,0.0014041993323461455,0.0014052669432824683,0.0021105830222125643,0.0017353182061357053,0.0016948057120567128,0.0013793357662235106,-0.029671806918717403,-0.029998937024771966,-0.0297510781024084,-0.0020090400376924222,-0.0019432783233694906,-0.0019816428418818477,-0.029671806918717403,-0.029998937024771966,-0.0297510781024084,0.0,0.0,0.0,0.0,0.0,-0.026546973613758684,0.0,0.0,0.0,-0.014406425009021229,-0.001536582636177397,-0.01440642500902134,-0.0015127681837714402,-0.01440642500902134,-0.001131636001561409
2023-02-20 00:00:00+00:00,0.003989255810970205,0.003801289399363972,0.004666494721145886,0.01812419701186263,0.01817803499814019,0.018040172064551774,0.004256324334010797,0.004257023412187033,0.004671835520785761,0.018001907110004156,0.018011356370819298,0.019020571177833512,0.01812419701186263,0.01817803499814019,0.018040172064551774,0.009884425416810005,0.0008564752245765472,0.005558826389779892,0.013066220346116708,0.0070311147582065026,0.0172093385637464,0.009884425416810005,0.0008564752245765472,0.005558826389779892,0.0,0.0,0.0,0.0,0.0,0.014426932310898977,0.0,0.0,0.0,0.02321373929166093,0.020149553676099385,0.023213739291660707,0.020124823169963557,0.02321373929166093,0.02023776644475417
2023-02-21 00:00:00+00:00,-0.0028838486880433667,-0.002884388686946626,-0.0030280906699871046,-0.032148333214051306,-0.03221951084744945,-0.03166482583710817,-0.002936557061509637,-0.002937037330556058,-0.0030299635644789324,-0.03231482545719244,-0.03232688224004232,-0.03285066872312847,-0.032148333214051306,-0.03221951084744934,-0.031664825837107946,-0.0334572459920619,-0.03331946668755914,-0.04139131551959485,-0.03336361764848739,-0.03356361091394977,-0.039190952129393386,-0.0334572459920619,-0.03331946668755914,-0.04139131551959485,0.0,0.0,0.0,0.0,0.0,-0.03927956268046073,0.0,0.0,0.0,-0.015719077141167936,-0.03291584141335513,-0.015719077141167936,-0.03289806401825013,-0.015719077141167936,-0.032685870997171906
2023-02-22 00:00:00+00:00,-0.0019994422996452155,-0.0019998177770158554,-0.001962046748100521,-0.00809310194267765,-0.00811618872178932,-0.008111555569595197,-0.0020360939240294806,-0.0020364279047342393,-0.0019620504199768796,-0.007948879994098879,-0.00795348551089714,-0.00861270346891485,-0.00809310194267765,-0.00811618872178943,-0.008111555569595308,-0.007227699645162455,-0.007402976494417124,-0.007026287320516578,-0.007206775192326931,-0.007251475440774757,-0.0069532563820602356,-0.007227699645162455,-0.007402976494417124,-0.007026287320516578,0.0,0.0,0.0,0.0,0.0,-0.022770446292410096,0.0,0.0,0.0,-0.01104053539583616,-0.006241108845843946,-0.01104053539583627,-0.006249183672943581,-0.01104053539583627,-0.0067825898760859316
2023-02-23 00:00:00+00:00,-0.0017892196032547325,-0.0017895562759684402,-0.0017556900583960422,-0.01075469066827639,-0.01077513083377557,-0.010458700173414104,-0.0018220845675701591,-0.001822384054180115,-0.001755693350545262,-0.010810904141006383,-0.0108144180833466,-0.010691397038015804,-0.010754690668276501,-0.010775130833775792,-0.010458700173414104,-0.008584448306837245,-0.008631622440319231,-0.008599520438174357,-0.008559415612375276,-0.008612893448533443,-0.008590533007267975,-0.008584448306837245,-0.008631622440319231,-0.008599520438174357,0.0,0.0,0.0,0.0,0.0,-0.01844568894994003,0.0,0.0,0.0,-0.009970046856573989,-0.006706912608202664,-0.009970046856573878,-0.006723997450978181,-0.009970046856573878,-0.007225806946964619
2023-02-24 00:00:00+00:00,-0.005623188510813559,-0.005624248508226071,-0.005517625976030116,-0.03435735319271871,-0.03445718431090283,-0.03376763263180804,-0.005726665599955605,-0.005727608580814225,-0.005517636340499621,-0.034556469822558444,-0.0345701116625301,-0.03473064819042149,-0.03435735319271882,-0.0344571843109025,-0.03376763263180815,-0.0366375146961051,-0.03636516320712235,-0.03638590396669561,-0.03652975545559811,-0.036759970239825135,-0.03657929006158411,-0.0366375146961051,-0.03636516320712235,-0.03638590396669561,0.0,0.0,0.0,0.0,0.0,-0.05820169003156195,0.0,0.0,0.0,-0.03159294533924284,-0.038178624821119334,-0.03159294533924284,-0.03822984877945579,-0.03159294533924284,-0.03879250900612197
2023-02-25 00:00:00+00:00,-0.00020311724965649258,-0.0002031557547731433,-0.00019928303092864308,-0.00947231126237491,-0.009485972646774421,-0.009238501716344438,-0.00020687651148976194,-0.00020691077302792404,-0.00019928340734454153,-0.009420698534791438,-0.009424865457110854,-0.00979923000970817,-0.009472311262374578,-0.009485972646774532,-0.009238501716344105,-0.01148836588919866,-0.011440472328493989,-0.011279706413114488,-0.011453294863438268,-0.011528229458478867,-0.01132314870236295,-0.01148836588919866,-0.011440472328493989,-0.011279706413114488,0.0,0.0,0.0,0.0,0.0,-0.025353033543271564,0.0,0.0,0.0,-0.0011717833533447797,-0.026960312382614204,-0.0011717833533447797,-0.026843072499093346,-0.0011717833533447797,-0.026109118549995647
2023-02-26 00:00:00+00:00,0.002969389375776288,0.0029699523999289212,0.002913325414093615,0.022460358249808632,0.02253071254146244,0.02215955301332584,0.003024357734930261,0.003024858712985745,0.0029133309180284783,0.0225154877581899,0.022525918170546833,0.02309159660188631,0.02246035824980841,0.022530712541462217,0.022159553013325617,0.02686592790485709,0.0266272107260328,0.02650863377394841,0.026782962915543385,0.02696023741670328,0.026672016937345555,0.02686592790485709,0.0266272107260328,0.02650863377394841,0.0,0.0,0.0,0.0,0.0,0.04513419680623132,0.0,0.0,0.0,0.017147019543854558,0.028289433280540788,0.017147019543854558,0.02826411914442928,0.017147019543854558,0.027689161106312588
2023-02-27 00:00:00+00:00,-0.0005018076785541226,-0.0005019025442628555,-0.0004923607521108986,-0.013955481848716533,-0.013974915346499861,-0.01351428502794938,-0.0005110689677462199,-0.0005111533698666237,-0.0004923616795902142,-0.013983808777632056,-0.01398879780809692,-0.014077506301810039,-0.013955481848716533,-0.013974915346499861,-0.01351428502794949,-0.02078281158872497,-0.035120949631859744,-0.0167358632399075,-0.02717990351925259,-0.03603186164106498,-0.016854125041172008,-0.02078281158872497,-0.035120949631859744,-0.0167358632399075,0.0,0.0,0.0,0.0,0.0,-0.00809768974876346,0.0,0.0,0.0,-0.0028573454068311355,-0.01678512434207191,-0.0028573454068312465,-0.016792631439368932,-0.0028573454068311355,-0.016569655829868912
2023-02-28 00:00:00+00:00,-0.002567358784745566,-0.0025678443823617947,-0.002519002416244698,-0.017591277068012334,-0.017634067765295636,-0.017261511028109355,-0.002614765811598918,-0.002615197856308704,-0.002519007163726994,-0.017518141305725488,-0.01752562069532415,-0.017898534247533626,-0.017591277068012334,-0.017634067765295636,-0.017261511028109244,-0.06274572119705091,-0.014986466413699384,-0.0755894797994553,-0.0125939910258418,-0.012790788811799514,-0.02129819657828036,-0.06274572119705091,-0.014986466413699384,-0.0755894797994553,0.0,0.0,0.0,0.0,0.0,0.0,0.0,0.0,0.0,-0.014653343278193787,-0.027662866937207098,-0.014653343278193898,-0.027643840545064857,-0.014653343278194009,-0.02714564567975375
2023-03-01 00:00:00+00:00,0.0036358593699714614,0.003636548837303133,0.00356720478287742,0.02464994680826793,0.024729437911928942,0.02426206584666679,0.003703172579256231,0.003703786068707471,0.0035672115228506662,0.024692781093121674,0.024703467764852105,0.025002549617080927,0.02464994680826793,0.024729437911928942,0.02426206584666679,-0.0072066749533370444,0.0,0.04715735056710524,0.04595491509210836,0.04645544188491746,0.04581149216886482,-0.0072066749533370444,0.0,0.04715735056710524,0.0,0.0,0.0,0.0,0.0,0.0,0.0,0.0,0.0,0.021006406478717876,0.041507749738448396,0.021006406478717876,0.036038897593720254,0.021006406478717876,0.04504055906132787
2023-03-02 00:00:00+00:00,-0.0012166031711275949,-0.001216833039431764,-0.0011937121605531953,-0.012478942720789976,-0.012514746302665247,-0.012274872272368564,-0.0012390438952711857,-0.001239248405143334,-0.0011937144079684492,-0.012581838516318666,-0.012587454129223685,-0.012854123982389831,-0.012478942720790087,-0.012514746302665247,-0.012274872272368564,0.0,0.0,-0.007600466627874725,-0.02246382430043925,-0.022699613327953783,-0.022460562990951227,0.0,0.0,-0.007600466627874725,0.0,0.0,0.0,0.0,0.0,0.0,0.0,0.0,0.0,-0.006909415898765703,-0.025416106892182544,-0.006909415898765592,-0.02542375595551205,-0.006909415898765703,-0.030467424110910413
2023-03-03 00:00:00+00:00,-0.008281158397419719,-0.00828272496821214,-0.008125157949334993,-0.036874851918359264,-0.03702574150270055,-0.0366041863915878,-0.008434097119933703,-0.008435490933589973,-0.00812517326494211,-0.037144929477992306,-0.037161975812631476,-0.037562929443670234,-0.03687485191835915,-0.03702574150270055,-0.03660418639158758,0.0,0.0,0.0,-0.0465221024103315,-0.04706232776915764,-0.04654624878675229,0.0,0.0,0.0,0.0,0.0,0.0,0.0,0.0,0.0,0.0,0.0,0.0,-0.04730052189682754,-0.05974362766019092,-0.04730052189682754,-0.059641883070848944,-0.04730052189682754,-0.05943972926046526
2023-03-04 00:00:00+00:00,-5.438690824344228e-05,-5.4397282701623695e-05,-5.335397501093908e-05,-0.014153021234271534,-0.014185596974731207,-0.013742124226771346,-5.539988423741704e-05,-5.540911747481392e-05,-5.3354076404943385e-05,-0.014407744746313234,-0.014413533948666513,-0.014439428059178416,-0.014153021234271645,-0.01418559697473143,-0.013742124226771457,0.0,0.0,0.0,-0.019427001211815065,-0.019678630177868084,-0.019488948965293185,0.0,0.0,0.0,0.0,0.0,0.0,0.0,0.0,0.0,0.0,0.0,0.0,-0.0003233715803344639,-0.03535872846542498,-0.00032337158033424185,-0.03527963064938722,-0.00032337158033435287,-0.035232887061427576
2023-03-05 00:00:00+00:00,0.0006149139245694712,0.0006150312275392533,0.0006032346631679175,0.0018513876887125136,0.0018564464595183239,0.0018004512961646846,0.000626367555124796,0.000626471954635166,0.0006032358096177415,0.001849320942285848,0.001849893673458336,0.0017772701504885635,0.0018513876887125136,0.0018564464595183239,0.0018004512961646846,0.0,0.0,0.0,0.005211679060831864,-0.014370249020023595,0.005238462493028839,0.0,0.0,0.0,0.0,0.0,0.0,0.0,0.0,0.0,0.0,0.0,0.0,0.0036571152456605915,0.007168565843849617,0.0036571152456605915,0.007164578666919219,0.0036571152456605915,0.007150673938223218
2023-03-06 00:00:00+00:00,-0.0013544446447697478,-0.002704141999042564,-0.0001650630385019447,-0.0068304332411328605,-0.013653768095915786,-0.0032335823533989894,-0.00017138892700452324,-0.00017141747528670592,-0.0001650633520157152,-0.005266626119414308,-0.007971596176051143,-0.0034791297518221853,-0.006830433241132972,-0.013653768095915897,-0.0032335823533988783,0.0,0.0,0.0,-0.01965992699304553,0.0,-0.01264469369952792,0.0,0.0,0.0,0.0,0.0,0.0,0.0,0.0,0.0,0.0,0.0,0.0,-0.0009976511956433232,0.005290844098948311,-0.0009976511956434342,0.005292932890656354,-0.0009976511956433232,0.005272643142787636
2023-03-07 00:00:00+00:00,0.0,0.0,-0.0013238281913822147,0.0,0.0,-0.006707296358453796,-0.001622499544379763,-0.0016227698507345067,-0.001562606895060492,-0.0028774520082389676,-0.002887714773712524,-0.006277363270602909,0.0,0.0,-0.006707296358453796,0.0,0.0,0.0,-0.007503449763604619,0.0,-0.0072130682412892,0.0,0.0,0.0,0.0,0.0,0.0,0.0,0.0,0.0,0.0,0.0,0.0,-0.009452345817617114,-0.01813396288698188,-0.009452345817617003,-0.01810009731126816,-0.009452345817617114,-0.01801980099204248
2023-03-08 00:00:00+00:00,0.0,0.0,0.0,0.0,0.0,0.0,-0.0038367885977490523,-0.003837428840803292,-0.0036949364310088217,-0.03965436694350588,-0.03977800317026026,-0.040410536757520044,0.0,0.0,0.0,0.0,0.0,0.0,0.0,0.0,0.0,0.0,0.0,0.0,0.0,0.0,0.0,0.0,0.0,0.0,0.0,0.0,0.0,-0.022529020004973366,-0.06315977672075712,-0.022529020004973255,-0.06308891313816278,-0.022529020004973366,-0.06290174612597144
2023-03-09 00:00:00+00:00,0.0,0.0,0.0,0.0,0.0,0.0,-0.010253386722000046,-0.01025510429072174,-0.009872896848052815,-0.007068243273585906,-0.014071721692984207,-0.05228638801171248,0.0,0.0,0.0,0.0,0.0,0.0,0.0,0.0,0.0,0.0,0.0,0.0,0.0,0.0,0.0,0.0,0.0,0.0,0.0,0.0,0.0,-0.061357604280874556,-0.04394175793143518,-0.061357604280874445,-0.04394502694112945,-0.061357604280874556,-0.04417324112956533
2023-03-10 00:00:00+00:00,0.0,0.0,0.0,0.0,0.0,0.0,-0.0010654827351459506,-0.0010656630659549027,-0.0010255497999257512,0.0,0.0,-0.007279783391075045,0.0,0.0,0.0,0.0,0.0,0.0,0.0,0.0,0.0,0.0,0.0,0.0,0.0,0.0,0.0,0.0,0.0,0.0,0.0,0.0,0.0,-0.0067231272533375686,0.010948175655848713,-0.0067231272533375686,0.010927871671432499,-0.0067231272533375686,0.01108137298665457
2023-03-11 00:00:00+00:00,0.0,0.0,0.0,0.0,0.0,0.0,0.003041496623326534,0.0030420119396636913,0.0029273881816267444,0.0,0.0,0.0,0.0,0.0,0.0,0.0,0.0,0.0,0.0,0.0,0.0,0.0,0.0,0.0,0.0,0.0,0.0,0.0,0.0,0.0,0.0,0.0,0.0,0.019300961736186784,-0.020126481268982754,0.019300961736186784,-0.020085526183966418,0.019300961736186784,-0.019873300931396387
2023-03-12 00:00:00+00:00,0.0,0.0,0.0,0.0,0.0,0.0,0.01241410448098823,0.012416201405735627,0.011949721451041118,0.0,0.0,0.0,0.0,0.0,0.0,0.0,0.0,0.0,0.0,0.0,0.0,0.0,0.0,0.0,0.0,0.0,0.0,0.0,0.0,0.0,0.0,0.0,0.0,0.07752173318448485,0.11137406794623028,0.07752173318448508,0.11124913550526339,0.07752173318448508,0.11079555193347668
2023-03-13 00:00:00+00:00,0.0,0.0,0.0,0.0,0.0,0.0,0.015348411220850178,0.01535097199801827,0.01478104243922962,0.0,0.0,0.0,0.0,0.0,0.0,0.0,0.0,0.0,0.0,0.0,0.0,0.0,0.0,0.0,0.0,0.0,0.0,0.0,0.0,0.0,0.0,0.0,0.0,0.09005413365449888,0.04940859847363055,0.09005413365449888,0.049346035256050635,0.09005413365449888,0.04927919224550048
2023-03-14 00:00:00+00:00,0.0,0.0,0.0,0.0,0.0,0.0,0.00409957102581715,0.004100244670038444,0.0039502338000880766,0.0,0.0,0.0,0.0,0.0,0.0,0.0,0.0,0.0,0.0,0.0,0.0,0.0,0.0,0.0,0.0,0.0,0.0,0.0,0.0,0.0,0.0,0.0,0.0,0.022405037159372476,0.04197369127309569,0.022405037159372476,0.0419838433015971,0.022405037159372476,0.0414866090818764
2023-03-15 00:00:00+00:00,0.0,0.0,0.0,0.0,0.0,0.0,-0.002900380273369696,-0.002900854919608009,-0.002795142313213872,0.0,0.0,0.0,0.0,0.0,0.0,0.0,0.0,0.0,0.0,0.0,0.0,0.0,0.0,0.0,0.0,0.0,0.0,0.0,0.0,0.0,0.0,0.0,0.0,-0.015567396865844296,-0.078647187645845,-0.015567396865844296,-0.07862813939706226,-0.015567396865844407,-0.07841012314854034
2023-03-16 00:00:00+00:00,0.0,0.0,0.0,0.0,0.0,0.0,0.005091052185778544,0.005091887758600588,0.004905809682071771,0.0,0.0,0.0,0.0,0.0,0.0,0.0,0.0,0.0,0.0,0.0,0.0,0.0,0.0,0.0,0.0,0.0,0.0,0.0,0.0,0.0,0.0,0.0,0.0,0.027677137123438333,0.022099007878226162,0.027677137123438333,0.02209929669349764,0.027677137123438333,0.02213113478874984
2023-03-17 00:00:00+00:00,0.0,0.0,0.0,0.0,0.0,0.0,0.01803139323274583,0.018034337656235522,0.01737850773627958,0.0,0.0,0.0,0.0,0.0,0.0,0.0,0.0,0.0,0.0,0.0,0.0,0.0,0.0,0.0,0.0,0.0,0.0,0.0,0.0,0.0,0.0,0.0,0.0,0.09587196155174182,0.08952036159529353,0.09587196155174182,0.08943742422313661,0.09587196155174182,0.08921662177302858
2023-03-18 00:00:00+00:00,0.0,0.0,0.0,0.0,0.0,0.0,-0.0034901627106943556,-0.0034907225382051488,-0.003365948623655801,0.0,0.0,0.0,0.0,0.0,0.0,0.0,0.0,0.0,0.0,0.0,0.0,0.0,0.0,0.0,0.0,0.0,0.0,0.0,0.0,0.0,0.0,0.0,0.0,-0.017238892357364977,-0.03898938911661742,-0.017238892357364866,-0.03895431508304181,-0.017238892357364977,-0.03872605658442074
2023-03-19 00:00:00+00:00,0.0,0.0,0.0,0.0,0.0,0.0,0.007948842059487315,0.007950121532364296,0.007664989167071035,0.0,0.0,0.0,0.0,0.0,0.0,0.0,0.0,0.0,0.0,0.0,0.0,0.0,0.0,0.0,0.0,0.0,0.0,0.0,0.0,0.0,0.0,0.0,0.0,0.039810825285809814,0.022905606836913117,0.039810825285809814,0.022901991800681643,0.039810825285809814,0.022841196965224464
2023-03-20 00:00:00+00:00,-0.0029464927659165197,-0.0043864927659165165,0.0,-0.028225601626413188,-0.03542560162641284,0.0,-0.0016874344367321381,-0.0018959494417816192,-0.0016368984029299094,0.0,0.0,0.0,-0.028225601626413077,-0.03542560162641306,0.0,0.0,0.0,0.0,0.0,0.0,0.0,0.0,0.0,0.0,0.0,0.0,0.0,0.0,0.0,0.0,0.0,0.0,0.0,-0.00823897519324912,-0.05171537804741344,-0.00823897519324901,-0.05165828985179799,-0.00823897519324912,-0.05141977781457141
2023-03-21 00:00:00+00:00,0.0024707997056145903,0.002474373332880919,0.001047394353921316,-0.00726922789745954,-0.014613268464811924,0.021754490921979563,0.002467750421163206,0.002468265972271677,0.0027239593886383417,0.0,0.0,0.0,-0.00726922789745954,-0.014613268464811702,0.02175449092197934,0.0,0.0,0.0,0.0,0.0,0.0,0.0,0.0,0.0,0.0,0.0,0.0,0.0,0.0,0.0,0.0,0.0,0.0,0.013801731784704563,0.040312095128290926,0.01380173178470434,0.04035238838366517,0.01380173178470434,0.040630738139018296
2023-03-22 00:00:00+00:00,-0.005662138435371333,-0.005670307623849125,-0.005701294287081771,0.0,0.0,-0.034841472524583694,-0.005655167830402652,-0.00565634637319179,-0.006240708678596385,0.0,0.0,0.0,0.0,0.0,-0.03484147252458358,0.0,0.0,0.0,0.0,0.0,0.0,0.0,0.0,0.0,0.0,0.0,0.0,0.0,0.0,0.0,0.0,0.0,0.0,-0.031274849480613764,-0.039697885460878934,-0.031274849480613764,-0.0396437227099431,-0.031274849480613764,-0.039893270839709616
2023-03-23 00:00:00+00:00,0.006634278322403597,0.006643904673813594,0.006680419960102046,0.0,0.0,0.0299772015021309,0.006626064474544391,0.006627453208351675,0.007316441220528658,0.0,0.0,0.0,0.0,0.0,0.0299772015021309,0.0,0.0,0.0,0.0,0.0,0.0,0.0,0.0,0.0,0.0,0.0,0.0,0.0,0.0,0.0,0.0,0.0,0.0,0.03761333423604252,0.03373514464849947,0.03761333423604252,0.033740618064188155,0.037613334236042295,0.03372644349055265
2023-03-24 00:00:00+00:00,-0.005538351351703441,-0.005546334471749681,-0.005576615160688414,0.0,0.0,-0.007139724552007065,-0.005531539498195515,-0.005532691201460382,-0.0061036904075040255,0.0,0.0,0.0,0.0,0.0,-0.007139724552007065,0.0,0.0,0.0,0.0,0.0,0.0,0.0,0.0,0.0,0.0,0.0,0.0,0.0,0.0,0.0,0.0,0.0,0.0,-0.03046244939678211,-0.052297785078176284,-0.030462449396781888,-0.05224123017610671,-0.030462449396782,-0.052098449022881854
2023-03-25 00:00:00+00:00,-6.834951075562756e-06,-6.844858094989803e-06,-6.882437752486759e-06,0.0,0.0,0.0,-6.826497718992464e-06,-6.827926948616003e-06,-7.536927970064333e-06,0.0,0.0,0.0,0.0,0.0,0.0,0.0,0.0,0.0,0.0,0.0,0.0,0.0,0.0,0.0,0.0,0.0,0.0,0.0,0.0,0.0,0.0,0.0,0.0,-3.856054223405625e-05,-0.016552282543587316,-3.856054223405625e-05,-0.01653385200855384,-3.856054223405625e-05,-0.01637258945753506
2023-03-26 00:00:00+00:00,0.0032544906469973434,0.0032592079481634784,0.0032771017831032534,0.0,0.0,0.0,0.0032504655182676867,0.003251146056608256,0.0035887424113743016,0.0,0.0,0.0,0.0,0.0,0.0,0.0,0.0,0.0,0.0,0.0,0.0,0.0,0.0,0.0,0.0,0.0,0.0,0.0,0.0,0.0,0.0,0.0,0.0,0.018361346586059923,0.024290022433791636,0.018361346586059923,0.024265121586517724,0.0183613465860597,0.024197483805719733
2023-03-27 00:00:00+00:00,-0.0054633076160244265,-0.005471200815459376,-0.005501140906136404,0.0,0.0,0.0,-0.005456572531799542,-0.005457711252727426,-0.006022408983009986,0.0,0.0,0.0,0.0,0.0,0.0,0.0,0.0,0.0,0.0,0.0,0.0,0.0,0.0,0.0,0.0,0.0,0.0,0.0,0.0,0.0,0.0,0.0,0.0,-0.03036591421396162,-0.04680740873799494,-0.03036591421396162,-0.04676668818699303,-0.03036591421396162,-0.04651310993560198
2023-03-28 00:00:00+00:00,0.0008483970670651875,0.0008496295451805302,0.000854304697584185,0.0,0.0,0.0,0.0008473454375093059,0.0008475232386777609,0.0009357459719754324,0.0,0.0,0.0,0.0,0.0,0.0,0.0,0.0,0.0,0.0,0.0,0.0,0.0,0.0,0.0,0.0,0.0,0.0,0.0,0.0,0.0,0.0,0.0,0.0,0.004836629287912508,0.02863712600575652,0.004836629287912286,0.02861603091794329,0.004836629287912508,0.02872992660391227
2023-03-29 00:00:00+00:00,0.007008387534050309,0.007018560072347357,0.007057147277731435,0.0,0.0,0.0,0.006999707650638731,0.007001175177632213,0.007729279549464563,0.0,0.0,0.0,0.0,0.0,0.0,0.0,0.0,0.0,0.0,0.0,0.0,0.0,0.0,0.0,0.0,0.0,0.0,0.0,0.0,0.0,0.0,0.0,0.0,0.03979555733175921,0.04738642468043097,0.03979555733175921,0.04730184591551745,0.03979555733175921,0.047290206102710286
2023-03-30 00:00:00+00:00,-0.0020778999482562455,-0.002080894958984336,-0.0020922552994504517,0.0,0.0,0.0,-0.0020753443588976683,-0.002075776441110233,-0.002289996135735106,0.0,0.0,0.0,0.0,0.0,0.0,0.0,0.0,0.0,0.0,0.0,0.0,0.0,0.0,0.0,0.0,0.0,0.0,0.0,0.0,0.0,0.0,0.0,0.0,-0.011426842607461185,-0.019409587781899273,-0.011426842607461296,-0.019379260954203836,-0.011426842607461185,-0.01918158308474127
2023-03-31 00:00:00+00:00,0.0028202521207898457,0.0028243256079090173,0.002839776926940374,0.0,0.0,0.0,0.0028167763060511497,0.0028173639726580824,0.00310878269319792,0.0,0.0,0.0,0.0,0.0,0.0,0.0,0.0,0.0,0.0,0.0,0.0,0.0,0.0,0.0,0.0,0.0,0.0,0.0,0.0,0.0,0.0,0.0,0.0,0.015655876054199824,0.02914286277991973,0.015655876054199824,0.02909313103704325,0.015655876054199824,0.029264307652520305
2023-04-01 00:00:00+00:00,-1.8837653245062924e-05,-1.8864785154115715e-05,-1.8967698360072838e-05,0.0,0.0,0.0,-1.8814502024566693e-05,-1.8818416283372663e-05,-2.075889788244467e-05,0.0,0.0,0.0,0.0,0.0,0.0,0.0,0.0,0.0,0.0,0.0,0.0,0.0,0.0,0.0,0.0,0.0,0.0,0.0,0.0,0.0,0.0,0.0,0.0,-0.00010325063917071553,-0.0033002225738744118,-0.00010325063917060451,-0.00846951112448846,-0.00010325063917082655,-0.0006758155467231353
2023-04-02 00:00:00+00:00,-0.0018140873659223677,-0.0018167002488088668,-0.0018266110954883175,0.0,0.0,0.0,-0.0018118578351800085,-0.0018122347898260616,-0.001999109243695618,0.0,0.0,0.0,0.0,0.0,0.0,0.0,0.0,0.0,0.0,0.0,0.0,0.0,0.0,0.0,0.0,0.0,0.0,0.0,0.0,0.0,0.0,0.0,0.0,-0.009943993037238141,-0.027981452145225627,-0.00994399303723803,-0.028146989766751895,-0.009943993037238141,-0.03277521596289246
2023-04-03 00:00:00+00:00,-0.0024172520157281774,-0.00242073999083825,-0.0024339702892333115,0.03049204229247726,0.023292042292477166,0.0,-0.0024142757973714124,-0.0024147789961986854,-0.0026642855362808415,0.03049204229247726,0.023292042292477166,0.0,-0.0038446325537436765,-0.005284632553743895,0.0,0.033469388273344336,0.02626938827334402,0.0,0.033469388273344336,0.02626938827334424,0.0,0.033469388273344336,0.02626938827334402,0.0,-0.004586638870741622,-0.011786638870741606,0.0,0.0,0.0,0.0,-0.004586638870741622,-0.011786638870741384,0.0,-0.013359069743021257,0.013397872186254212,-0.013359069743021368,0.013464682928243432,-0.013359069743021368,0.013267840689791699
2023-04-04 00:00:00+00:00,0.0023671275231536004,0.0023705514595597776,0.0023835390693012215,0.016685078418164467,0.016802476540739075,0.010378218668115391,0.0023642059666544313,0.002364699922400737,0.0026096847621108754,0.01668507841816469,0.01680247654073952,0.010378218668115613,0.002358143864953588,0.0023615576326270205,0.00095544329196251,0.006602378052657398,0.006648698368280748,-0.00018643916697924645,0.00660237805265762,0.006648698368280526,-0.00018643916697935747,0.006602378052657398,0.006648698368280748,-0.00018643916697924645,0.02258534283106739,0.022749896838106798,0.014355287913058845,0.0,0.0,0.0,0.02258534283106739,0.022749896838106798,0.014355287913059067,0.013227133691958493,0.02014166985914634,0.01322713369195827,0.02026438979162548,0.01322713369195827,0.019962567965093214
2023-04-05 00:00:00+00:00,-2.7411218545214666e-05,-2.7450773790294036e-05,-2.7600811528305513e-05,-0.001166770064302991,-0.0011748439311390912,-0.0002632868742388217,-2.737746686298781e-05,-2.738317336825613e-05,-3.0212708258536836e-05,-0.001166770064302991,-0.0011748439311395353,-0.00026328687423915476,-2.7307432973189272e-05,-2.7346871450451005e-05,-2.7611606345567807e-05,-0.00047970128658569866,-0.0004830444997521166,0.0004380975092694861,-0.0004797012865858097,-0.0004830444997521166,0.0004380975092699302,-0.00047970128658569866,-0.0004830444997521166,0.0004380975092694861,0.001414371247727697,0.001424446959830572,0.0014312483355849448,0.0,0.0,0.0,0.0014143712477279191,0.00142444695983035,0.0014312483355847228,-0.0001515278406678533,0.004949356215881107,-0.00015152784066796432,0.004987634528371254,-0.0001515278406678533,0.005011681871062823
2023-04-06 00:00:00+00:00,-0.0007826213713089114,-0.0007837507494053986,-0.0007880346153590345,-0.02665660314311269,-0.02684127964467009,-0.024703854233549705,-0.0007816576961194865,-0.0007818206277752093,-0.0008626094959101049,-0.02665660314311269,-0.026841279644669758,-0.024703854233549483,-0.0007796580946208831,-0.0007807841385440994,-0.000788342828207389,-0.027177393620970047,-0.027366894323324398,-0.02524160407353726,-0.027177393620969825,-0.027366894323324398,-0.025241604073537482,-0.027177393620970047,-0.027366894323324398,-0.02524160407353726,-0.0092318324265378,-0.009297504700445547,-0.00922615796694759,0.0,0.0,0.0,-0.0092318324265378,-0.009297504700445658,-0.00922615796694748,-0.004326828716002762,-0.013250750762704877,-0.004326828716002762,-0.013388907947555873,-0.004326828716002873,-0.013406128510200843
2023-04-07 00:00:00+00:00,-0.000780728716901935,-0.0007818562474671831,-0.0007861331286833639,-0.011451071908594512,-0.011532592870543978,-0.010559771328260026,-0.0007797666201889708,-0.0007799292848360562,-0.0008605922930959853,-0.011451071908594512,-0.0115325928705442,-0.010559771328260026,-0.0007777702999081093,-0.000778894495082727,-0.0007864408404123502,-0.009044965953576511,-0.009109808626409976,-0.008092150470155546,-0.009044965953576511,-0.009109808626409754,-0.008092150470155435,-0.009044965953576511,-0.009109808626409976,-0.008092150470155546,-0.008425274022614726,-0.008485771173104562,-0.008340262544621169,0.0,0.0,0.0,-0.008425274022614948,-0.00848577117310445,-0.008340262544621058,-0.004331729490765102,-0.011484125146368984,-0.004331729490765102,-0.011553879445379,-0.004331729490765213,-0.011490408128507212
2023-04-08 00:00:00+00:00,0.0001727663897972409,0.0001730160947273074,0.00017396326559149244,-0.007764361168578371,-0.007820281086965974,-0.007636369621628392,0.0001725533225891418,0.00017258934648767266,0.00019045451359023247,-0.00776436116857826,-0.007820281086966085,-0.007636369621628392,0.00017211121617299874,0.00017236018096622452,0.0001740314126610354,-0.003956169343131144,-0.0039847915631368025,-0.00371684112643067,-0.003956169343131255,-0.0039847915631368025,-0.003716841126430559,-0.003956169343131144,-0.0039847915631368025,-0.00371684112643067,-0.01558009656330761,-0.015692925911312994,-0.015458601459213517,0.0,0.0,0.0,-0.01558009656330761,-0.015692925911312883,-0.015458601459213739,0.000961981158487335,-0.01214472570170666,0.000961981158487557,-0.012209076024039756,0.000961981158487557,-0.012019059608867955
2023-04-09 00:00:00+00:00,0.0024568832686429065,0.0024604336683378136,0.002473900887936864,0.009739246676290225,0.009809942835560248,0.009331920247001246,0.002453853796609007,0.0024543659984339605,0.0027083753575880554,0.009739246676290003,0.009809942835560248,0.009331920247001246,0.002447567752352997,0.0024511076331450443,0.002474869826755821,0.010766759047412089,0.01084496637870691,0.010389955880317103,0.010766759047411867,0.010844966378706689,0.010389955880317103,0.010766759047412089,0.01084496637870691,0.010389955880317103,0.004252939594664662,0.004284229953350094,0.004305013497111654,0.0,0.0,0.0,0.004252939594664662,0.004284229953350094,0.004305013497111432,0.013669394369788979,0.012163558384370221,0.013669394369788979,0.0122153116452004,0.013669394369788979,0.012258910959824343
2023-04-10 00:00:00+00:00,0.008461238315534247,0.008473435494939396,0.00851970051273998,0.02540730401097835,0.025242931889571718,0.025960616594346897,0.008450830682700472,0.008452590336480714,0.009325010252781762,0.02540730401097835,0.025242931889571496,0.025960616594346675,0.008429235022525239,0.008441396291035241,0.008523029137912586,0.02020098179925034,0.017163274421432728,0.027088083402739827,0.026508666477701448,0.02629599867734167,0.027088083402739604,0.02020098179925034,0.017163274421432728,0.027088083402739827,0.0268773219016738,0.023862060797406937,0.026316765954419896,0.02892917872475076,0.021729178724750886,0.0,0.0268773219016738,0.023862060797406937,0.026316765954419896,0.04655518385208146,0.03132718475984686,0.04655518385208146,0.03151970902741774,0.04655518385208146,0.03141450577282079
2023-04-11 00:00:00+00:00,0.0036041775005359877,0.0036093293977859098,0.0036288698827746657,0.016993452563663913,0.016996172957829625,0.016421071521248498,0.003599781381147693,0.0036005246543358016,0.003215952469842076,0.016993452563663913,0.016996172957829625,0.016421071521248498,0.0035906592190944053,0.0035957962743680127,0.003630275691198781,0.0011946444634802766,0.0011982128132788095,-0.002136369824477624,0.003337865106745941,0.0033385584571541393,0.002881142566921735,0.0011946444634802766,0.0011982128132788095,-0.002136369824477624,-0.0011116050733289695,-0.0011148795174191761,-0.003952976430890209,0.006229547924981649,0.006273446783890524,-0.0011723210137926099,-0.0011116050733289695,-0.0011148795174191761,-0.003952976430890209,0.01910897388134547,-0.0010164956795015723,0.01910897388134547,-0.0009839811364428241,0.01910897388134547,-0.0007476014786833574
2023-04-12 00:00:00+00:00,-0.001995841093826445,-0.001998683736636364,-0.002009465250677467,0.00470403916441775,0.004704779624790545,0.004685905518732714,-0.0019934154406242577,-0.0019938255590472576,-0.0019055885433083564,0.00470403916441775,0.004704779624790989,0.004685905518732492,-0.0019883820241741734,-0.0019912165540850735,-0.002010240892988402,-0.0005578990170178599,-0.000559563442195099,-0.0005353570421450238,-0.0035245194223280096,-0.003525249108976114,-0.0034585070345702906,-0.0005578990170178599,-0.000559563442195099,-0.0005353570421450238,-0.009871927824177895,-0.009901039920991672,-0.009795550945640108,-0.01638139763686519,-0.016496115656119748,-0.016045215393618473,-0.009871927824177895,-0.009901039920991783,-0.009795550945640219,-0.010420750324459549,-0.008529196965203267,-0.010420750324459438,-0.008559955151447807,-0.010420750324459438,-0.008536421804991368
2023-04-13 00:00:00+00:00,0.003140027076934615,0.0031445083211334435,0.0031615049190363287,0.030070793294757037,0.030075504557331767,0.030065949224105326,0.0031362032103123827,0.003136849731002256,0.002997762986148844,0.030070793294756815,0.030075504557331323,0.030065949224105104,0.003128268453072236,0.003132736840975703,0.0031627277002796994,0.03165676703504028,0.03175126410093032,0.03164298467334037,0.03349068408279732,0.03349764223959695,0.033522949430997206,0.03165676703504028,0.03175126410093032,0.03164298467334037,0.014456762834192727,0.014499821836952309,0.014675648785329898,0.016435167824893515,0.016552192852177683,0.0167288108062833,0.014456762834192727,0.014499821836952531,0.01467564878533012,0.016534390649968866,0.027710450658242625,0.016534390649968866,0.027921962470833783,0.016534390649968866,0.027884477066734137
2023-04-14 00:00:00+00:00,0.0005451802951137452,0.000545955902378159,0.0005488975859770928,0.017261274206239907,0.01726389961068553,0.017277828993377264,0.0005445184603298792,0.0005446303604768055,0.0005205538295511847,0.017261274206239907,0.01726389961068575,0.017277828993377264,0.0005431450965547313,0.0005439184968112354,0.0005491092148113275,0.019208441644662066,0.019264015290194836,0.019216411767452035,0.020911055943702683,0.020915259691630883,0.020923425866474554,0.019208441644662066,0.019264015290194836,0.019216411767452035,0.01142278173606126,0.011456317856015419,0.011548573119604999,0.011283372399142788,0.01136240637833641,0.011492421710797451,0.01142278173606126,0.011456317856015197,0.011548573119604999,0.002832920815686535,0.03326913914775442,0.002832920815686535,0.033476962671489696,0.002832920815686535,0.033306524250743985
2023-04-15 00:00:00+00:00,-0.001067816798079102,-0.0010693351114807736,-0.001075093671568661,-0.005200370717531766,-0.00520114825985174,-0.005140253426877961,-0.001066521201568582,-0.001066740255512344,-0.0010196072934600675,-0.005200370717531766,-0.005201148259851962,-0.005140253426877739,-0.0010638327225437338,-0.0010653467217128787,-0.0010755079491333586,0.009514232074110618,0.00954123829421416,0.009602745659724743,0.005444309531996483,0.005445381578971897,0.005504690621944475,0.009514232074110618,0.00954123829421416,0.009602745659724743,0.0018248650478362993,0.0018301619817862047,0.0019647200801984344,-0.0011031393966186576,-0.001110779487328739,-0.000900925994404389,0.0018248650478365214,0.0018301619817862047,0.0019647200801986564,-0.005536039185489505,0.007345229665949082,-0.005536039185489505,0.007391454690018451,-0.005536039185489505,0.007226717023724349
2023-04-16 00:00:00+00:00,1.253798551226204e-05,1.2555832178406945e-05,1.2623520342369687e-05,0.01785786566631864,0.017860549675569493,0.017840187760268078,1.252275676355552e-05,1.2525331572810217e-05,1.1971346176586906e-05,0.017857865666318862,0.017860549675569493,0.017840187760268078,1.2491155869875925e-05,1.2508951683143366e-05,1.2628389938429407e-05,0.0052837758620349895,0.0052986321525974045,0.005287419310722408,0.01090308921398253,0.010905224529663027,0.010871458021086688,0.0052837758620349895,0.0052986321525974045,0.005287419310722408,0.01538176100744626,0.015426327223450498,0.015163243598719234,0.008620515108263671,0.008680285212179228,0.00849423448760378,0.015381761007446038,0.01542632722345072,0.015163243598719456,6.529457913195813e-05,0.014389123471633347,6.529457913195813e-05,0.014476815082934857,6.529457913173609e-05,0.014304994960237405
2023-04-17 00:00:00+00:00,-0.0055481789956419725,-0.005556076217567818,-0.005586028501683993,-0.017146584546760546,-0.017327187022064927,-0.017524887640262388,-0.005541440212545434,-0.005542579576095941,-0.005297438649633945,-0.017146584546760546,-0.017327187022065038,-0.0175248876402625,-0.005527456688003585,-0.005535331408149324,-0.005588183317281614,-0.023217609546530293,-0.029133323197281458,-0.017351247858214403,-0.02296833646622387,-0.02881087458404008,-0.016305490101528708,-0.023217609546530293,-0.029133323197281458,-0.017351247858214403,-0.023672079774699428,-0.032421180349189505,-0.03026457952960382,-0.030782651479846157,-0.030994245449483815,-0.030621146702957902,-0.02367207977469954,-0.032421180349189616,-0.03026457952960382,-0.02889195408969636,-0.01739951768417425,-0.02889195408969636,-0.017486736977025852,-0.02889195408969636,-0.017344235875669245
2023-04-18 00:00:00+00:00,0.00600773381850539,0.006016332943516778,0.006048948620438033,0.01785185779675791,0.017857529939705685,0.01784429714678981,0.006000396202066494,0.006001636806716393,0.0057347787248884785,0.01785185779675791,0.017857529939705685,0.017844297146790034,0.0059851703667730405,0.0059937446325128985,0.006051295120567124,0.018330215405760075,0.018441889731758643,0.012101075623571322,0.01819174520396838,0.018303836839110632,0.012305358591679916,0.018330215405760075,0.018441889731758643,0.012101075623571322,0.019757386989632808,0.01993603689183443,0.010883842685315281,0.019805968493078252,0.019946465472931774,0.019708134342536487,0.01975738698963303,0.01993603689183443,0.010883842685315281,0.032037109790827856,0.02228243850359668,0.032037109790827856,0.02244094053083434,0.032037109790827856,0.02235233821134175
2023-04-19 00:00:00+00:00,-0.010023963892431209,-0.010038225813948198,-0.010092317732319112,-0.06391570374712463,-0.06393428107609567,-0.06476945995233485,-0.01001179403009722,-0.01001385165731572,-0.009571132479906153,-0.06391570374712463,-0.06393428107609589,-0.06476945995233496,-0.009986540532992416,-0.010000761862893004,-0.010096209182519633,-0.06497602102784061,-0.06536471036785896,-0.06512924357008787,-0.06508380197559238,-0.06547523498431762,-0.0652776437279452,-0.06497602102784061,-0.06536471036785896,-0.06512924357008787,-0.08134299897644381,-0.08206414052738387,-0.08122010992445505,-0.06751315462399965,-0.06798270471480439,-0.06721804033466061,-0.08134299897644381,-0.08206414052738376,-0.08122010992445472,-0.052106049339659344,-0.08104312268178715,-0.052106049339659344,-0.0815481147323529,-0.05210604933965923,-0.08122776088889061
2023-04-20 00:00:00+00:00,-0.0035902779941824337,-0.003595437976346205,-0.0036150098556797516,-0.020768362581170652,-0.02077500599930815,-0.02125246955221527,-0.0035858750393698013,-0.0035866194641526183,-0.003426520252915788,-0.020768362581170652,-0.020775005999308038,-0.02125246955221527,-0.0035767388798568778,-0.003581883786720641,-0.003616417967229002,-0.021466117263748474,-0.02160350907214792,-0.021378747913178398,-0.021236668742255493,-0.021373198087228262,-0.02133503903851741,-0.021466117263748474,-0.02160350907214792,-0.021378747913178398,-0.016959967530638775,-0.017123767199691886,-0.01695908745647079,-0.025157298479534518,-0.025345028426937644,-0.024955036218629267,-0.016959967530638775,-0.017123767199691775,-0.016959087456471345,-0.01949133833997696,-0.02574311188375078,-0.01949133833997685,-0.025900212392965027,-0.01949133833997696,-0.025960939527804316
2023-04-21 00:00:00+00:00,-0.006380283345122417,-0.006389486238320141,-0.006424393798127426,-0.03961357479114558,-0.039626454169877534,-0.04007930465680809,-0.006372430695108844,-0.00637375836847065,-0.006088268854881118,-0.0396135747911458,-0.039626454169877534,-0.04007930465680809,-0.006356136617301611,-0.0063653123740115,-0.006426905298033803,-0.04038204826161318,-0.04064621662130097,-0.04032265113711131,-0.04037033358033171,-0.04063670589746948,-0.040469778287839264,-0.04038204826161318,-0.04064621662130097,-0.04032265113711131,-0.047873537780287134,-0.048343956604886995,-0.0477645174193706,-0.04325420686792092,-0.04358537383183991,-0.04306673641682568,-0.04787353778028702,-0.048343956604886995,-0.04776451741937038,-0.03519978986256822,-0.05284914871526447,-0.03519978986256822,-0.05320987926733556,-0.03519978986256822,-0.052728444623458604
2023-04-22 00:00:00+00:00,0.003665228057933012,0.0036705487636625733,0.003690731666496694,0.016910349590277596,0.01691588335129901,0.017210708849773937,0.003660688081010166,0.003661455664797808,0.0034964493638076632,0.016910349590277818,0.01691588335129901,0.017210708849773937,0.00365126795666737,0.003656572715300843,0.0036921838237908844,0.01729696728001695,0.01741491339147805,0.01731959644443437,0.017228768597109534,0.01734704970326928,0.01726438402613284,0.01729696728001695,0.01741491339147805,0.01731959644443437,0.019874756719930664,-0.014689930242386295,0.01999656745197176,0.031978215753146966,0.03223420791787612,0.03172299264224643,0.019874756719930442,-0.014689930242386295,0.01999656745197176,0.02082494766794407,0.025015913134882828,0.02082494766794407,0.025182655457153924,0.020824947667944294,0.025171444208102356
2023-04-23 00:00:00+00:00,-0.0014697838936434948,-0.0014719097334797704,-0.00147997342480366,-0.011874161572289155,-0.011878056077398003,-0.012107270409079551,-0.0014679699691175774,-0.0014682766544411585,-0.0014023381940875268,-0.011874161572289266,-0.011878056077398003,-0.01210727040907944,-0.00146420615433418,-0.0014663256816469517,-0.001480553593863565,-0.012184629424861537,-0.012266292906093823,-0.012182565814913948,-0.012144312880876473,-0.012225990710167833,-0.012204854818443578,-0.012184629424861537,-0.012266292906093823,-0.012182565814913948,-0.011327077615644443,0.0,-0.007181650442974696,-0.015806521396778517,-0.015929104468757727,-0.015677012669644386,-0.011327077615644221,0.0,-0.007181650442974807,-0.008210583144420247,-0.01905536658540441,-0.008210583144420136,-0.01917367504130607,-0.008210583144420136,-0.019023765783775848
2023-04-24 00:00:00+00:00,-0.000502161957977254,-0.0005028893366768594,-0.0005056484425447483,-0.008414198706545584,-0.011189766909326493,-0.005810738605114274,-0.0005015413068651942,-0.0005016462419369372,-0.00047908630262882834,-0.008414198706545695,-0.011189766909326049,-0.005810738605114385,-0.0005002534898987943,-0.0005009787005952893,-0.0005058469573007152,-0.001383379069392121,-0.01006256118453186,-0.005847321400551553,-0.004954305142616189,-0.012164520092336817,-0.005877968871942585,-0.001383379069392121,-0.01006256118453186,-0.005847321400551553,-0.005400592237490787,0.0,0.0,-0.005774496013863151,-0.01164184431032722,0.0004863961358629876,-0.005400592237490898,0.0,0.0,-0.0028242690713362606,-0.003894315618847344,-0.0028242690713362606,-0.003926783297125147,-0.0028242690713361496,-0.003829285046418107
2023-04-25 00:00:00+00:00,0.0050890637437412956,0.0050964389321259684,0.005124414725936832,0.019432864463339916,0.01949194890552275,0.01695808551733169,0.005082770718254581,0.0050838346956256775,0.004855095863720793,0.019432864463339916,0.019491948905522527,0.01695808551733169,0.005069713060956937,0.005077066238975636,0.005126427560738556,0.02599057741207944,0.026218429845705993,0.016238659447163517,0.03822159353287691,0.03854817190863624,0.02995488484472686,0.02599057741207944,0.026218429845705993,0.016238659447163517,0.023051046895164573,0.0,0.0,0.041753782838828135,0.0420015972304848,0.03507579559957774,0.023051046895164573,0.0,0.0,0.028688663113459745,0.00879201391313833,0.028688663113459745,0.00888216061459457,0.028688663113459745,0.009262741784170192
2023-04-26 00:00:00+00:00,0.0007803699514781215,0.0007814951470941356,0.0007857631239631679,-0.003798371836640113,-0.003810547315607482,-0.003808250478394948,0.000779409842988743,0.0007795721717482884,0.0007446660686745155,-0.003798371836640002,-0.003810547315607371,-0.0038082504783948368,0.0007774176360566543,0.0007785395168833364,0.0007860701921422741,0.028959895943871494,0.02920729322969806,0.028048046155731754,0.02660776728319747,0.026758952274394288,0.025490175616813104,0.028959895943871494,0.02920729322969806,0.028048046155731754,-0.007389260820033106,0.0,0.0,0.030046010154636038,0.030217149206274607,0.0289568931292421,-0.007389260820033328,0.0,0.0,0.004298268609637779,-0.01634903609321825,0.004298268609637779,-0.01645470936753113,0.004298268609637779,-0.016258296061974375
2023-04-27 00:00:00+00:00,0.0067787843087190325,0.006788550833177753,0.006825596014712998,0.026501759371017952,0.026581930269314435,0.02692715725395023,0.006770450697697106,0.006771859690361204,0.006468868705947983,0.026501759371017952,0.026581930269314213,0.026927157253950007,0.006753158561649153,0.006762896371735216,0.006828261292615823,0.003856141469006813,0.0038881486950474997,0.003738037130694538,0.019544885512146948,0.01975974692679161,0.0197015851342619,0.003856141469006813,0.0038881486950474997,0.003738037130694538,0.026750800711786926,0.0,0.0,0.019147448520334454,0.01925331158123811,0.019163959108022155,0.026750800711786926,0.0,0.0,0.037206677811362,0.024572474011604895,0.03720667781136222,0.02475050775357235,0.037206677811362,0.024708046335857325
2023-04-28 00:00:00+00:00,-0.0009236711383034946,-0.0009249929431257575,-0.0009300064177898415,0.0036521136334397575,0.003662935159959746,0.0037383533171604366,-0.0009225432442073744,-0.0009227339425053049,-0.0008817137300761724,0.0036521136334397575,0.003662935159959746,0.0037383533171604366,-0.0009202028188446398,-0.000921520804583853,-0.0009303671064317953,0.0027238513038727596,0.002746372587858481,0.00264073697435685,0.006612096249199562,0.006697870852480303,0.006652394842862952,0.0027238513038727596,0.002746372587858481,0.00264073697435685,0.003456113471024036,0.0,0.0,-0.00102855515904543,-0.0010341344497695193,-0.0011710807246158028,0.003456113471024036,0.0,0.0,-0.004921020820981781,-0.007107783349792562,-0.004921020820981781,-0.007141776938819455,-0.00492102082098167,-0.007175418475517392
2023-04-29 00:00:00+00:00,-0.0005688993074769444,-0.0005697141754872348,-0.0005728049086731746,0.0013463852602078052,0.0013510168200996375,0.0012507451521381885,-0.0005682039835166464,-0.0005683215450605905,-0.0005430344686097044,0.0013463852602078052,0.0013510168200994155,0.0012507451521381885,-0.0005667611634954106,-0.0005675736714678692,-0.0005730272690969151,0.0008557321609441448,0.0008627881273775007,0.0008296895202752896,0.0002212239853947029,0.00022514780387927757,0.0001596135220056638,0.0008557321609441448,0.0008627881273775007,0.0008296895202752896,0.0015274988648925625,0.0,0.0,0.0025989915813655617,0.002613104135772648,0.002597579860120991,0.0015274988648927845,0.0,0.0,-0.0030430868789715904,0.005950016200110264,-0.0030430868789714793,0.005995863102896015,-0.0030430868789714793,0.0060805957654743725
2023-04-30 00:00:00+00:00,-1.4090312895009838e-05,-1.411050678523651e-05,-1.4187100994877966e-05,-0.01464622435804852,-0.014689014466049755,-0.014632171118205362,-1.4073081546439603e-05,-1.4075994926310287e-05,-1.3449352920469337e-05,-0.014646224358048299,-0.014689014466049533,-0.014632171118205362,-1.4037326009797013e-05,-1.4057461327987575e-05,-1.4192611524688203e-05,0.0013719775617726526,0.001383280493851391,0.0013302585518848442,-0.008516662162363131,-0.008620314566934684,-0.008727126704251464,0.0013719775617726526,0.001383280493851391,0.0013302585518848442,-0.01618247284499097,0.0,0.0,-0.007401703521266678,-0.007441790106744506,-0.007578507042180882,-0.01618247284499097,0.0,0.0,-7.555723460528352e-05,-0.02035523211179535,-7.555723460528352e-05,-0.020490690209828744,-7.555723460528352e-05,-0.020236426931996898
2023-05-01 00:00:00+00:00,-0.00745885367060628,-0.007469543667356859,-0.007510090184844498,-0.022746297770665613,-0.022813875318904775,-0.023173251734705858,-0.007449731948712457,-0.007451274198275848,-0.007119550278683162,-0.022746297770665613,-0.022813875318904886,-0.023173251734705858,-0.007430804118135459,-0.007441463107532131,-0.007513007282796025,-0.04564787968864814,-0.0490165884035505,-0.01750142906219543,-0.036003913471654436,-0.03805109854581512,-0.03071925468353809,-0.04564787968864814,-0.0490165884035505,-0.01750142906219543,-0.0378830209770632,0.0,0.0,-0.03525171925634063,-0.035444069037596115,-0.034785394204173925,-0.03788302097706353,0.0,0.0,-0.03999946661451326,-0.03981830125234953,-0.03999946661451337,-0.045847999966602715,-0.03999946661451326,-0.027640993126937352
2023-05-02 00:00:00+00:00,0.003900027383935356,0.003905658951517621,0.00392702025280478,0.012582583242624956,0.012620928456038794,0.012769948824202793,0.0038952220908048396,0.0038960345366045868,0.0037213429127735953,0.012582583242624956,0.012620928456038794,0.012769948824203015,0.0038852512536105,0.0038908661687537816,0.00392855714773277,-0.0061192048170702895,-0.006140890663181131,-0.009619404136829601,0.0013204768781549525,0.0014222152958680567,-0.0008382602107843695,-0.0061192048170702895,-0.006140890663181131,-0.009619404136829601,0.0017386605637608188,0.0,0.0,-0.0028962219576023074,-0.0029126058022003187,-0.002234049031841434,0.0017386605637608188,0.0,0.0,0.021623541035150406,0.007473961240691329,0.021623541035150406,0.007506040589833951,0.021623541035150406,0.0008267990134975811
2023-05-03 00:00:00+00:00,0.0022673989142025786,0.00227066025869882,0.0022830306490440044,0.008248073511939902,0.008273362153454311,0.008300058287809664,0.0022646160515260583,0.0022650865606135273,0.00216390044412762,0.008248073511940124,0.008273362153454533,0.008300058287809442,0.0022588416110620457,0.0022620934076020838,0.0022839206489690955,0.014096272563816958,0.014146537003738802,0.014285726078208105,0.023092683449776663,0.023189247973648852,0.023922050873495193,0.014096272563816958,0.014146537003738802,0.014285726078208105,0.023299581000810532,0.0,0.0,0.028041818020397624,0.0282009131625911,0.02727337644687977,0.023299581000810532,0.0,0.0,0.012353404638061116,0.011710396463904704,0.012353404638061116,0.011669986559379009,0.012353404638061116,0.011719394693679108
2023-05-04 00:00:00+00:00,-0.0011588744179596988,-0.0011605375246098726,-0.0011668456461857435,-0.0132766620596797,-0.01331592475121568,-0.013353951711176815,-0.001157455302211563,-0.001157695238016787,-0.001106090257674941,-0.013276662059679811,-0.01331592475121568,-0.013353951711176815,-0.0011545106116839232,-0.0011561688777326218,-0.001167299484205242,-0.015010020833264304,-0.015062796914812715,-0.015959211252043026,-0.015360420779734985,-0.015494712732019411,-0.015723707354941663,-0.015010020833264304,-0.015062796914812715,-0.015959211252043026,-0.01586394705878158,0.0,0.0,-0.013072925679496583,-0.013145060600326275,-0.012911108790595538,-0.015863947058781802,0.0,0.0,-0.006250957771942733,-0.021351188331882542,-0.006250957771942733,-0.021346285064349435,-0.006250957771942733,-0.021551691028002473
2023-05-05 00:00:00+00:00,0.004343342849230103,0.004349583245152777,0.004373253098383989,0.03198552087523199,0.032082906128438005,0.032133604339635635,0.0043380179851877365,0.004338918281046933,0.004145294152761991,0.031985520875231765,0.032082906128438005,0.032133604339635635,0.004326968845449919,0.004333191023815797,0.004374956038300626,0.006581136755776651,0.006604630282771806,0.0068670348916117785,0.025063030761922622,0.025402487171313215,0.025259386351686564,0.006581136755776651,0.006604630282771806,0.0068670348916117785,0.026202555604292188,0.0,0.0,0.017023277704812045,0.017118461415612796,0.017352256880335704,0.026202555604292188,0.0,0.0,0.02354799819663911,0.02191571103996548,0.02354799819663911,0.02193425963946627,0.02354799819663911,0.02187877619176848
2023-05-06 00:00:00+00:00,-0.004035441218625979,-0.004041214120211745,-0.004063110112980883,-0.033731292804692004,-0.03382996820235051,-0.03388316197868824,-0.004030515205848517,-0.004031348070013041,-0.00385219191028785,-0.03373129280469189,-0.0338299682023504,-0.03388316197868824,-0.004020293519347851,-0.004026049755922911,-0.0040646853917867265,-0.029087147807244973,-0.02919030262572797,-0.03087148773707804,-0.03376987238790452,-0.03408241664140221,-0.03441741929982334,-0.029087147807244973,-0.02919030262572797,-0.03087148773707804,-0.03489539167558786,0.0,0.0,-0.03243632988650125,-0.03261464149580384,-0.03231819165264793,-0.03489539167558786,0.0,0.0,-0.02146816373901539,-0.048577750872317305,-0.021468163739015278,-0.048555279514639116,-0.02146816373901539,-0.04887008894880296
2023-05-07 00:00:00+00:00,-0.00273567844725231,-0.002739607852402348,-0.002754512076174942,-0.009634540792121116,-0.009663829590773831,-0.009771816758270546,-0.0027323255246776146,-0.002732892416748345,-0.0026109709441985984,-0.009634540792121116,-0.009663829590774053,-0.009771816758270324,-0.002725368173220666,-0.0027292861158578763,-0.0027555843664970325,-0.003331368065490503,-0.008046056599187557,-0.003558973907198393,-0.005291136595519941,-0.005375984087246599,-0.005214414472242801,-0.003331368065490503,-0.008046056599187557,-0.003558973907198393,-0.0056082537806545485,0.0,0.0,-0.002778052744091264,-0.002793839354377603,-0.0030340520498388646,-0.0056082537806545485,0.0,0.0,-0.01481282345638768,-0.0077717789003513005,-0.014812823456387791,-0.007783396368493123,-0.01481282345638768,-0.007790018123491671
2023-05-08 00:00:00+00:00,-0.0014713312373331178,-0.002935030105431391,-0.005028822939000199,-0.007370568262115795,-0.014524922768347825,-0.030203238264052246,-0.004988206698110731,-0.004989244467578202,-0.004766078553823938,-0.029851131875871517,-0.029942422455363715,-0.030203238264052246,-0.004975470459911202,-0.004982642686139238,-0.005030785993863196,-0.024546954555305422,0.0,-0.045120853155778406,-0.026814716991481635,-0.03259947151865139,-0.042411547156733787,-0.024546954555305422,0.0,-0.045120853155778406,-0.007433723445081752,0.0,0.0,-0.03957807306306971,-0.039990361850876455,-0.0430921856754507,-0.007433723445081752,0.0,0.0,-0.027374288530837787,-0.06029632368553628,-0.027374288530837787,-0.06022686339679928,-0.027374288530837898,-0.06075187742661459
2023-05-09 00:00:00+00:00,0.0,0.0,-0.0014483494251604778,0.0,0.0,-0.007153752138034375,-0.0003072359626070664,-0.0003073002018956217,-0.00029348902294135115,0.0002188036114918468,0.00021987673387990903,0.00019409744250920014,-0.0003064475837044611,-0.00030689154526808426,-0.00030987178679564575,-0.001370843526269594,0.0,-0.013719028473719641,-0.00994355537741931,-0.010024488644689522,-0.016359941352055096,-0.001370843526269594,0.0,-0.013719028473719641,0.0,0.0,0.0,-0.013038000389253512,-0.013056144107744472,-0.014440118321004114,0.0,0.0,0.0,-0.0017248563462219924,-0.0037576974608954927,-0.0017248563462221034,-0.003726098324204785,-0.0017248563462221034,-0.003658177788523731
2023-05-10 00:00:00+00:00,0.0,0.0,0.0,0.0,0.0,0.0,-0.00014977289880047095,-0.00014980422411114969,-0.00014306950563836018,0.00429948735860286,0.004312120816091669,0.004356531480242953,-0.00014938845816281354,-0.00014960494899884935,-0.00015105822163063998,0.0,0.0,-0.0011832826967003163,0.007677384863978842,0.007740505917207319,0.008224169268511439,0.0,0.0,-0.0011832826967003163,0.0,0.0,0.0,0.010454302615045874,0.010470731057994564,0.011455027707564458,0.0,0.0,0.0,-0.0008420355123414103,0.020145494641400807,-0.0008420355123414103,0.020101551728106903,-0.0008420355123414103,0.020248763118617008
2023-05-11 00:00:00+00:00,0.0,0.0,0.0,0.0,0.0,0.0,-0.004101676791686049,-0.004102534794379831,-0.0039180715689840495,-0.022394214417411185,-0.022464244464160732,-0.02265243449694765,-0.004091146937138301,-0.004097076634492103,-0.00413688192800199,0.0,0.0,0.0,-0.009885937051960725,-0.009966591820682713,-0.0012540931568578717,0.0,0.0,0.0,0.0,0.0,0.0,-0.02312848364325082,-0.02320887063832089,-0.024374704106253198,0.0,0.0,0.0,-0.023075940097038616,-0.03425078202608334,-0.023075940097038616,-0.03420961440355319,-0.023075940097038616,-0.034505338773586414
2023-05-12 00:00:00+00:00,0.0,0.0,0.0,0.0,0.0,0.0,-0.001148250421047159,-0.0011484916054407268,-0.0010966485858125985,-0.007129480096960017,-0.0142426379601025,0.012533289715182194,-0.0011452905147879555,-0.0011469573248243936,-0.0011581469194684724,0.0,0.0,0.0,0.008749852369838829,0.008821956988616098,0.0,0.0,0.0,0.0,0.0,0.0,0.0,-0.006847199164632944,-0.013825975479844876,0.015210864980770511,0.0,0.0,0.0,-0.0065855003379462485,0.021226694010256564,-0.006585500337946137,0.0211805667561078,-0.0065855003379462485,0.021575339045150077
2023-05-13 00:00:00+00:00,0.0,0.0,0.0,0.0,0.0,0.0,-0.0001252289176745247,-0.00012525525164164275,-0.0001195950104475596,0.0,0.0,-0.0072540255378047425,-0.00012490573829015972,-0.0001250877298457631,-0.00012630948751490845,0.0,0.0,0.0,0.0014348507532147003,0.001446571480566039,0.0,0.0,0.0,0.0,0.0,0.0,0.0,0.0,0.0,-0.007107223681237618,0.0,0.0,0.0,-0.0007221498580319841,-0.01555727265402429,-0.0007221498580319841,-0.015573516533866183,-0.0007221498580319841,-0.015537025789218117
2023-05-14 00:00:00+00:00,0.0,0.0,0.0,0.0,0.0,0.0,0.0009089290583594867,0.0009091202179309921,0.0008680324780494519,0.0,0.0,0.0,0.0009065830840093714,0.0009079041690827072,0.0009167729766617061,0.0,0.0,0.0,-0.0006880653505138001,-0.0006936777650093928,0.0,0.0,0.0,0.0,0.0,0.0,0.0,0.0,0.0,0.0,0.0,0.0,0.0,0.005244596013062042,0.009618208336349854,0.005244596013062042,0.009623934362128495,0.00524459601306182,0.009570802078320062
2023-05-15 00:00:00+00:00,0.0,0.0,0.0,0.0,0.0,0.0,0.0015586419699571419,0.001558969474840577,0.001488572867427207,0.0,0.0,0.0,0.001554622710038478,0.0015568860722621203,0.0015720804909173935,0.0,0.0,0.0,-0.002511142637995567,-0.002531639755771087,0.0,0.0,0.0,0.0,0.0,0.0,0.0,0.0,0.0,0.0,0.0,0.0,0.0,0.008954704013890868,0.004920135662327851,0.008954704013890868,0.004919703525751995,0.008954704013890868,0.00486995071480445
2023-05-16 00:00:00+00:00,0.0,0.0,0.0,0.0,0.0,0.0,-0.0008611945954087874,-0.0008613752696274846,-0.0008225369421901441,0.0,0.0,0.0,-0.0008589772855828182,-0.0008602259194603334,-0.0008686081107822652,0.0,0.0,0.0,0.010760129883341074,0.010848181999785655,0.0,0.0,0.0,0.0,0.0,0.0,0.0,0.0,0.0,0.0,0.0,0.0,0.0,-0.004911463012395867,0.009383822245743856,-0.004911463012395978,0.009346220023763951,-0.004911463012395867,0.009388838032556412
2023-05-17 00:00:00+00:00,0.0,0.0,0.0,0.0,0.0,0.0,0.002390365109902648,0.0023908670286090228,0.0022829770981580566,0.0,0.0,0.0,0.0023842053676990105,0.0023876741005051105,0.00241096023971199,0.0,0.0,0.0,0.02977549210004926,0.030016535530285493,0.0,0.0,0.0,0.0,0.0,0.0,0.0,0.0,0.0,0.0,0.0,0.0,0.0,0.013687934763633613,0.025703785654706657,0.013687934763633613,0.02562050072412858,0.013687934763633391,0.02615838014139138
2023-05-18 00:00:00+00:00,0.0,0.0,0.0,0.0,0.0,0.0,-0.0037841227719948023,-0.003784915450821602,-0.00361450692540799,0.0,0.0,0.0,-0.0037743946434918296,-0.003779872854747013,-0.0038166479516520413,0.0,0.0,0.0,0.007248142033013494,0.007305108442792196,0.0,0.0,0.0,0.0,0.0,0.0,0.0,0.0,0.0,0.0,0.0,0.0,0.0,-0.021427500303746072,-0.01731804357429012,-0.02142750030374585,-0.017341158576394955,-0.02142750030374596,-0.017214319066606754
2023-05-19 00:00:00+00:00,0.0,0.0,0.0,0.0,0.0,0.0,0.0004513334409790293,0.0004514283432139887,0.00043102992163501774,0.0,0.0,0.0,0.00045016876828407604,0.0004508246288483786,0.0004552275913669579,0.0,0.0,0.0,-0.0059101573574621424,-0.005956271077877107,0.0,0.0,0.0,0.0,0.0,0.0,0.0,0.0,0.0,0.0,0.0,0.0,0.0,0.002601742175478483,-0.0007775660975842813,0.002601742175478483,-0.0007607267294380549,0.002601742175478483,-0.0008197057188518153
2023-05-20 00:00:00+00:00,0.0,0.0,0.0,0.0,0.0,0.0,0.0014438999205441672,0.0014442033935107013,0.0013789731578217612,0.0,0.0,0.0,0.0014401755917796688,0.0014422728690810516,0.0014563523657942223,0.0,0.0,0.0,0.0029765434925199674,0.002999906990237111,0.0,0.0,0.0,0.0,0.0,0.0,0.0,0.0,0.0,0.0,0.0,0.0,0.0,0.008305606451701752,0.002206668261681255,0.008305606451701752,0.0021995637210421304,0.008305606451701752,0.0022578217576805226
2023-05-21 00:00:00+00:00,0.0,0.0,0.0,0.0,0.0,0.0,-0.002330252771507557,-0.0023307418281857117,-0.002225614339765758,0.0,0.0,0.0,-0.002324250868931399,-0.002327630719445306,-0.002350320053609134,0.0,0.0,0.0,0.00860791270150596,0.008675275882856104,0.0,0.0,0.0,0.0,0.0,0.0,0.0,0.0,0.0,0.0,0.0,0.0,0.0,-0.013312871284937633,-0.013522990115564015,-0.013312871284937744,-0.013551021998404189,-0.013312871284937744,-0.013422095940727075
2023-05-22 00:00:00+00:00,0.0,0.0,0.0,0.0,0.0,0.0,0.0006605380096329494,0.0006606769624590836,0.0006308108338231033,0.0,0.0,0.0,0.0006588327351007006,0.0006597930235729965,0.0006662397215260185,0.0,0.0,0.0,-0.005157301050804031,-0.0066057667601404635,0.0,0.0,0.0,0.0,0.0,0.0,0.0,0.0,0.0,0.0,0.0,0.0,0.0,0.003815696762750509,0.011397466331276362,0.003815696762750509,0.01141201130297853,0.003815696762750731,0.01143490487540122
2023-05-23 00:00:00+00:00,0.0,0.0,0.0,0.0,0.0,0.0,0.0023828466032136397,0.002383347535267255,0.0022756754134194424,0.0,0.0,0.0,0.002376698989867032,0.0023801608879447933,0.0024034014523053315,0.0,0.0,0.0,0.022615020138656128,0.022810899989049283,0.0,0.0,0.0,0.0,0.0,0.0,0.0,0.0,0.0,0.0,0.0,0.0,0.0,0.013721605095266431,0.021521057044875613,0.013721605095266431,0.021464178979402337,0.013721605095266431,0.0222742309151438
2023-05-24 00:00:00+00:00,0.0,0.0,0.0,0.0,0.0,0.0,-0.0058177709029754165,-0.005818991031299348,-0.0055567042558039015,0.0,0.0,0.0,-0.0058027969621659015,-0.005811229241958427,-0.0058678356805292875,0.0,0.0,0.0,-0.017801460242331868,-0.017874931905181746,0.0,0.0,0.0,0.0,0.0,0.0,0.0,0.0,0.0,0.0,0.0,0.0,0.0,-0.03312686743155291,-0.03326128246806315,-0.03312686743155291,-0.033254536882412644,-0.03312686743155302,-0.033465653982882704
2023-05-25 00:00:00+00:00,0.0,0.0,0.0,0.0,0.0,0.0,0.0010230392094030538,0.0010232550214628322,0.0009768748268603744,0.0,0.0,0.0,0.0010203907139065826,0.001021882152158593,0.0010318949284398027,0.0,0.0,0.0,0.006792360402249287,0.006842551553727594,0.0,0.0,0.0,0.0,0.0,0.0,0.0,0.0,0.0,0.0,0.0,0.0,0.0,0.0059898029740057535,0.0022718847431093536,0.0059898029740059755,0.002257688301144034,0.0059898029740059755,0.0023104245579992355
2023-05-26 00:00:00+00:00,0.0,0.0,0.0,0.0,0.0,0.0,0.0015285177428674412,0.001528839856976827,0.001459611084027923,0.0,0.0,0.0,0.0015245646727286566,0.001526790754230678,0.001541735388965737,0.0,0.0,0.0,0.003025752096740053,0.003045777645193759,0.0,0.0,0.0,0.0,0.0,0.0,0.0,0.0,0.0,0.0,0.0,0.0,0.0,0.008905149956229597,0.012941768472330528,0.008905149956229597,0.012932513743713514,0.008905149956229597,0.013187665727359299
2023-05-27 00:00:00+00:00,0.0,0.0,0.0,0.0,0.0,0.0,0.000991114080511002,0.0009913226253517315,0.0009464990786784977,0.0,0.0,0.0,0.0009885547517569648,0.0009899959819961168,0.0009996714095157344,0.0,0.0,0.0,-0.0036744736278851997,-0.00373008353245452,0.0,0.0,0.0,0.0,0.0,0.0,0.0,0.0,0.0,0.0,0.0,0.0,0.0,0.005732015814419622,0.011576594990301725,0.005732015814419622,0.011597096649725636,0.005732015814419622,0.011334236821603172
2023-05-28 00:00:00+00:00,0.0,0.0,0.0,0.0,0.0,0.0,0.007772409503918443,0.007774043312472889,0.007422865321596417,0.0,0.0,0.0,0.007752358829166361,0.007763649942509554,0.007839449861615222,0.0,0.0,0.0,0.012855990342319767,0.012929178108318506,0.0,0.0,0.0,0.0,0.0,0.0,0.0,0.0,0.0,0.0,0.0,0.0,0.0,0.04473911148545162,0.028845144553306445,0.0447391114854514,0.02882746294155769,0.04473911148545162,0.028938728599309238
2023-05-29 00:00:00+00:00,0.0,0.0,0.0,0.0,0.0,0.0,-0.0020866418943742415,-0.002087077135821791,-0.0019934919664819084,0.0,0.0,0.0,-0.0020813003429063226,-0.002084308350768449,-0.002104500075249982,0.0,0.0,0.0,-0.017142058259928428,-0.018830878222491743,0.0,0.0,0.0,0.0,0.0,0.0,0.0,0.0,0.0,0.0,0.0,0.0,0.0,-0.011586018402538811,-0.013662553829253743,-0.011586018402538811,-0.013624657802583484,-0.0115860184025387,-0.013909767519362237
2023-05-30 00:00:00+00:00,0.0,0.0,0.0,0.0,0.0,0.0,-0.0002872061884819921,-0.00028726622057295703,-0.0002743593867808869,0.0,0.0,0.0,-0.00028646944190391377,-0.0002868843277904487,-0.00028966937911334423,0.0,0.0,0.0,0.005302152798521531,0.005314685991618884,0.0,0.0,0.0,0.0,0.0,0.0,0.0,0.0,0.0,0.0,0.0,0.0,0.0,-0.0016100302687130918,0.0034551296102081075,-0.0016100302687132029,0.0034502981804331867,-0.0016100302687130918,0.003332982279864005
2023-05-31 00:00:00+00:00,0.0,0.0,0.0,0.0,0.0,0.0,-0.003068207295857661,-0.0030688487995358393,-0.0029309279836964297,0.0,0.0,0.0,-0.00306033441893494,-0.0030647678897758324,-0.003094529045189809,0.0,0.0,0.0,-0.009311951837642218,-0.009332374045264213,0.0,0.0,0.0,0.0,0.0,0.0,0.0,0.0,0.0,0.0,0.0,0.0,0.0,-0.017222650418860508,-0.02013108719715273,-0.01722265041886062,-0.020115844637287217,-0.01722265041886062,-0.020339837650391157
2023-06-01 00:00:00+00:00,0.0,0.0,0.0,0.0,0.0,0.0,-0.0025460108871654397,-0.002546544848170962,-0.002431761097953622,0.0,0.0,0.0,-0.002539457887519303,-0.0025431480801774153,-0.002567920581952987,0.0,0.0,0.0,0.004491816401446691,0.004508911929156367,0.0,0.0,0.0,0.0,0.0,0.0,0.0,0.0,0.0,0.0,0.0,0.0,0.0,-0.014497257474172853,-0.013367455418679453,-0.014497257474172964,-0.019488313559457016,-0.014497257474172853,-0.00631610510469216
2023-06-02 00:00:00+00:00,0.0,0.0,0.0,0.0,0.0,0.0,0.0027310805013258665,0.002731654738294509,0.0026082271412000146,0.0,0.0,0.0,0.002724033267769599,0.002728001767128063,0.0027546433199867604,0.0,0.0,0.0,0.011842669761417346,0.011866035517053675,0.0,0.0,0.0,0.0,0.0,0.0,0.0,0.0,0.0,0.0,0.0,0.0,0.0,0.015739652204639576,0.02182895848610311,0.015739652204639798,0.02182996277654725,0.015739652204639576,0.015617496788067342
2023-06-03 00:00:00+00:00,0.0,0.0,0.0,0.0,0.0,0.0,-0.0011164307113971095,-0.0011166648126277323,-0.0010663404787915054,0.0,0.0,0.0,-0.001113557718753988,-0.0011151755882877756,-0.001126036429392241,0.0,0.0,0.0,0.001798340176115465,0.0018027096617634353,0.0,0.0,0.0,0.0,0.0,0.0,0.0,0.0,0.0,0.0,0.0,0.0,0.0,-0.00635176577180252,-0.0006870355793562322,-0.00635176577180252,-0.0006858886989749013,-0.00635176577180252,-0.0007325646554785514
2023-06-04 00:00:00+00:00,0.0,0.0,0.0,0.0,0.0,0.0,0.000286958423471928,0.00028701866224700723,0.00027406988701872415,0.0,0.0,0.0,0.00028621914918991465,0.00028663545649876276,0.00028943018371374585,0.0,0.0,0.0,-2.731588407911545e-05,-3.178487588473278e-05,0.0,0.0,0.0,0.0,0.0,0.0,0.0,0.0,0.0,0.0,0.0,0.0,0.0,0.0016412089697761534,0.002902681105841687,0.0016412089697759313,0.0029022749583216267,0.0016412089697759313,0.003047806193294811
2023-06-05 00:00:00+00:00,0.0,0.0,0.0,0.0,0.0,0.0,-0.008911879698407232,-0.008913749957765837,-0.008511718540454072,0.0,0.0,0.0,-0.008888927110982658,-0.008901852398951138,-0.00898862132500855,0.0,0.0,0.0,-0.06147026866948457,-0.0630018043219196,0.0,0.0,0.0,0.0,0.0,0.0,0.0,0.0,0.0,0.0,0.0,0.0,0.0,-0.050901038417464184,-0.07397234654775042,-0.05090103841746407,-0.07397590664026299,-0.050901038417464184,-0.07399973941842264
2023-06-06 00:00:00+00:00,0.0,0.0,0.0,0.0,0.0,0.0,0.009783980312453755,0.009786052059080674,0.009340888627305866,0.0,0.0,0.0,0.009758555627690457,0.009772872882700012,0.009868995910447653,0.0,0.0,0.0,0.02687380855646837,0.02696593495322519,0.0,0.0,0.0,0.0,0.0,0.0,0.0,0.0,0.0,0.0,0.0,0.0,0.0,0.058354408251267476,0.031468247924819615,0.058354408251267476,0.03147256167794388,0.058354408251267476,0.03141670438107025
2023-06-07 00:00:00+00:00,0.0,0.0,0.0,0.0,0.0,0.0,-0.005787333633648695,-0.005788547218711582,-0.005527665484186373,0.0,0.0,0.0,-0.005772439989097711,-0.005780827052875415,-0.005837129870556401,0.0,0.0,0.0,-0.037791837688244234,-0.03789395134729878,0.0,0.0,0.0,0.0,0.0,0.0,0.0,0.0,0.0,0.0,0.0,0.0,0.0,-0.032933203101055186,-0.05376238720005022,-0.032933203101055186,-0.05376141303234094,-0.032933203101055075,-0.05399223601174574
2023-06-08 00:00:00+00:00,0.0,0.0,0.0,0.0,0.0,0.0,0.0010504465396932172,0.0010506680974173843,0.0010030527527198352,0.0,0.0,0.0,0.00104772753083604,0.0010492586773176438,0.001059538016191297,0.0,0.0,0.0,0.0067536528438834065,-0.011044089343763663,0.0,0.0,0.0,0.0,0.0,0.0,0.0,0.0,0.0,0.0,0.0,0.0,0.0,0.006145429301373406,0.010095459533637774,0.006145429301373406,0.010094685542937354,0.006145429301373406,0.010156611240758284
2023-06-09 00:00:00+00:00,0.0,0.0,0.0,0.0,0.0,0.0,-0.0001653311843837768,-0.00016536601905037251,-0.00015787928757493574,0.0,0.0,0.0,-0.0001649036838511364,-0.00016514442110038274,-0.0001667605895079305,0.0,0.0,0.0,-0.010637372118619703,0.0,0.0,0.0,0.0,0.0,0.0,0.0,0.0,0.0,0.0,0.0,0.0,0.0,0.0,-0.0009623393711860606,-0.019665944907899524,-0.0009623393711860606,-0.019660976587548284,-0.0009623393711859496,-0.019916429522459755
2023-06-10 00:00:00+00:00,0.0,0.0,0.0,0.0,0.0,0.0,-0.004062400632695362,-0.004063256706988372,-0.003879268995466534,0.0,0.0,0.0,-0.004051894660253685,-0.004057810859747879,-0.004097528819865803,0.0,0.0,0.0,-0.0779317812963759,0.0,0.0,0.0,0.0,0.0,0.0,0.0,0.0,0.0,0.0,0.0,0.0,0.0,0.0,-0.023664784817019058,-0.10646629263299423,-0.02366478481701917,-0.10646627887558413,-0.02366478481701917,-0.10625087219374996
2023-06-11 00:00:00+00:00,0.0,0.0,0.0,0.0,0.0,0.0,0.0005266715660259269,0.000526783004927367,0.0005028369302033653,0.0,0.0,0.0,0.000525303973657687,0.00052607409865435,0.0005312445117755527,0.0,0.0,0.0,-0.005370367225951855,0.0,0.0,0.0,0.0,0.0,0.0,0.0,0.0,0.0,0.0,0.0,0.0,0.0,0.0,0.0031296289850364367,0.0013061586463662955,0.0031296289850364367,0.0013104997827035891,0.0031296289850364367,0.0012224123075281756
2023-06-12 00:00:00+00:00,0.0,0.0,0.0,0.0,0.0,0.0,-0.0013500455914616794,-0.0027004019369614163,-0.00019377937992826055,0.0,0.0,0.0,-0.0013465418088368653,-0.002696769843093194,-0.00020472105976099275,0.0,0.0,0.0,0.0,0.0,0.0,0.0,0.0,0.0,0.0,0.0,0.0,0.0,0.0,0.0,0.0,0.0,0.0,-0.001202913827417551,-0.0025797857803420143,-0.00120291382741744,-0.002580697805846466,-0.001202913827417329,-0.002579846217463322
2023-06-13 00:00:00+00:00,0.0,0.0,0.0,0.0,0.0,0.0,0.0,0.0,-0.001286384881737046,0.0,0.0,0.0,0.0,0.0,-0.0013590349934523571,0.0,0.0,0.0,0.0,0.0,0.0,0.0,0.0,0.0,0.0,0.0,0.0,0.0,0.0,0.0,0.0,0.0,0.0,0.0009422593069818852,0.003965909816983304,0.0009422593069818852,0.003963151871331894,0.0009422593069816632,0.004004503054076958
2023-06-14 00:00:00+00:00,0.0,0.0,0.0,0.0,0.0,0.0,0.0,0.0,0.0,0.0,0.0,0.0,0.0,0.0,0.0,0.0,0.0,0.0,0.0,0.0,0.0,0.0,0.0,0.0,0.0,0.0,0.0,0.0,0.0,0.0,0.0,0.0,0.0,-0.031117734011614995,-0.03861734424154317,-0.031117734011615106,-0.038622991845162935,-0.031117734011614995,-0.03850768237478153
2023-06-15 00:00:00+00:00,0.0,0.0,0.0,0.0,0.0,0.0,0.0,0.0,0.0,0.0,0.0,0.0,0.0,0.0,0.0,0.0,0.0,0.0,0.0,0.0,0.0,0.0,0.0,0.0,0.0,0.0,0.0,0.0,0.0,0.0,0.0,0.0,0.0,0.017778289033225647,0.011313982457207494,0.01777828903322587,0.011315983703766186,0.017778289033225647,0.01129638054651183
2023-06-16 00:00:00+00:00,0.0,0.0,0.0,0.0,0.0,0.0,0.0,0.0,0.0,0.0,0.0,0.0,0.0,0.0,0.0,0.0,0.0,0.0,0.0,0.0,0.0,0.0,0.0,0.0,0.0,0.0,0.0,0.0,0.0,0.0,0.0,0.0,0.0,0.02970709022569018,0.018119598401953985,0.02970709022569018,0.018122014464118763,0.02970709022569018,0.018096823470426404
2023-06-17 00:00:00+00:00,0.0,0.0,0.0,0.0,0.0,0.0,0.0,0.0,0.0,0.0,0.0,0.0,0.0,0.0,0.0,0.0,0.0,0.0,0.0,0.0,0.0,0.0,0.0,0.0,0.0,0.0,0.0,0.0,0.0,0.0,0.0,0.0,0.0,0.006720952843947581,0.018416970359516283,0.006720952843947581,0.018421042341024263,0.006720952843947581,0.01844353891402739
2023-06-18 00:00:00+00:00,0.0,0.0,0.0,0.0,0.0,0.0,0.0,0.0,0.0,0.0,0.0,0.0,0.0,0.0,0.0,0.0,0.0,0.0,0.0,0.0,0.0,0.0,0.0,0.0,0.0,0.0,0.0,0.0,0.0,0.0,0.0,0.0,0.0,-0.006417279345188542,-0.011262216668689762,-0.006417279345188653,-0.011267756966717446,-0.006417279345188653,-0.011364525924543956
2023-06-19 00:00:00+00:00,0.0,0.0,0.0,0.0,0.0,0.0,0.0,0.0,0.0,0.0,0.0,0.0,0.0,0.0,0.0,0.0,0.0,0.0,0.0,0.0,0.0,0.0,0.0,0.0,0.0,0.0,0.0,0.0,0.0,0.0,0.0,0.0,0.0,0.019035208224643663,0.01605470096504158,0.019035208224643663,0.016056819249324228,0.019035208224643663,0.016110770652744355
2023-06-20 00:00:00+00:00,0.0,0.0,0.0,0.0,0.0,0.0,0.0,0.0,0.0,0.0,0.0,0.0,0.0,0.0,0.0,0.0,0.0,0.0,0.0,0.0,0.0,0.0,0.0,0.0,0.0,0.0,0.0,0.0,0.0,0.0,0.0,0.0,0.0,0.05524488240085468,0.027165026280087767,0.05524488240085468,0.027166869924502235,0.055244882400854456,0.02712577909572067
2023-06-21 00:00:00+00:00,0.0,0.0,0.0,0.0,0.0,0.0,0.0,0.0,0.0,0.0,0.0,0.0,0.0,0.0,0.0,0.0,0.0,0.0,0.0,0.0,0.0,0.0,0.0,0.0,0.0,0.0,0.0,0.0,0.0,0.0,0.0,0.0,0.0,0.059132223627960334,0.0551364277655777,0.059132223627960556,0.055142349404735835,0.059132223627960334,0.05513001712584753
2023-06-22 00:00:00+00:00,0.0,0.0,0.0,0.0,0.0,0.0,0.0,0.0,0.0,0.0,0.0,0.0,0.0,0.0,0.0,0.0,0.0,0.0,0.0,0.0,0.0,0.0,0.0,0.0,0.0,0.0,0.0,0.0,0.0,0.0,0.0,0.0,0.0,-0.003626261373531947,-0.006797817877659762,-0.003626261373531836,-0.006803500322299705,-0.003626261373531947,-0.006859613227804484
2023-06-23 00:00:00+00:00,0.0,0.0,0.0,0.0,0.0,0.0,0.0,0.0,0.0,0.0,0.0,0.0,0.0,0.0,0.0,0.0,0.0,0.0,0.0,0.0,0.0,0.0,0.0,0.0,0.0,0.0,0.0,0.0,0.0,0.0,0.0,0.0,0.0,0.027480809775445758,0.03477339583432104,0.027480809775445536,0.034772555457089904,0.027480809775445536,0.034659791621791225
2023-06-24 00:00:00+00:00,0.0,0.0,0.0,0.0,0.0,0.0,0.0,0.0,0.0,0.0,0.0,0.0,0.0,0.0,0.0,0.0,0.0,0.0,0.0,0.0,0.0,0.0,0.0,0.0,0.0,0.0,0.0,0.0,0.0,0.0,0.0,0.0,0.0,-0.005224437851073405,-0.019002925808981885,-0.005224437851073405,-0.019005196022388593,-0.005224437851073516,-0.018989952999324378
2023-06-25 00:00:00+00:00,0.0,0.0,0.0,0.0,0.0,0.0,0.0,0.0,0.0,0.0,0.0,0.0,0.0,0.0,0.0,0.0,0.0,0.0,0.0,0.0,0.0,0.0,0.0,0.0,0.0,0.0,0.0,0.0,0.0,0.0,0.0,0.0,0.0,-0.002191364309242383,0.005192226260550603,-0.002191364309242494,0.005190613641879116,-0.002191364309242383,0.005315757122979159
2023-06-26 00:00:00+00:00,-0.002668691112668431,-0.004108691112668428,0.0,-0.02692591034929337,-0.03412591034929324,0.0,-0.00266869111266832,-0.004108691112668428,0.0,0.0,0.0,0.0,-0.00266869111266832,-0.004108691112668539,0.0,0.0,0.0,0.0,0.0,0.0,0.0,0.0,0.0,0.0,0.0,0.0,0.0,0.0,0.0,0.0,0.0,0.0,0.0,-0.006826061737046696,-0.02397047322868906,-0.006826061737046696,-0.02396670154710845,-0.006826061737046696,-0.024045836288777434
2023-06-27 00:00:00+00:00,0.0025177228750241643,0.0025213633535658975,0.0010879001487831275,0.01342036029004845,-0.014678139317722105,0.0,0.0025177228750241643,0.0025213633535661195,0.0010879001487831275,0.0,0.0,0.0,0.0025177228750241643,0.0025213633535661195,0.0010879001487831275,0.0,0.0,0.0,0.0,0.0,0.0,0.0,0.0,0.0,0.0,0.0,0.0,0.0,0.0,0.0,0.0,0.0,0.0,0.014045899568514875,0.015535999469180828,0.014045899568514875,0.01553559006480798,0.014045899568514653,0.015576561710784143
2023-06-28 00:00:00+00:00,-0.0036763775462739234,-0.003681680001605847,-0.0036970321652755045,-0.03554098887386126,0.0,0.0,-0.0036763775462740345,-0.003681680001605958,-0.0036970321652755045,0.0,0.0,0.0,-0.0036763775462740345,-0.00368168000160618,-0.0036970321652753935,0.0,0.0,0.0,0.0,0.0,0.0,0.0,0.0,0.0,0.0,0.0,0.0,0.0,0.0,0.0,0.0,0.0,0.0,-0.02027664901695203,-0.050388266301235496,-0.02027664901695192,-0.050388755859499756,-0.02027664901695203,-0.05036835599275857
2023-06-29 00:00:00+00:00,0.002202500781012251,0.0022056891961967917,0.002214920784861407,-0.007372787541700676,0.0,0.0,0.002202500781012251,0.0022056891961967917,0.002214920784861407,0.0,0.0,0.0,0.002202500781012251,0.0022056891961970138,0.002214920784861407,0.0,0.0,0.0,0.0,0.0,0.0,0.0,0.0,0.0,0.0,0.0,0.0,0.0,0.0,0.0,0.0,0.0,0.0,0.012353474354396266,0.027391833215047567,0.012353474354396043,0.02739069319892784,0.012353474354396043,0.027475750098366225
2023-06-30 00:00:00+00:00,0.00011978204654261582,0.000119955065488897,0.00012045601027099728,0.0,0.0,0.0,0.00011978204654239377,0.000119955065488897,0.00012045601027077524,0.0,0.0,0.0,0.00011978204654261582,0.000119955065488897,0.00012045601027099728,0.0,0.0,0.0,0.0,0.0,0.0,0.0,0.0,0.0,0.0,0.0,0.0,0.0,0.0,0.0,0.0,0.0,0.0,0.0006651017342897969,0.06623496504926418,0.0006651017342897969,0.06625258720844274,0.0006651017342897969,0.06502901950555473
2023-07-01 00:00:00+00:00,0.0007126326042428133,0.0007136618415728435,0.0007166418084110227,0.0,0.0,0.0,0.0007126326042428133,0.0007136618415728435,0.0007166418084112447,0.0,0.0,0.0,0.0007126326042430353,0.0007136618415728435,0.0007166418084112447,0.0,0.0,0.0,0.0,0.0,0.0,0.0,0.0,0.0,0.0,0.0,0.0,0.0,0.0,0.0,0.0,0.0,0.0,0.003954807081300471,-0.0014319173062782298,0.003954807081300471,-0.00582435447203522,0.003954807081300471,0.009479981285028805
2023-07-02 00:00:00+00:00,0.00015543937815132303,0.00015566371523112466,0.00015631323926323937,0.0,0.0,0.0,0.00015543937815132303,0.0001556637152313467,0.00015631323926301732,0.0,0.0,0.0,0.00015543937815132303,0.0001556637152313467,0.00015631323926323937,0.0,0.0,0.0,0.0,0.0,0.0,0.0,0.0,0.0,0.0,0.0,0.0,0.0,0.0,0.0,0.0,0.0,0.0,0.0008598365133660746,0.00865436557338195,0.0008598365133660746,0.008664467066413328,0.0008598365133660746,0.004185940588010029
2023-07-03 00:00:00+00:00,0.0032400232414941943,0.0032446986605141337,0.0032582354078105613,-0.018328967446266775,-0.02552896744626687,0.0,0.0032400232414941943,0.0032446986605141337,0.0032582354078105613,-0.018328967446266997,-0.02552896744626687,0.0,0.0032400232414941943,0.0032446986605139116,0.0032582354078103393,-0.01414949791573139,-0.021349497915731375,0.0,-0.01414949791573139,-0.021349497915731264,0.0,-0.01414949791573139,-0.021349497915731375,0.0,-0.023125887114108012,-0.030325887114107997,0.0,-0.0231258871141079,-0.030325887114108108,0.0,-0.023125887114108012,-0.03032588711410822,0.0,0.0179100665033185,0.00830931792342171,0.017910066503318278,0.008357115413909932,0.017910066503318278,0.007947446284313653
2023-07-04 00:00:00+00:00,-0.0023004330214408952,-0.0023037418566107526,-0.002313321757847042,-0.02215257160538986,-0.02231624862628656,-0.029316390365400347,-0.0023004330214408952,-0.0023037418566107526,-0.002313321757847042,-0.02215257160538986,-0.022316248626286783,-0.02931639036540057,-0.0023004330214408952,-0.0023037418566106416,-0.002313321757846931,-0.02391997848826455,-0.024095959438306558,-0.031140752620013146,-0.02391997848826477,-0.024095959438306447,-0.031140752620013368,-0.02391997848826455,-0.024095959438306558,-0.031140752620013146,-0.02566649125163778,-0.02585706944131627,-0.03259686079978186,-0.02566649125163778,-0.02585706944131616,-0.032596860799781746,-0.02566649125163778,-0.02585706944131616,-0.032596860799781746,-0.01253297306317347,-0.02245753922018967,-0.01253297306317358,-0.02237964609095311,-0.01253297306317358,-0.02264500049238305
2023-07-05 00:00:00+00:00,-0.0016057211825977191,-0.0016080361097741136,-0.001614738486615086,-0.00858065312531453,-0.008645499471603757,-0.008612819236658575,-0.0016057211825978301,-0.0016080361097740026,-0.001614738486615086,-0.00858065312531442,-0.008645499471603646,-0.008612819236658464,-0.0016057211825978301,-0.0016080361097741136,-0.001614738486615086,-0.013438951833619095,-0.013540264362138843,-0.013378698130530386,-0.013438951833619095,-0.013540264362139287,-0.013378698130530498,-0.013438951833619095,-0.013540264362138843,-0.013378698130530386,-0.01573977679096772,-0.015859749531900724,-0.015649097156285374,-0.015739776790967608,-0.015859749531900835,-0.015649097156285374,-0.015739776790967497,-0.015859749531900724,-0.015649097156285374,-0.008838769955721637,-0.0251773904655489,-0.008838769955721637,-0.02518277672877345,-0.008838769955721637,-0.025012108842599856
2023-07-06 00:00:00+00:00,-0.003547339100365754,-0.0035524614453695813,-0.003567292234414432,-0.01466795107506047,-0.014779767508452335,-0.014996946022866608,-0.003547339100365643,-0.0035524614453694703,-0.003567292234414321,-0.01466795107506047,-0.014779767508452335,-0.01499694602286683,-0.003547339100365532,-0.0035524614453694703,-0.003567292234414321,-0.02681250844375893,-0.027017414993205757,-0.027102476427158906,-0.02681250844375893,-0.027017414993205313,-0.027102476427158573,-0.02681250844375893,-0.027017414993205757,-0.027102476427158906,-0.018718734589275754,-0.018863713056481934,-0.01905381035105025,-0.018718734589275532,-0.018863713056481712,-0.01905381035105047,-0.018718734589275754,-0.018863713056481823,-0.019053810351050582,-0.019668995356282415,-0.02532808273637488,-0.019668995356282304,-0.02533690964523394,-0.019668995356282304,-0.02524620842799341
2023-07-07 00:00:00+00:00,0.002686488010846144,0.0026903811200684746,0.0027016531132164623,0.03154767453942586,0.03179177590703297,0.03168295129156573,0.002686488010846144,0.0026903811200684746,0.0027016531132164623,0.03154767453942564,0.03179177590703297,0.031682951291566175,0.002686488010845922,0.0026903811200686967,0.0027016531132164623,0.015072596731088517,0.015190983019868876,0.015230944474914132,0.015072596731088517,0.015190983019868654,0.01523094447491391,0.015072596731088517,0.015190983019868876,0.015230944474914132,0.03093878446156162,0.03118301553935332,0.0309998742737847,0.030938784461561397,0.031183015539352876,0.0309998742737847,0.03093878446156162,0.0311830155393531,0.030999874273785144,0.01514078218344328,0.025907556092556572,0.01514078218344328,0.025924419451260672,0.01514078218344328,0.025967874492208276
2023-07-08 00:00:00+00:00,-0.0003574162380224344,-0.0003579327960463452,-0.0003594284002307324,-0.0028282909162665737,-0.002849500633451574,-0.0028989128976157907,-0.0003574162380224344,-0.0003579327960463452,-0.0003594284002307324,-0.0028282909162664627,-0.0028495006334514628,-0.0028989128976159018,-0.0003574162380224344,-0.0003579327960464562,-0.0003594284002306214,-0.004672939068977255,-0.0047090930139929155,-0.0047924977218457565,-0.004672939068977144,-0.0047090930139931375,-0.0047924977218457565,-0.004672939068977255,-0.0047090930139929155,-0.0047924977218457565,0.003309222850122362,0.003334555927074323,0.003180241844337184,0.00330922285012214,0.003334555927074767,0.003180241844337406,0.003309222850122362,0.003334555927074545,0.003180241844337184,-0.0019896494737757786,0.010879591325531512,-0.0019896494737758896,0.010855597304040954,-0.0019896494737757786,0.010812988322371098
2023-07-09 00:00:00+00:00,-0.000730067136070045,-0.0007311226479065347,-0.0007341787055492599,-0.013984183900744851,-0.014089352772384656,-0.014220941180708047,-0.000730067136069934,-0.0007311226479065347,-0.0007341787055493709,-0.01398418390074474,-0.014089352772384656,-0.014220941180708158,-0.000730067136069934,-0.0007311226479064237,-0.0007341787055493709,-0.011198099830831865,-0.011285148046542237,-0.011457859290022632,-0.011198099830831865,-0.011285148046542126,-0.01145785929002252,-0.011198099830831865,-0.011285148046542237,-0.011457859290022632,-0.015872302840964414,-0.015993406174808156,-0.01602495022340389,-0.015872302840964525,-0.015993406174808378,-0.01602495022340389,-0.015872302840964414,-0.015993406174808378,-0.016024950223404,-0.00407075339804408,-0.008216500524410142,-0.00407075339804408,-0.008212979792825759,-0.00407075339804408,-0.008322726395949998
2023-07-10 00:00:00+00:00,0.0014901738518038332,0.0014923298822326903,0.0014985723327225475,0.011449784045796774,0.011295923982346912,0.011767686859944781,0.0014901738518038332,0.0014923298822329123,0.0014985723327225475,0.011449784045796774,0.011295923982347134,0.011767686859945004,0.0014901738518038332,0.0014923298822326903,0.0014985723327225475,0.007748637559578775,-0.0010775535254408108,0.013122891502699296,0.009332656031509678,0.006062956693877908,0.013122891502699296,0.007748637559578775,-0.0010775535254408108,0.013122891502699296,0.00048432126131414677,-0.0053876849064036225,0.010837900697982183,0.010687262842058676,0.010770130418904289,0.010837900697982183,0.0004843212613139247,-0.0053876849064036225,0.010837900697982183,0.008336874568670938,0.007103139393499491,0.008336874568670938,0.0071184524090730505,0.008336874568670938,0.007146896684129045
2023-07-11 00:00:00+00:00,0.0012226197690665686,0.0012243860579421728,0.001229500029547692,0.0069957016382315995,0.007001125055740243,0.006833984165747209,0.0012226197690667906,0.0012243860579421728,0.0012295000295479142,0.0069957016382315995,0.007001125055740243,0.006833984165746987,0.0012226197690667906,0.0012243860579421728,0.001229500029547692,0.007260877443282965,0.007320923997178097,-0.0015738697047810168,0.007029159555755005,0.0069576513912466,0.004065841305994411,0.007260877443282965,0.007320923997178097,-0.0015738697047810168,0.0031371526430516994,0.003132263928642409,-0.002735120422933779,0.00568064292879944,0.0057242205220753295,0.005610118119704355,0.0031371526430516994,0.003132263928642187,-0.002735120422933446,0.006793581436356222,0.008415509741832139,0.006793581436356222,0.008458879069741299,0.006793581436356222,0.008323761413396413
2023-07-12 00:00:00+00:00,-0.0014461365135161053,-0.0014482231567085613,-0.0014542646150761396,0.0007878507008391988,0.0008028263581165707,0.000852106766225047,-0.0014461365135162163,-0.0014482231567084503,-0.0014542646150761396,0.0007878507008391988,0.0008028263581163486,0.000852106766225269,-0.0014461365135162163,-0.0014482231567085613,-0.0014542646150761396,-0.0021453285320297555,-0.002130498415826576,-0.00187572742816966,0.0008486862608190204,0.0010841126310785487,0.0009437962409679646,-0.0021453285320297555,-0.002130498415826576,-0.00187572742816966,-0.004853072074608056,-0.004873336474079171,-0.004877562564865823,5.746537877837632e-05,5.790370062208616e-05,4.2593590845463325e-05,-0.004853072074607723,-0.004873336474079282,-0.004877562564865712,-0.007991105756280037,-0.008136964077667619,-0.007991105756280037,-0.00814856050980739,-0.007991105756279926,-0.008049160217315499
2023-07-13 00:00:00+00:00,0.006450112749949666,0.006459433172856022,0.006486418814442008,0.05780505597172669,0.057994717790021966,0.05818920662992233,0.006450112749949666,0.0064594331728558,0.006486418814442008,0.05780505597172669,0.057994717790021966,0.05818920662992233,0.006450112749949666,0.006459433172856022,0.006486418814442008,0.0825667940445638,0.08332629410751435,0.08247684568188673,0.05865624419056559,0.05866097509467161,0.059065946811700076,0.0825667940445638,0.08332629410751435,0.08247684568188673,0.1562931056851029,0.1580051164027496,0.156088004754809,0.1736410833101576,0.17496546808846913,0.1727741293166556,0.15629310568510268,0.1580051164027496,0.15608800475480855,0.035877388476855065,0.13737769638019293,0.035877388476855065,0.13715021811396166,0.03587738847685529,0.1377523632032156
2023-07-14 00:00:00+00:00,-0.006710335114303079,-0.006719969327372954,-0.006747862486864542,-0.023436053825611647,-0.02365370022540203,-0.023623878733360915,-0.006710335114302968,-0.006719969327372954,-0.006747862486864542,-0.023436053825611536,-0.02365370022540192,-0.023623878733360804,-0.006710335114302968,-0.006719969327372954,-0.006747862486864542,-0.021252325459455434,-0.02155248219897632,-0.021379387011093876,-0.024337651472371102,-0.025069490275821837,-0.024749780553331657,-0.021252325459455434,-0.02155248219897632,-0.021379387011093876,-0.03155009879191051,-0.031976408259902556,-0.03117404888559816,-0.043623011224562025,-0.04390618447885397,-0.043936142983838966,-0.0315500987919104,-0.031976408259902556,-0.03117404888559805,-0.036264494311261886,-0.03054327111277011,-0.036264494311261886,-0.030569152402721955,-0.036264494311261886,-0.030784465784897352
2023-07-15 00:00:00+00:00,-0.00017088795555864067,-0.00017113496399556727,-0.00017185013460563336,-0.0018873180819390933,-0.0019491286525455953,-0.0019067726640007443,-0.0001708879555587517,-0.0001711349639956783,-0.0001718501346057444,-0.0018873180819392044,-0.0019491286525453733,-0.0019067726640007443,-0.0001708879555587517,-0.00017113496399556727,-0.00017185013460563336,-0.0008515545392612234,-0.0009166836697154235,-0.0007258332026219838,-0.0021360077103689257,-0.002443651499748234,-0.0021899940305541987,-0.0008515545392612234,-0.0009166836697154235,-0.0007258332026219838,-0.009838931451522703,-0.010025252279808439,-0.009689108248959855,-0.01230961833105404,-0.012393194155506104,-0.012377818126562912,-0.009838931451522925,-0.010025252279808217,-0.009689108248959966,-0.0009518465229081396,-0.0006320901241546606,-0.0009518465229081396,-0.0005477834053788655,-0.0009518465229082507,-0.0009234058489734354
2023-07-16 00:00:00+00:00,-0.0003197518526767418,-0.00032021411418503565,-0.00032155251447352207,-0.006424233511635902,-0.00647232368724171,-0.0065701005089900955,-0.00031975185267663075,-0.00032021411418503565,-0.0003215525144733,-0.006424233511636013,-0.006472323687241821,-0.006570100508989873,-0.00031975185267663075,-0.00032021411418503565,-0.00032155251447341104,-0.01860857582030706,-0.01880542753144221,-0.01867111975444624,-0.006625881885156892,-0.006995562027233393,-0.006907743651567988,-0.01860857582030706,-0.01880542753144221,-0.01867111975444624,-0.003285368828664037,-0.003271732181594378,-0.0034743903450331626,-0.007487584223452859,-0.007539058912101715,-0.00741060547048078,-0.003285368828664148,-0.0032717321815946,-0.0034743903450329405,-0.0017824111888296024,-0.017755226104405053,-0.0017824111888296024,-0.017839927669779376,-0.0017824111888296024,-0.0174744911767315
2023-07-17 00:00:00+00:00,-0.0006192176907988678,-0.0006201131733081233,-0.0006227058966596921,-0.01213609615799549,-0.012531361226235438,-0.012878215675053317,-0.0006192176907987568,-0.0006201131733077903,-0.0006227058966598031,-0.012136096157995158,-0.012531361226235549,-0.01287821567505354,-0.0006192176907987568,-0.0006201131733077903,-0.0006227058966596921,-0.013601082820940857,-0.022331117086113905,-0.00928605589095055,-0.012396848224034418,-0.013024182253330463,-0.013193062134396083,-0.013601082820940857,-0.022331117086113905,-0.00928605589095055,-0.016725193464960375,-0.022682525948007126,-0.012322190912914754,0.0022737057575998865,-0.003601797565981113,-4.552790502221349e-05,-0.016725193464960486,-0.022682525948006904,-0.012322190912914865,-0.003456798613048706,0.0009504478415420792,-0.003456798613048817,0.0010056557637545538,-0.003456798613048706,0.0006050827451986596
2023-07-18 00:00:00+00:00,-0.0016660378927002562,-0.0016684487306664053,-0.0016754289426140767,-0.011359787481238226,-0.011388519163515354,-0.011751491771190947,-0.0016660378927003672,-0.0016684487306666274,-0.0016754289426139657,-0.011359787481238337,-0.011388519163515465,-0.011751491771190947,-0.0016660378927003672,-0.0016684487306666274,-0.0016754289426140767,-0.017382506770264428,-0.01753768428485103,-0.02577616766810753,-0.011463941498211838,-0.011391988622260985,-0.011831732262539973,-0.017382506770264428,-0.01753768428485103,-0.02577616766810753,-0.024578247001866838,-0.024764683946093435,-0.030589801424312224,-0.024434500237125123,-0.024629180784102034,-0.030148336310028556,-0.024578247001866615,-0.024764683946093546,-0.030589801424312446,-0.009327182225572273,-0.021817183545170704,-0.009327182225572384,-0.02186271384623073,-0.009327182225572273,-0.02156625827743497
2023-07-19 00:00:00+00:00,0.0003252162531222069,0.00032568764336904366,0.0003270524944414266,0.005319831305183431,0.0053248576390487745,0.005418366425964605,0.00032521625312242897,0.00032568764336904366,0.0003270524944414266,0.005319831305183431,0.0053248576390487745,0.005418366425964605,0.00032521625312242897,0.00032568764336904366,0.0003270524944414266,0.042870179949540566,0.043259723295070884,0.043299951722481245,0.005333266600078268,0.005433848484372783,0.00547300235312842,0.042870179949540566,0.043259723295070884,0.043299951722481245,0.05757824111821175,0.05795221176572718,0.057826973150280514,0.057629276061627266,0.05798109033830068,0.05888054599835724,0.057578241118211526,0.05795221176572718,0.057826973150280736,0.001834777591401604,0.030224568602755797,0.001834777591401604,0.029999531564497195,0.001834777591401604,0.03061360861246687
2023-07-20 00:00:00+00:00,-0.0006384128682395129,-0.0006393379253837317,-0.0006420163068879825,-0.00585739016413489,-0.005857024080103579,-0.005882387937477751,-0.000638412868239624,-0.0006393379253837317,-0.0006420163068878715,-0.005857390164134779,-0.005857024080103579,-0.005882387937477529,-0.000638412868239624,-0.0006393379253838427,-0.0006420163068878715,0.01047424101897465,0.010565469533923899,0.010356065279900628,-0.005847546414926241,-0.005750781221113388,-0.005823514138384556,0.01047424101897465,0.010565469533923899,0.010356065279900628,-0.0004617699407192255,-0.0004723456673194626,-0.0004733724553823704,0.034216146357233246,0.034668800463014016,0.032688478085657335,-0.0004617699407191145,-0.0004723456673194626,-0.0004733724553823704,-0.003596316708516123,0.015156933539071549,-0.003596316708516123,0.015200009249700885,-0.003596316708516234,0.014812973255106776
2023-07-21 00:00:00+00:00,0.0005869265373634747,0.0005877775351394998,0.0005902414963512292,0.005640359233717751,0.0056794300975431256,0.00579016915659869,0.0005869265373634747,0.0005877775351394998,0.0005902414963512292,0.005640359233717973,0.0056794300975431256,0.00579016915659869,0.0005869265373634747,0.0005877775351394998,0.0005902414963514513,-4.020441556784604e-06,-4.055092681976014e-06,-0.00014777324017423155,0.005795737976143744,0.006129584068205629,0.006078680237843637,-4.020441556784604e-06,-4.055092681976014e-06,-0.00014777324017423155,-0.0047424448691150145,-0.004765183526857619,-0.004698846462299677,-0.013895567337267045,-0.014007865531290076,-0.013883384809768362,-0.0047424448691150145,-0.00476518352685773,-0.004698846462299677,0.003316098121615818,-0.0006230817800819688,0.003316098121615818,-0.0005650320506136453,0.003316098121615818,-0.0007009126773327434
2023-07-22 00:00:00+00:00,-0.0006702525633884848,-0.0006712238065388343,-0.0006740359143830865,-0.016974281505253486,-0.017063341901761397,-0.017198951610820856,-0.0006702525633884848,-0.0006712238065390563,-0.0006740359143831975,-0.016974281505253708,-0.017063341901761175,-0.017198951610820967,-0.0006702525633884848,-0.0006712238065389453,-0.0006740359143831975,-0.023012545722118638,-0.02321088558706863,-0.022989290011488528,-0.017322679976760957,-0.017744931261029162,-0.01766519912529474,-0.023012545722118638,-0.02321088558706863,-0.022989290011488528,-0.012822900791757408,-0.012926024657974544,-0.013124725112723667,-0.013114375382734633,-0.013229601732979823,-0.013016570674580064,-0.012822900791757408,-0.012926024657974433,-0.013124725112724112,-0.003776584042118558,-0.018034164025408472,-0.003776584042118558,-0.018089726472729106,-0.003776584042118669,-0.018009882634658192
2023-07-23 00:00:00+00:00,0.0017017247342441255,0.0017041923094816003,0.0017113368787367023,0.013509607147664138,0.013610635882549404,0.013620573710653172,0.0017017247342441255,0.0017041923094816003,0.0017113368787367023,0.013509607147664138,0.013610635882549182,0.013620573710653394,0.0017017247342441255,0.0017041923094818223,0.0017113368787367023,0.00999851833968668,0.010086741007248046,0.009955305131708503,0.013912753208221051,0.014222936708011558,0.014046217478214995,0.00999851833968668,0.010086741007248046,0.009955305131708503,0.005345761805356286,0.005380039476353238,0.0053821468845556275,0.004218079103895045,0.004243435904993209,0.004289952936956665,0.005345761805356286,0.005380039476353238,0.0053821468845556275,0.00961838266314885,0.011762753163444106,0.00961838266314885,0.011765917575869755,0.00961838266314885,0.011796870395144543
2023-07-24 00:00:00+00:00,-0.005362607329630897,-0.005370370115348466,-0.00539284611816071,-0.0320160870556252,-0.03220724827748889,-0.032319566755100726,-0.005362607329630897,-0.005370370115348466,-0.005392846118160821,-0.032016087055625086,-0.032207248277488776,-0.03231956675510084,-0.005362607329630897,-0.005370370115348466,-0.00539284611816071,-0.031786232918314394,-0.035025246005461974,-0.02774654486568573,-0.03507391154713202,-0.04171854583547041,-0.033191776347030855,-0.031786232918314394,-0.035025246005461974,-0.02774654486568573,-0.03767613420034088,-0.04639719935336206,-0.04224777923948386,-0.04355014992249484,-0.04384431739096051,-0.043992210596950576,-0.037676134200340994,-0.04639719935336195,-0.04224777923948353,-0.03007252603833377,-0.036597074739899926,-0.03007252603833388,-0.03654086424073022,-0.03007252603833377,-0.03684685332507198
2023-07-25 00:00:00+00:00,0.00028702961433824115,0.00028744735515906505,0.0002886568989561855,2.164005954918835e-05,2.6766701231917267e-05,4.250395993610212e-06,0.00028702961433824115,0.000287447355158843,0.0002886568989561855,2.1640059548966306e-05,2.6766701231917267e-05,4.250395993610212e-06,0.00028702961433824115,0.000287447355158843,0.0002886568989561855,0.009326929024169317,0.009488396480298311,0.006051444195029898,0.017917014957747668,0.01805680801082432,0.010824322253917051,0.009326929024169317,0.009488396480298311,0.006051444195029898,0.0062099871671130735,0.006266782805429916,-0.0038640992080540837,-0.011139993159321793,-0.011240761150623668,-0.011089549181456881,0.0062099871671130735,0.006266782805429694,-0.0038640992080541947,0.0016506163420615394,0.0038870531316270718,0.0016506163420615394,0.003947316549008928,0.0016506163420615394,0.003750306745600396
2023-07-26 00:00:00+00:00,0.0007631867422346339,0.000764297159501881,0.0007675123016830376,0.020587640374748695,0.020658062784496334,0.02083010499940796,0.0007631867422346339,0.000764297159501881,0.0007675123016830376,0.020587640374748695,0.020658062784496112,0.02083010499940774,0.0007631867422346339,0.000764297159501881,0.0007675123016828156,0.026986821624506385,0.027125188096279063,0.027833779003245462,0.021129044381464457,0.02163707377784263,0.022715306057607965,0.026986821624506385,0.027125188096279063,0.027833779003245462,0.022600641639061836,0.02280605652585055,0.024021584421278552,0.04406950215339789,0.044396493148681326,0.04461092454629578,0.022600641639061836,0.02280605652585077,0.024021584421278774,0.004382870364350477,0.020416375971437528,0.004382870364350477,0.02033842024407928,0.004382870364350477,0.020739075636188486
2023-07-27 00:00:00+00:00,-0.0008234511713645087,-0.000824648356835489,-0.000828114715818562,-0.00048217619095625164,-0.0004819312443230528,-0.0004161500554142883,-0.0008234511713645087,-0.000824648356835489,-0.000828114715818451,-0.00048217619095625164,-0.00048193124432327483,-0.0004161500554142883,-0.0008234511713645087,-0.000824648356835378,-0.000828114715818451,0.006734012196334183,0.00672997282919896,0.006975323229882147,0.004600719096323536,0.004718588018163494,0.0048512935145677005,0.006734012196334183,0.00672997282919896,0.006975323229882147,0.009077872985158386,0.009158541108998053,0.009353467421229444,0.0068756279144945864,0.006957083343304138,0.006702693039353891,0.009077872985158608,0.009158541108998053,0.009353467421229444,-0.004711917564097723,0.001959217995326723,-0.004711917564097723,0.001946622901871864,-0.004711917564097612,0.002011179978394173
2023-07-28 00:00:00+00:00,0.000603186030352143,0.0006040637041817565,0.0006066049535007334,-0.0013226333368392407,-0.0013181571582007168,-0.001354517744058703,0.0006031860303523651,0.0006040637041817565,0.0006066049535007334,-0.0013226333368392407,-0.0013181571582009388,-0.001354517744058814,0.000603186030352143,0.0006040637041817565,0.0006066049535007334,-0.00893326481168899,-0.0090025785495913,-0.008932862039312539,-0.0036300911510402933,-0.0036165681549357176,-0.0034713384936376768,-0.00893326481168899,-0.0090025785495913,-0.008932862039312539,-0.010578967541492568,-0.010672121590976302,-0.01061446156741197,-0.00769666209710318,-0.007777052682307994,-0.00754931619824839,-0.0105789675414929,-0.010672121590976413,-0.01061446156741186,0.0034650103440299063,0.000671130240482265,0.0034650103440299063,0.0006919271568144314,0.0034650103440299063,0.0006962126619634024
2023-07-29 00:00:00+00:00,0.00023557892708203632,0.00023592150238549436,0.00023691340422038465,0.008718299418686293,0.00877225519990521,0.008967894917596198,0.00023557892708203632,0.00023592150238549436,0.00023691340422038465,0.008718299418686293,0.008772255199905432,0.00896789491759642,0.00023557892708203632,0.00023592150238549436,0.00023691340422038465,0.012518477015573737,0.012667658143620697,0.012371523833796694,0.013968737444043366,0.014607678742726504,0.013966744252811969,0.012518477015573737,0.012667658143620697,0.012371523833796694,0.012259449517018295,0.012368565702774559,0.011805690914819866,0.006075573647263299,0.006122536949612956,0.006079623385266908,0.012259449517018295,0.01236856570277478,0.011805690914819644,0.0013494268517524333,0.012940065465869344,0.0013494268517524333,0.012983774940530157,0.0013494268517524333,0.0127982255175485
2023-07-30 00:00:00+00:00,-0.00044246972353634284,-0.000443113004535034,-0.00044497557531897325,-0.0020992005317578277,-0.002067590629346361,-0.002042012246901037,-0.00044246972353645386,-0.00044311300453492297,-0.0004449755753191953,-0.0020992005317580498,-0.002067590629346361,-0.00204201224690137,-0.00044246972353645386,-0.00044311300453492297,-0.0004449755753191953,-0.024817671733125102,-0.025034575165606365,-0.024893859922177852,-0.0069925945893358765,-0.006776219998208766,-0.00672866325104271,-0.024817671733125102,-0.025034575165606365,-0.024893859922177852,0.006975702071442491,0.007037031296764917,0.007519179238321572,-0.0035597724119575958,-0.0036306675929471677,-0.003314072301553228,0.006975702071442713,0.007037031296764917,0.00751917923832135,-0.002531705075434987,-0.007287293641999315,-0.002531705075435098,-0.007421875762612218,-0.002531705075434987,-0.007101992825685244
2023-07-31 00:00:00+00:00,-0.0014010394502472767,-0.002800308909407301,-0.00030381066168505555,-0.006725723716821563,-0.013490953225088642,-0.01063177695381523,-0.0003020990138243862,-0.00030253841271488113,-0.00030381066168494453,-0.010421861587046277,-0.013178688012708273,-0.01063177695381512,-0.0014010394502473877,-0.00280030890940719,-0.00030381066168505555,-0.014805138020712483,-0.020583514104017264,-0.014383822258113965,-0.01955853947438846,-0.025452774634807884,-0.018277390416791328,-0.014805138020712483,-0.020583514104017264,-0.014383822258113965,-0.019719569025187567,-0.022791567964091097,-0.013501853981360501,-0.025360055731615927,-0.034127687889117464,-0.017465201973003497,-0.019719569025187678,-0.022791567964091097,-0.013501853981360279,-0.001732158206970369,-0.01309551880292359,-0.0017321582069701469,-0.013043992810695126,-0.001732158206970258,-0.013266005517904023
2023-08-01 00:00:00+00:00,0.0,0.0,-0.0014015061624699232,0.0,0.0,-0.006798193690771059,0.0027800078157438346,0.002784052522830871,0.0027957637113362743,0.009962536481770368,0.010051345897799324,0.00726984407811293,0.0,0.0,-0.0014015061624698122,0.007447073441470442,0.0075109261898502755,0.0021283835465315537,0.012711799849713934,0.012825604459179463,0.007162811153987869,0.007447073441470442,0.0075109261898502755,0.0021283835465315537,0.023535402809605532,0.02360933026154921,0.02067038097140017,0.023673007945613556,0.023887858387470207,0.014733100095473128,0.023535402809605754,0.02360933026154899,0.02067038097140017,0.015962685768065032,0.013407564237192915,0.015962685768065032,0.01078767122770885,0.015962685768065032,0.011824056686884798
2023-08-02 00:00:00+00:00,0.0,0.0,0.0,0.0,0.0,0.0,-0.0031671130310723106,-0.003171708154735997,-0.0031850128298944735,-0.03215595159034934,-0.03238745012951583,-0.03259616868991766,0.0,0.0,0.0,-0.03936685130266715,-0.03965494233243749,-0.039602261400186856,-0.03948836499697139,-0.03986701295149375,-0.03941118309402103,-0.03936685130266715,-0.03965494233243749,-0.039602261400186856,-0.03895253376630792,-0.03907206614961645,-0.0391522760047347,-0.03917501196978734,-0.03952225980912871,-0.039373171606720936,-0.03895253376630825,-0.039072066149616,-0.03915227600473481,-0.01794946134779385,-0.03685177947980045,-0.017949461347793738,-0.03685406903871069,-0.017949461347793738,-0.0393521069807099
2023-08-03 00:00:00+00:00,0.0,0.0,0.0,0.0,0.0,0.0,5.9365290366653056e-05,5.945169676069284e-05,5.9701881463425366e-05,-0.014146379535713405,-0.014264200100230329,-0.014628153056101212,0.0,0.0,0.0,-0.014342001073403776,-0.014467223947947083,-0.014730535782926046,-0.020385227389320804,-0.020575273392076987,-0.0205286510870627,-0.014342001073403776,-0.014467223947947083,-0.014730535782926046,-0.002771478281706208,-0.0027803288371571755,-0.0029928725201970874,-0.0027879530360188642,-0.002813682371146542,-0.0030104502815067047,-0.002771478281706319,-0.0027803288371572865,-0.0029928725201969764,0.0003415143624621031,-0.012930340769482296,0.0003415143624621031,-0.012913188090404315,0.0003415143624621031,-0.012954139506896944
2023-08-04 00:00:00+00:00,0.0,0.0,0.0,0.0,0.0,0.0,-0.0005822936316507432,-0.0005831411117454,-0.0005855949403834604,-0.0013593101866852253,-0.0013802507193417801,-0.0013545016955033296,0.0,0.0,0.0,0.006359115547503347,0.006388870528873047,0.006055207425397002,-0.0034352573547239418,-0.003471757156451316,-0.0035396478516482865,0.006359115547503347,0.006388870528873047,0.006055207425397002,-0.0028792685483391978,-0.002888488961547364,-0.0029119922910689766,-0.002896431900909713,-0.0029232377841299506,-0.0029291466684109313,-0.0028792685483391978,-0.002888488961547586,-0.0029119922910691987,-0.0033488516215365305,-0.0012380389233865863,-0.0033488516215365305,-0.00121222376256791,-0.0033488516215365305,-0.001198156880622192
2023-08-05 00:00:00+00:00,0.0,0.0,0.0,0.0,0.0,0.0,-0.00017508804298260738,-0.0001753430177965365,-0.00017608128477275553,0.006743930495304307,0.006783258167927464,0.006787697931977199,0.0,0.0,0.0,0.04104782075748292,0.04132136888425353,0.04028956708221498,0.011564965719459863,0.011684854842996195,0.011310484902346207,0.04104782075748292,0.04132136888425353,0.04028956708221498,-0.00025697570180605034,-0.0002578010107314732,-0.00029956099464278907,-0.00025851198663218167,-0.0002609114763296727,-0.0003013308752919386,-0.0002569757018058283,-0.0002578010107309181,-0.00029956099464278907,-0.0010097508364148577,0.011971976122099548,-0.0010097508364148577,0.012062840730755031,-0.0010097508364149688,0.01244881036510126
2023-08-06 00:00:00+00:00,0.0,0.0,0.0,0.0,0.0,0.0,-4.2407833333757416e-05,-4.24696012620851e-05,-4.264844742496443e-05,-0.0015866344046425729,-0.0016050328308008233,-0.0015582346812391679,0.0,0.0,0.0,-0.020687510998144032,-0.02081957352129382,-0.0203909438616513,-0.0031921250897172238,-0.003210430386879959,-0.00283842976553883,-0.020687510998144032,-0.02081957352129382,-0.0203909438616513,-0.008544375834019124,-0.008571824219231527,-0.008527703549264909,-0.008595470116902093,-0.00867527347494601,-0.008578102523514874,-0.008544375834019458,-0.00857182421923175,-0.008527703549264909,-0.0002447746971128151,-0.008644751243130577,-0.0002447746971128151,-0.008631013497111928,-0.0002447746971129261,-0.008700117893486126
2023-08-07 00:00:00+00:00,0.0,0.0,0.0,0.0,0.0,0.0,0.0008302982772614431,0.0008315076760621043,0.0008350094348594794,-0.003889621624295514,-0.006484821253499695,-0.00135056896375918,0.0,0.0,0.0,-0.0058031031776075714,-0.01454111608798836,-0.0010848511357089974,-0.002814450652172673,-0.005677195621370479,0.007810556458197615,-0.0058031031776075714,-0.01454111608798836,-0.0010848511357089974,-0.005203802262895962,-0.010991797866285902,0.024955280331645957,0.0250319114547346,0.025266350317846964,0.025104042859310116,-0.00520380226289574,-0.010991797866286124,0.024955280331645957,0.004793386779136766,0.007175084120905284,0.004793386779136766,0.007180665211395931,0.004793386779136766,0.007174023549727737
2023-08-08 00:00:00+00:00,0.0,0.0,0.0,0.0,0.0,0.0,0.003521072308908968,0.0035261967838231545,0.0035410343962238855,0.023495645592748415,0.023671720856883516,0.020776177818163655,0.0,0.0,0.0,-0.002828943350169366,-0.002854029647037737,-0.009092652416320401,0.026172225147747863,0.026411501835049034,0.023676637766608666,-0.002828943350169366,-0.002854029647037737,-0.009092652416320401,0.009352625302905482,0.009407355140840679,0.004746565399679659,-0.01018835754395142,-0.010281426119364112,-0.01011613235883324,0.00935262530290526,0.0094073551408409,0.004746565399679437,0.020247292507233672,0.015189037835126262,0.020247292507233672,0.0151989649195583,0.020247292507233672,0.015410532217158268
2023-08-09 00:00:00+00:00,0.0,0.0,0.0,0.0,0.0,0.0,-0.0012308425463860573,-0.001232627587459345,-0.0012377959649346737,0.001014060300683628,0.0010067876443273782,0.0010584812691203371,0.0,0.0,0.0,-0.011582051035011198,-0.011685051466093777,-0.010578512430900244,0.0077772324294533846,0.007839615175002201,0.0076368113528046955,-0.011582051035011198,-0.011685051466093777,-0.010578512430900244,-0.009179026012267943,-0.009232239382110818,-0.008398504891979242,-0.015188847643106795,-0.015329036015636288,-0.01510783357526424,-0.009179026012267721,-0.00923223938211093,-0.00839850489197913,-0.0069617040773584105,-0.0016835817180951285,-0.0069617040773584105,-0.0016904626643483578,-0.0069617040773584105,-0.001613340116278672
2023-08-10 00:00:00+00:00,0.0,0.0,0.0,0.0,0.0,0.0,-0.0008249226428181933,-0.000826120471178915,-0.0008295886671279007,-0.001653230881717982,-0.0016627154019361878,-0.0016057484725926496,0.0,0.0,0.0,0.014897726539008671,0.015031780052753518,0.015470925282407233,0.002940092235344194,0.0029315079603600136,0.003034579106654167,0.014897726539008671,0.015031780052753518,0.015470925282407233,0.01751522642228931,0.017617713250189126,0.017571005703279186,0.002486672330646922,0.0025099808452873074,0.0023721219649477376,0.017515226422289087,0.01761771325018935,0.017571005703278963,-0.004692728283827385,-0.0014418452011060179,-0.004692728283827385,-0.0014594522283323252,-0.004692728283827385,-0.0016283411306757811
2023-08-11 00:00:00+00:00,0.0,0.0,0.0,0.0,0.0,0.0,-0.00014032822960641234,-0.00014053216158882442,-0.00014112262964049993,-0.0011684032613664685,-0.0011777591637637252,-0.0011565049947295236,0.0,0.0,0.0,0.011204377598187376,0.011303704365325684,0.012810876882031197,0.008887992354059238,0.0088989783422877,0.00952378266169096,0.011204377598187376,0.011303704365325684,0.012810876882031197,0.010769583011761785,0.010831508084540031,0.011253650937613546,-0.0020909682034147004,-0.002110518563472996,-0.0020822955590504844,0.010769583011762007,0.010831508084539365,0.011253650937613324,-0.0008013858060911261,0.0017101731273463372,-0.0008013858060910151,0.0017258927357559628,-0.0008013858060911261,0.0018099711312804523
2023-08-12 00:00:00+00:00,0.0,0.0,0.0,0.0,0.0,0.0,9.826735502760364e-05,9.841018212086716e-05,9.882372638991832e-05,0.003756834143544996,0.003784520295028404,0.0037708734982195846,0.0,0.0,0.0,-0.0042383270579184895,-0.004275479847899444,-0.003625471598133534,0.00433878584723546,0.004374433945305567,0.004267678447776202,-0.0042383270579184895,-0.004275479847899444,-0.003625471598133534,0.0005096420834262982,0.0005125411230371135,0.0007280572706465094,-0.007492404012669374,-0.007562605461364003,-0.007560089579230933,0.0005096420834265203,0.0005125411230377797,0.0007280572706467314,0.0005615560306049261,-0.0016879319461310383,0.0005615560306049261,-0.0016657899345597915,0.0005615560306049261,-0.0015509803857933768
2023-08-13 00:00:00+00:00,0.0,0.0,0.0,0.0,0.0,0.0,-0.0008392671583259403,-0.0008404868746143546,-0.0008440184622706681,-0.0119792324964072,-0.012061123938763574,-0.011990314649421352,0.0,0.0,0.0,-0.007067670495937484,-0.00712989107631723,-0.008191634681645743,-0.0198147607568111,-0.019993312021151177,-0.01986225658117724,-0.007067670495937484,-0.00712989107631723,-0.008191634681645743,-0.016919405689792222,-0.01701560045392858,-0.017027005341211265,-0.0035958890483938077,-0.0036298381315322814,-0.003505823175172784,-0.016919405689792444,-0.017015600453928914,-0.0170270053412116,-0.004793833217300536,-0.011384403072672633,-0.004793833217300425,-0.01142158709141472,-0.004793833217300647,-0.011564641030134881
2023-08-14 00:00:00+00:00,0.0,0.0,0.0,0.0,0.0,0.0,0.0007716521632423756,0.0007727745572645439,0.0007760243717997994,0.010396538261203236,0.010414110067553217,0.010464970199059564,0.0,0.0,0.0,-0.0017528175194461149,-0.003089483039585006,-0.0014715811829165704,-0.006644141048338881,-0.009835536573342685,0.004294852287302531,-0.0017528175194461149,-0.003089483039585006,-0.0014715811829165704,0.004557752606319632,0.0015425449237009836,0.005994087281844029,-0.0017577159261050745,-0.007786656012312987,-0.0017775842669781605,0.004557752606319632,0.0015425449237012057,0.0059940872818442514,0.0044251354525253195,0.0045275338062265025,0.0044251354525253195,0.004519102939873676,0.0044251354525253195,0.004534747856930199
2023-08-15 00:00:00+00:00,0.0,0.0,0.0,0.0,0.0,0.0,-0.0014007588283136974,-0.0014027947058625756,-0.001408689423239573,-0.027879125878481403,-0.02850420860879932,-0.027899376416678834,0.0,0.0,0.0,-0.007334724237796242,-0.007409681189546213,-0.00836909707937361,-0.03728656114434681,-0.037406644407480094,-0.04037461694473965,-0.007334724237796242,-0.007409681189546213,-0.00836909707937361,-0.026989244343374463,-0.027070463547043566,-0.029651496819637968,-0.03330058915006573,-0.03350280678313389,-0.0390079609756846,-0.026989244343374352,-0.027070463547043566,-0.02965149681963819,-0.008003607489621922,-0.03326873198252689,-0.008003607489622033,-0.0332907076692075,-0.008003607489621922,-0.033294109204974776
2023-08-16 00:00:00+00:00,0.0,0.0,0.0,0.0,0.0,0.0,-0.0027990700404297852,-0.0028031439529998536,-0.002814939728216337,-0.028262306574110108,-0.028767941412324194,-0.02821768716205264,0.0,0.0,0.0,-0.028639612735121278,-0.02893447909785274,-0.027442050039277133,-0.04193835094347875,-0.04207866417913453,-0.04193093298415962,-0.028639612735121278,-0.02893447909785274,-0.027442050039277133,-0.04781901003483957,-0.04796691651256879,-0.04785873219679848,-0.05046448276695348,-0.05078155070976209,-0.050440341958970736,-0.04781901003483946,-0.04796691651256879,-0.04785873219679837,-0.016099682757778955,-0.04429706028396774,-0.016099682757779066,-0.04425600559835341,-0.016099682757779066,-0.044246526882700477
2023-08-17 00:00:00+00:00,0.0,0.0,0.0,0.0,0.0,0.0,-0.012389734244096284,-0.012407817599961901,-0.012460177730908795,-0.07443629014206066,-0.07473155708165968,-0.0739244028523528,0.0,0.0,0.0,-0.028340505795375948,-0.028640986891085185,-0.026466634805637157,-0.0073769470984798025,-0.014580070517488886,-0.07570666346639798,-0.028340505795375948,-0.028640986891085185,-0.026466634805637157,-0.06540583633986918,-0.01460812180254234,-0.06558434578858341,-0.0074986296707079125,-0.014772319292802316,-0.07160449908494215,-0.06540583633986907,-0.014608121802542118,-0.06558434578858352,-0.07222659109541951,-0.0828473499576573,-0.07222659109541951,-0.082829590009866,-0.07222659109541951,-0.08318137636937739
2023-08-18 00:00:00+00:00,0.0,0.0,0.0,0.0,0.0,0.0,-0.0035020967214696164,-0.0035072724028246682,-0.0035222595925096245,-0.0072474456169321355,-0.014397618356594033,-0.0033701028569292912,0.0,0.0,0.0,0.006443892634165227,-0.005440636800163046,0.00564825974627392,0.0,0.0,0.03008745268686308,0.006443892634165227,-0.005440636800163046,0.00564825974627392,-0.007144621192711309,0.0,0.005319755321053332,0.0,0.0,-0.007161154811243131,-0.007144621192711531,0.0,0.005319755321053554,-0.021732362359764723,0.011209965285748469,-0.021732362359764723,0.01125418022876623,-0.021732362359764834,0.011423143825320725
2023-08-19 00:00:00+00:00,0.0,0.0,0.0,0.0,0.0,0.0,0.00028865633194286033,0.00028908443304831444,0.0002903241079545982,0.0,0.0,-0.007005382047038822,0.0,0.0,0.0,0.0022174414480462534,0.0,0.002443372083725137,0.0,0.0,-0.007567135725175422,0.0022174414480462534,0.0,0.002443372083725137,0.0,0.0,-0.007392036971791582,0.0,0.0,0.0,0.0,0.0,-0.007392036971791582,0.001824645887022358,0.012095471542744152,0.001824645887022358,0.012066640585929544,0.001824645887022358,0.011902933043885788
2023-08-20 00:00:00+00:00,0.0,0.0,0.0,0.0,0.0,0.0,0.0005629390209760388,0.0005637736646091351,0.0005661905820815161,0.0,0.0,0.0,0.0,0.0,0.0,-0.0013185806636727415,0.0,-0.0010940740547311645,0.0,0.0,0.0,-0.0013185806636727415,0.0,-0.0010940740547311645,0.0,0.0,0.0,0.0,0.0,0.0,0.0,0.0,0.0,0.003552977764766041,0.008068130621936787,0.003552977764766041,0.008042357032727487,0.003552977764766263,0.008013461201578087
2023-08-21 00:00:00+00:00,0.0,0.0,0.0,0.0,0.0,0.0,-0.0012699953250633333,-0.002545091386621179,-0.0003903479018729783,0.0,0.0,0.0,0.0,0.0,0.0,-0.003025936923042538,0.0,-0.00907048171059266,0.0,0.0,0.0,-0.003025936923042538,0.0,-0.00907048171059266,0.0,0.0,0.0,0.0,0.0,0.0,0.0,0.0,0.0,-0.0024422336892315766,-0.0174770295470853,-0.0024422336892315766,-0.017474625477023942,-0.0024422336892316876,-0.01755800370145255
2023-08-22 00:00:00+00:00,0.0,0.0,0.0,0.0,0.0,0.0,0.0,0.0,-0.001276155087781894,0.0,0.0,0.0,0.0,0.0,0.0,0.0,0.0,-0.0027509926700088894,0.0,0.0,0.0,0.0,0.0,-0.0027509926700088894,0.0,0.0,0.0,0.0,0.0,0.0,0.0,0.0,0.0,-0.0031796910107412257,-0.01341495104194701,-0.0031796910107412257,-0.013382174343190667,-0.0031796910107413368,-0.013219166316455255
2023-08-23 00:00:00+00:00,0.0,0.0,0.0,0.0,0.0,0.0,0.0,0.0,0.0,0.0,0.0,0.0,0.0,0.0,0.0,0.0,0.0,0.0,0.0,0.0,0.0,0.0,0.0,0.0,0.0,0.0,0.0,0.0,0.0,0.0,0.0,0.0,0.0,0.014800260040372937,0.02808790787027471,0.014800260040372937,0.028091843603595956,0.014800260040372937,0.02813431720630466
2023-08-24 00:00:00+00:00,0.0,0.0,0.0,0.0,0.0,0.0,0.0,0.0,0.0,0.0,0.0,0.0,0.0,0.0,0.0,0.0,0.0,0.0,0.0,0.0,0.0,0.0,0.0,0.0,0.0,0.0,0.0,0.0,0.0,0.0,0.0,0.0,0.0,-0.009991471018490405,-0.016313857119504838,-0.009991471018490405,-0.016287186195763415,-0.009991471018490405,-0.016175889373376773
2023-08-25 00:00:00+00:00,0.0,0.0,0.0,0.0,0.0,0.0,0.0,0.0,0.0,0.0,0.0,0.0,0.0,0.0,0.0,0.0,0.0,0.0,0.0,0.0,0.0,0.0,0.0,0.0,0.0,0.0,0.0,0.0,0.0,0.0,0.0,0.0,0.0,-0.004361038989829091,-0.012456528825096402,-0.004361038989829091,-0.012478088014447386,-0.004361038989829091,-0.012379240925308954
2023-08-26 00:00:00+00:00,0.0,0.0,0.0,0.0,0.0,0.0,0.0,0.0,0.0,0.0,0.0,0.0,0.0,0.0,0.0,0.0,0.0,0.0,0.0,0.0,0.0,0.0,0.0,0.0,0.0,0.0,0.0,0.0,0.0,0.0,0.0,0.0,0.0,-0.0015270990990575717,-0.0014641062595537324,-0.0015270990990575717,-0.0014887028818911796,-0.0015270990990574607,-0.0016179721442990402
2023-08-27 00:00:00+00:00,0.0,0.0,0.0,0.0,0.0,0.0,0.0,0.0,0.0,0.0,0.0,0.0,0.0,0.0,0.0,0.0,0.0,0.0,0.0,0.0,0.0,0.0,0.0,0.0,0.0,0.0,0.0,0.0,0.0,0.0,0.0,0.0,0.0,0.0031353795770101556,0.008346941453156731,0.0031353795770101556,0.008322434233912546,0.0031353795770101556,0.008279015408665158
2023-08-28 00:00:00+00:00,0.0,0.0,0.0,0.0,0.0,0.0,0.0,0.0,0.0,0.0,0.0,0.0,0.0,0.0,0.0,0.0,0.0,0.0,0.0,0.0,0.0,0.0,0.0,0.0,0.0,0.0,0.0,0.0,0.0,0.0,0.0,0.0,0.0,0.00037867231660082545,-0.00406129740420158,0.00037867231660082545,-0.004016665208490089,0.00037867231660082545,-0.0038558532780332833
2023-08-29 00:00:00+00:00,0.0,0.0,0.0,0.0,0.0,0.0,0.0,0.0,0.0,0.0,0.0,0.0,0.0,0.0,0.0,0.0,0.0,0.0,0.0,0.0,0.0,0.0,0.0,0.0,0.0,0.0,0.0,0.0,0.0,0.0,0.0,0.0,0.0,0.06194925566184328,0.050135927937065894,0.06194925566184328,0.050158570575017825,0.06194925566184328,0.05043770679015047
2023-08-30 00:00:00+00:00,0.0,0.0,0.0,0.0,0.0,0.0,0.0,0.0,0.0,0.0,0.0,0.0,0.0,0.0,0.0,0.0,0.0,0.0,0.0,0.0,0.0,0.0,0.0,0.0,0.0,0.0,0.0,0.0,0.0,0.0,0.0,0.0,0.0,-0.014861111812621286,-0.02465995623566386,-0.014861111812621286,-0.024682121056405437,-0.014861111812621286,-0.024791087038461224
2023-08-31 00:00:00+00:00,0.0,0.0,0.0,0.0,0.0,0.0,0.0,0.0,0.0,0.0,0.0,0.0,0.0,0.0,0.0,0.0,0.0,0.0,0.0,0.0,0.0,0.0,0.0,0.0,0.0,0.0,0.0,0.0,0.0,0.0,0.0,0.0,0.0,-0.0503042181845349,-0.03024858786195228,-0.0503042181845349,-0.030382184627270825,-0.0503042181845349,-0.03086182037817642
2023-09-01 00:00:00+00:00,0.0,0.0,0.0,0.0,0.0,0.0,0.0,0.0,0.0,0.0,0.0,0.0,0.0,0.0,0.0,0.0,0.0,0.0,0.0,0.0,0.0,0.0,0.0,0.0,0.0,0.0,0.0,0.0,0.0,0.0,0.0,0.0,0.0,-0.00530493647919883,-0.015245810307167651,-0.00530493647919883,-0.019476591276003985,-0.00530493647919883,-0.013982560130449184
2023-09-02 00:00:00+00:00,0.0,0.0,0.0,0.0,0.0,0.0,0.0,0.0,0.0,0.0,0.0,0.0,0.0,0.0,0.0,0.0,0.0,0.0,0.0,0.0,0.0,0.0,0.0,0.0,0.0,0.0,0.0,0.0,0.0,0.0,0.0,0.0,0.0,0.0028280806113463175,0.0012700985086016026,0.0028280806113463175,0.001273849852859943,0.0028280806113460955,-0.003009035879289357
2023-09-03 00:00:00+00:00,0.0,0.0,0.0,0.0,0.0,0.0,0.0,0.0,0.0,0.0,0.0,0.0,0.0,0.0,0.0,0.0,0.0,0.0,0.0,0.0,0.0,0.0,0.0,0.0,0.0,0.0,0.0,0.0,0.0,0.0,0.0,0.0,0.0,0.003943121630225477,0.00438526499538483,0.003943121630225699,0.004400717398744369,0.003943121630225477,0.004348712315664027
2023-09-04 00:00:00+00:00,0.0,0.0,0.0,0.0,0.0,0.0,0.0,0.0,0.0,0.0,0.0,0.0,0.0,0.0,0.0,0.0,0.0,0.0,0.0,0.0,0.0,0.0,0.0,0.0,0.0,0.0,0.0,0.0,0.0,0.0,0.0,0.0,0.0,-0.0059184060889116985,0.0008075679138597192,-0.0059184060889116985,0.0008063697138893655,-0.0059184060889116985,0.0007260319582433894
2023-09-05 00:00:00+00:00,0.0,0.0,0.0,0.0,0.0,0.0,0.0,0.0,0.0,0.0,0.0,0.0,0.0,0.0,0.0,0.0,0.0,0.0,0.0,0.0,0.0,0.0,0.0,0.0,0.0,0.0,0.0,0.0,0.0,0.0,0.0,0.0,0.0,-0.0012480569318484847,0.0047506419043965575,-0.0012480569318484847,0.004774738143783042,-0.0012480569318483736,0.004736454429720149
2023-09-06 00:00:00+00:00,0.0,0.0,0.0,0.0,0.0,0.0,0.0,0.0,0.0,0.0,0.0,0.0,0.0,0.0,0.0,0.0,0.0,0.0,0.0,0.0,0.0,0.0,0.0,0.0,0.0,0.0,0.0,0.0,0.0,0.0,0.0,0.0,0.0,-0.0014070790659754806,6.164383057716272e-05,-0.0014070790659755916,6.288441251922627e-05,-0.0014070790659754806,-6.796277561837982e-07
2023-09-07 00:00:00+00:00,0.0,0.0,0.0,0.0,0.0,0.0,0.0,0.0,0.0,0.0,0.0,0.0,0.0,0.0,0.0,0.0,0.0,0.0,0.0,0.0,0.0,0.0,0.0,0.0,0.0,0.0,0.0,0.0,0.0,0.0,0.0,0.0,0.0,0.020532763598047676,0.008498939202068012,0.020532763598047676,0.008535001083700422,0.020532763598047676,0.008477931716365239
2023-09-08 00:00:00+00:00,0.0,0.0,0.0,0.0,0.0,0.0,0.0,0.0,0.0,0.0,0.0,0.0,0.0,0.0,0.0,0.0,0.0,0.0,0.0,0.0,0.0,0.0,0.0,0.0,0.0,0.0,0.0,0.0,0.0,0.0,0.0,0.0,0.0,-0.014079607859553978,-0.007585420869851922,-0.014079607859553978,-0.007619489914667432,-0.014079607859554089,-0.007579740301313143
2023-09-09 00:00:00+00:00,0.0,0.0,0.0,0.0,0.0,0.0,0.0,0.0,0.0,0.0,0.0,0.0,0.0,0.0,0.0,0.0,0.0,0.0,0.0,0.0,0.0,0.0,0.0,0.0,0.0,0.0,0.0,0.0,0.0,0.0,0.0,0.0,0.0,-0.0003288770239254779,0.00041700555976453835,-0.0003288770239253669,0.00041805413522322254,-0.0003288770239254779,0.0004315780266068714
2023-09-10 00:00:00+00:00,0.0,0.0,0.0,0.0,0.0,0.0,0.0,0.0,0.0,0.0,0.0,0.0,0.0,0.0,0.0,0.0,0.0,0.0,0.0,0.0,0.0,0.0,0.0,0.0,0.0,0.0,0.0,0.0,0.0,0.0,0.0,0.0,0.0,-0.0025507938506021954,-0.019153918973895623,-0.0025507938506021954,-0.01924081727947291,-0.0025507938506023065,-0.019229827318505976
2023-09-11 00:00:00+00:00,0.0,0.0,0.0,0.0,0.0,0.0,0.0,0.0,0.0,0.0,0.0,0.0,0.0,0.0,0.0,0.0,0.0,0.0,0.0,0.0,0.0,0.0,0.0,0.0,0.0,0.0,0.0,0.0,0.0,0.0,0.0,0.0,0.0,-0.026309473299535147,-0.032523960680263975,-0.026309473299535147,-0.03267317383389212,-0.026309473299535147,-0.03264142562585204
2023-09-12 00:00:00+00:00,0.0,0.0,0.0,0.0,0.0,0.0,0.0,0.0,0.0,0.0,0.0,0.0,0.0,0.0,0.0,0.0,0.0,0.0,0.0,0.0,0.0,0.0,0.0,0.0,0.0,0.0,0.0,0.0,0.0,0.0,0.0,0.0,0.0,0.0273722235960836,0.014406750262432322,0.0273722235960836,0.014474600490395284,0.027372223596083822,0.014601056270890256
2023-09-13 00:00:00+00:00,0.0,0.0,0.0,0.0,0.0,0.0,0.0,0.0,0.0,0.0,0.0,0.0,0.0,0.0,0.0,0.0,0.0,0.0,0.0,0.0,0.0,0.0,0.0,0.0,0.0,0.0,0.0,0.0,0.0,0.0,0.0,0.0,0.0,0.014939275814309427,0.011888487883103371,0.014939275814309427,0.01194337298270387,0.014939275814309427,0.011919264691388598
2023-09-14 00:00:00+00:00,0.0,0.0,0.0,0.0,0.0,0.0,0.0,0.0,0.0,0.0,0.0,0.0,0.0,0.0,0.0,0.0,0.0,0.0,0.0,0.0,0.0,0.0,0.0,0.0,0.0,0.0,0.0,0.0,0.0,0.0,0.0,0.0,0.0,0.011671715602259436,0.015489171073573171,0.011671715602259436,0.015559948834939386,0.011671715602259436,0.015592611673214574
2023-09-15 00:00:00+00:00,0.0,0.0,0.0,0.0,0.0,0.0,0.0,0.0,0.0,0.0,0.0,0.0,0.0,0.0,0.0,0.0,0.0,0.0,0.0,0.0,0.0,0.0,0.0,0.0,0.0,0.0,0.0,0.0,0.0,0.0,0.0,0.0,0.0,0.002625433614897199,0.01743551198612292,0.002625433614897199,0.01751308129816387,0.002625433614897421,0.017554165518805842
2023-09-16 00:00:00+00:00,0.0,0.0,0.0,0.0,0.0,0.0,0.0,0.0,0.0,0.0,0.0,0.0,0.0,0.0,0.0,0.0,0.0,0.0,0.0,0.0,0.0,0.0,0.0,0.0,0.0,0.0,0.0,0.0,0.0,0.0,0.0,0.0,0.0,-0.0012303391947047215,-0.005562433878274375,-0.0012303391947048326,-0.005587501112606197,-0.0012303391947048326,-0.005571411780115776
2023-09-17 00:00:00+00:00,0.0,0.0,0.0,0.0,0.0,0.0,0.0,0.0,0.0,0.0,0.0,0.0,0.0,0.0,0.0,0.0,0.0,0.0,0.0,0.0,0.0,0.0,0.0,0.0,0.0,0.0,0.0,0.0,0.0,0.0,0.0,0.0,0.0,-0.0014580523897719244,-0.01658313864148886,-0.0014580523897720354,-0.016658098715293224,-0.0014580523897719244,-0.016647411402315626
2023-09-18 00:00:00+00:00,0.0,0.0,0.0,0.0,0.0,0.0,0.0,0.0,0.0,0.0,0.0,0.0,0.0,0.0,0.0,0.005002291162833128,0.0,0.0,0.0,0.0,0.0,0.005002291162833128,0.0,0.0,0.0,0.0,0.0,0.0,0.0,0.0,0.0,0.0,0.0,0.00880254947523551,0.024924627051881032,0.00880254947523551,0.025033715917753163,0.00880254947523551,0.024927577469975537
2023-09-19 00:00:00+00:00,0.0,0.0,0.0,0.0,0.0,0.0,0.0,0.0,0.0,0.0,0.0,0.0,0.0,0.0,0.0,0.004259593081416657,0.0,0.0,0.0,0.0,0.0,0.004259593081416657,0.0,0.0,0.0,0.0,0.0,0.0,0.0,0.0,0.0,0.0,0.0,0.016874597647853484,0.01639910652756038,0.016874597647853706,0.016472508732872537,0.016874597647853484,0.016382749707225308
2023-09-20 00:00:00+00:00,0.0,0.0,0.0,0.0,0.0,0.0,0.0,0.0,0.0,0.0,0.0,0.0,0.0,0.0,0.0,-0.003497741326739301,0.0,0.0,0.0,0.0,0.0,-0.003497741326739301,0.0,0.0,0.0,0.0,0.0,0.0,0.0,0.0,0.0,0.0,0.0,-0.003387329499087599,-0.005539555156539144,-0.00338732949908771,-0.005561927493037744,-0.003387329499087488,-0.005556333626166476
2023-09-21 00:00:00+00:00,0.0,0.0,0.0,0.0,0.0,0.0,0.0,0.0,0.0,0.0,0.0,0.0,0.0,0.0,0.0,-0.009660570540676816,0.0,0.0,0.0,0.0,0.0,-0.009660570540676816,0.0,0.0,0.0,0.0,0.0,0.0,0.0,0.0,0.0,0.0,0.0,-0.0206238474203968,-0.02497979947585327,-0.0206238474203968,-0.025089013212779232,-0.020623847420396912,-0.02503752075375576
2023-09-22 00:00:00+00:00,0.0,0.0,0.0,0.0,0.0,0.0,0.0,0.0,0.0,0.0,0.0,0.0,0.0,0.0,0.0,-0.0005593949399244069,0.0,0.0,0.0,0.0,0.0,-0.0005593949399244069,0.0,0.0,0.0,0.0,0.0,0.0,0.0,0.0,0.0,0.0,0.0,0.0005217481650350297,0.0063845164001328225,0.0005217481650350297,0.00641321345132817,0.0005217481650350297,0.006293728998134851
2023-09-23 00:00:00+00:00,0.0,0.0,0.0,0.0,0.0,0.0,0.0,0.0,0.0,0.0,0.0,0.0,0.0,0.0,0.0,0.00040412253459054526,0.0,0.0,0.0,0.0,0.0,0.00040412253459054526,0.0,0.0,0.0,0.0,0.0,0.0,0.0,0.0,0.0,0.0,0.0,4.514944466182946e-05,0.006491362169716242,4.514944466182946e-05,0.006524226892874685,4.514944466182946e-05,0.006463506046001877
2023-09-24 00:00:00+00:00,0.0,0.0,0.0,0.0,0.0,0.0,0.0,0.0,0.0,0.0,0.0,0.0,0.0,0.0,0.0,-0.005246589107117061,0.0,0.0,0.0,0.0,0.0,-0.005246589107117061,0.0,0.0,0.0,0.0,0.0,0.0,0.0,0.0,0.0,0.0,0.0,-0.012391458110731501,-0.016323315861916154,-0.012391458110731501,-0.01639739117035821,-0.01239145811073139,-0.016334894606464978
2023-09-25 00:00:00+00:00,0.0,0.0,0.0,0.0,0.0,0.0,0.0,0.0,0.0,0.0,0.0,0.0,0.0,0.0,0.0,0.015463819376875909,0.0,0.0,0.0,0.0,0.0,0.015463819376875909,0.0,0.0,0.0,0.0,0.0,0.0,0.0,0.0,0.0,0.0,0.0,0.0017462697483907608,0.014877673999145191,0.0017462697483907608,0.01494140519832654,0.0017462697483907608,0.01476845777328184
2023-09-26 00:00:00+00:00,0.0,0.0,0.0,0.0,0.0,0.0,0.0,0.0,0.0,0.0,0.0,0.0,0.0,0.0,0.0,-2.4447220336232256e-05,0.0,0.0,0.0,0.0,0.0,-2.4447220336232256e-05,0.0,0.0,0.0,0.0,0.0,0.0,0.0,0.0,0.0,0.0,0.0,-0.0033328161459809102,-0.005411333908659111,-0.0033328161459807992,-0.005435080310696394,-0.0033328161459809102,-0.005336385596638071
2023-09-27 00:00:00+00:00,0.0,0.0,0.0,0.0,0.0,0.0,0.0,0.0,0.0,0.0,0.0,0.0,0.0,0.0,0.0,0.019725442117867642,0.0,0.0,0.0,0.0,0.0,0.019725442117867642,0.0,0.0,0.0,0.0,0.0,0.0,0.0,0.0,0.0,0.0,0.0,0.0056920595044955835,0.010820066050397648,0.0056920595044955835,0.010865131044851983,0.0056920595044955835,0.01089539194613609
2023-09-28 00:00:00+00:00,0.0,0.0,0.0,0.0,0.0,0.0,0.0,0.0,0.0,0.0,0.0,0.0,0.0,0.0,0.0,0.012232759028359297,0.0,0.0,0.0,0.0,0.0,0.012232759028359297,0.0,0.0,0.0,0.0,0.0,0.0,0.0,0.0,0.0,0.0,0.0,0.025401382977674025,0.025770618027400882,0.025401382977674025,0.025882117262882254,0.025401382977674247,0.025880688608737934
2023-09-29 00:00:00+00:00,0.0,0.0,0.0,0.0,0.0,0.0,0.0,0.0,0.0,0.0,0.0,0.0,0.0,0.0,0.0,0.00037076414062497953,0.0,0.0,0.0,0.0,0.0,0.00037076414062497953,0.0,0.0,0.0,0.0,0.0,0.0,0.0,0.0,0.0,0.0,0.0,-0.00444516141922513,0.004523861849696331,-0.00444516141922513,0.004542752597403332,-0.004445161419225241,0.004475446942996841
2023-09-30 00:00:00+00:00,0.0,0.0,0.0,0.0,0.0,0.0,0.0,0.0,0.0,0.0,0.0,0.0,0.0,0.0,0.0,0.005109908987577683,0.0,0.0,0.0,0.0,0.0,0.005109908987577683,0.0,0.0,0.0,0.0,0.0,0.0,0.0,0.0,0.0,0.0,0.0,0.002006912699297425,0.009180257329179708,0.002006912699297647,0.009218175651556582,0.002006912699297647,0.009113850703527326
2023-10-01 00:00:00+00:00,0.0,0.0,0.0,0.0,0.0,0.0,0.0,0.0,0.0,0.0,0.0,0.0,0.0,0.0,0.0,0.003275481389948709,0.0,0.0,0.0,0.0,0.0,0.003275481389948709,0.0,0.0,0.0,0.0,0.0,0.0,0.0,0.0,0.0,0.0,0.0,0.03836875486814284,0.026915966086475285,0.03836875486814284,0.02497942578585355,0.03836875486814284,0.03270090089632194
2023-10-02 00:00:00+00:00,-0.004599640884629053,-0.0060396408846291605,0.0,-0.03878694626572532,-0.04598694626572519,0.0,0.0,0.0,0.0,0.0,0.0,0.0,-0.004599640884629164,-0.0060396408846291605,0.0,-0.03902556139263502,-0.04598694626572508,0.0,-0.03878694626572554,-0.045986946265725526,0.0,-0.03902556139263502,-0.04598694626572508,0.0,-0.0316057237474594,-0.038805723747459386,0.0,0.0,0.0,0.0,0.0,0.0,0.0,-0.017553560470161877,-0.024985377847031365,-0.017553560470161877,-0.025086875106236528,-0.017553560470161877,-0.026679676721273915
2023-10-03 00:00:00+00:00,-0.0004849660847877635,-0.00048566867936894464,-0.0019312952756378454,0.00921613403393251,0.009285688810761306,0.0011790301648602064,0.0,0.0,0.0,0.0,0.0,0.0,-0.00048496608478765246,-0.0004856686793688336,-0.0019312952756378454,0.009218797269467283,0.009285688810761084,0.0011790301648606505,0.009216134033932288,0.009285688810761306,0.0011790301648604284,0.009218797269467283,0.009285688810761084,0.0011790301648606505,-0.012681081644347114,-0.012776071585605786,-0.019958384224680437,0.0,0.0,0.0,0.0,0.0,0.0,-0.0027297807885678926,3.0566021508304786e-05,-0.0027297807885677816,9.345632603352527e-07,-0.0027297807885678926,-1.8387976006395412e-05
2023-10-04 00:00:00+00:00,0.0023122030592475085,0.0023155544909516657,0.0023460860224222557,0.001380005646200999,0.001390324820006672,0.0016558741843841762,0.0,0.0,0.0,0.0,0.0,0.0,0.0023122030592475085,0.0023155544909516657,0.0023460860224222557,0.001380400791051839,0.001390324820006672,0.0016558741843841762,0.001380005646200999,0.00139032482000645,0.0016558741843841762,0.001380400791051839,0.001390324820006672,0.0016558741843841762,0.005803515244903856,0.0058475501208057334,0.006000445266064025,0.0,0.0,0.0,0.0,0.0,0.0,0.013044242289900865,-0.0015170743974923795,0.013044242289900865,-0.0015095019788760045,0.013044242289900865,-0.0016374916556533003
2023-10-05 00:00:00+00:00,-0.0024100299181528673,-0.002413515075306183,-0.002445263771908013,-0.01786626446856454,-0.017999676326220126,-0.018001346003398866,0.0,0.0,0.0,0.0,0.0,0.0,-0.0024100299181526452,-0.002413515075306072,-0.002445263771908124,-0.01787137316544629,-0.017999676326220015,-0.0180013460033992,-0.01786626446856454,-0.017999676326219904,-0.018001346003399088,-0.01787137316544629,-0.017999676326220015,-0.0180013460033992,-0.016219478973950152,-0.016341830779811217,-0.016419804063013244,0.0,0.0,0.0,0.0,0.0,0.0,-0.013452094973323558,-0.013918471440615532,-0.013452094973323558,-0.013973399944585907,-0.013452094973323558,-0.013902890513409538
2023-10-06 00:00:00+00:00,0.003439740753591991,0.0034447270155093523,0.0034901519135224213,0.018303713125271015,0.018442896782040696,0.018401661916413792,0.0,0.0,0.0,0.0,0.0,0.0,0.003439740753591769,0.0034447270155093523,0.0034901519135226433,0.01830904214351703,0.018442896782040696,0.018401661916414014,0.018303713125271015,0.018442896782040474,0.018401661916413792,0.01830904214351703,0.018442896782040696,0.018401661916414014,0.017446704678810487,0.017580500543737276,0.01767906078325554,0.0,0.0,0.0,0.0,0.0,0.0,0.01941453969217477,0.013788082680551428,0.01941453969217477,0.013852292457442461,0.01941453969217477,0.013733792426309677
2023-10-07 00:00:00+00:00,0.00020134477226130265,0.00020163564048480964,0.00020428531991467658,-0.005851431829332454,-0.005895121071179066,-0.005957704037980127,0.0,0.0,0.0,0.0,0.0,0.0,0.0002013447722615247,0.00020163564048480964,0.00020428531991467658,-0.005853104808590137,-0.005895121071178955,-0.005957704037980127,-0.005851431829332565,-0.005895121071178844,-0.005957704037980127,-0.005853104808590137,-0.005895121071178955,-0.005957704037980127,-0.004991907646942573,-0.00502952836213344,-0.005128225025496147,0.0,0.0,0.0,0.0,0.0,0.0,0.001118619067266513,-0.004388543206028883,0.001118619067266513,-0.004406929911540347,0.001118619067266513,-0.004364013436037317
2023-10-08 00:00:00+00:00,-0.0002761332642809977,-0.00027653209360911646,-0.0002801652397368404,0.000959620783985704,0.0009668282034605014,0.0011308149703690429,0.0,0.0,0.0,0.0,0.0,0.0,-0.00027613326428110874,-0.0002765320936092275,-0.0002801652397369514,0.0009598967639106171,0.0009668282034602793,0.0011308149703690429,0.000959620783985704,0.0009668282034600573,0.0011308149703690429,0.0009598967639106171,0.0009668282034602793,0.0011308149703690429,0.0007221484115282895,0.0007276182786166707,0.0009744984391990563,0.0,0.0,0.0,0.0,0.0,0.0,-0.0015327187922118402,-0.0016491482379177302,-0.0015327187922118402,-0.0016499675640589961,-0.0015327187922118402,-0.0017527020748132616
2023-10-09 00:00:00+00:00,-0.002169996924542672,-0.0021731319970615948,-0.0022016911368260006,-0.03159902168861539,-0.03176502167753237,-0.03169891411015646,0.0,0.0,0.0,0.0,0.0,0.0,-0.00216999692454245,-0.0021731319970613727,-0.0022016911368261116,-0.03159949815068119,-0.031765021677532146,-0.03169891411015624,-0.03591828006124409,-0.038934181782640076,-0.03169891411015635,-0.03159949815068119,-0.031765021677532146,-0.03169891411015624,-0.03918411175893455,-0.04506618598637502,-0.03396130472690029,-0.04130427814203441,-0.048504278142034285,0.0,-0.04130427814203419,-0.048504278142034174,0.0,-0.012060049653552896,-0.03478087668583407,-0.012060049653552896,-0.03493001207698876,-0.012060049653552785,-0.03485670169435573
2023-10-10 00:00:00+00:00,-0.0013129118694844566,-0.0013148128114294222,-0.001332130111369123,-0.005415970947883708,-0.005416896278619743,-0.005535846572795933,0.0,0.0,0.0,0.0,0.0,0.0,-0.0013129118694846786,-0.0013148128114297553,-0.001332130111368901,-0.0071081669682475646,-0.005416896278619743,-0.005535846572796155,-0.009195226662297329,-0.00922407654627111,-0.012100880500911737,-0.0071081669682475646,-0.005416896278619743,-0.005535846572796155,0.0009502066584239355,0.000956058476288435,-0.004841127961611513,-0.005368689397424187,-0.005409314449931868,-0.012517229784988149,-0.005368689397424076,-0.00540931444993209,-0.01251722978498837,-0.007369729753625931,-0.006351463543039615,-0.007369729753625931,-0.006377218270231966,-0.007369729753625931,-0.006429368547357428
2023-10-11 00:00:00+00:00,-0.0033877554790009423,-0.0033926670081634303,-0.003437411173375371,-0.004121878614156582,-0.0041225866818555,-0.003991217678586234,0.0,0.0,0.0,0.0,0.0,0.0,-0.0033877554790007203,-0.003392667008163208,-0.003437411173375482,0.0,-0.004122586681855833,-0.003991217678586345,-0.002492255006061095,-0.002500147216638715,-0.0023401631506726472,0.0,-0.004122586681855833,-0.003991217678586345,-0.009098382785851178,-0.009154361371698228,-0.00899074156437285,-0.0057581413568879025,-0.0058019503822125396,-0.005625333980076919,-0.0057581413568877915,-0.0058019503822123175,-0.005625333980076808,-0.019132422575017682,-0.006525520391042483,-0.01913242257501746,-0.0065501893718683535,-0.01913242257501757,-0.0065824078215197535
2023-10-12 00:00:00+00:00,-0.0007697491457513417,-0.0007708689182777118,-0.000781070584961574,-0.0165880254288856,-0.016590886761827517,-0.016777312378887688,0.0,0.0,0.0,0.0,0.0,0.0,-0.0007697491457513417,-0.0007708689182779338,-0.000781070584961574,0.0,-0.016590886761827406,-0.016777312378887688,-0.013602293132688015,-0.013645475403523566,-0.013765851163219933,0.0,-0.016590886761827406,-0.016777312378887688,-0.01459936602241585,-0.014690019759774575,-0.014775238520239431,-0.012735094978451933,-0.012832551420095317,-0.012893779175548459,-0.012735094978451933,-0.012832551420095206,-0.01289377917554857,-0.004416954884014057,-0.012681470294207076,-0.004416954884014057,-0.012739968914570743,-0.004416954884014057,-0.012650741578802749
2023-10-13 00:00:00+00:00,0.000733603521597681,0.0007346715355174283,0.000744401766625824,0.009080580470112842,-0.014394258863252962,0.009179707143020854,0.0,0.0,0.0,0.0,0.0,0.0,0.000733603521597459,0.0007346715355174283,0.000744401766625602,0.0,0.009082173240179126,0.009179707143021076,0.010318899381887237,0.010352111278995713,0.010427160274841585,0.0,0.009082173240179126,0.009179707143021076,0.00979340321067701,0.009855121299637615,0.009885685136344913,0.010935169421102175,0.011019939590646732,0.011034786865803614,0.010935169421102175,0.01101993959064651,0.011034786865803614,0.004224966178214995,0.008861121684706541,0.004224966178215217,0.008906155511020808,0.004224966178215217,0.008902046909346373
2023-10-14 00:00:00+00:00,-7.666640479819797e-05,-7.677793735472171e-05,-7.779405317509536e-05,0.0039563216691747005,0.0,0.004020189486887871,0.0,0.0,0.0,0.0,0.0,0.0,-7.666640479808695e-05,-7.677793735461069e-05,-7.779405317509536e-05,0.0,0.0039570093779002224,0.004020189486887649,0.0013262356070997683,0.0013304604273540743,0.0013629301563560237,0.0,0.0039570093779002224,0.004020189486887649,0.007654844215033707,0.00770261431158481,0.007728053354904896,0.0008303783894787475,0.0008367453748636677,0.0008689593819508623,0.0008303783894785255,0.0008367453748634457,0.0008689593819508623,-0.0004400017421386515,0.005419562337689587,-0.00044000174213887355,0.005434491074110426,-0.0004400017421386515,0.005414841004383719
2023-10-15 00:00:00+00:00,0.0021692677560358753,0.0021724238001528118,0.002201176929069959,0.004665842553250865,0.0,0.004663393562384099,0.0,0.0,0.0,0.0,0.0,0.0,0.0021692677560358753,0.0021724238001528118,0.002201176929069959,0.0,0.00466665039799441,0.004663393562384099,0.004956460155939979,0.004972228342313034,0.00495177865148011,0.0,0.00466665039799441,0.004663393562384099,0.0024988784745390014,0.0025143535406519923,0.0024829134644732687,0.00480707343463993,0.004843901196775358,0.004796847511451041,0.004807073434640152,0.00484390119677558,0.004796847511451041,0.012454327862173376,0.004283917097367862,0.012454327862173376,0.004304599797204434,0.012454327862173376,0.0042566437693427606
2023-10-16 00:00:00+00:00,0.00863518163838961,0.008647717636942831,0.008761923171714203,0.036534973949635896,0.0,0.0367012898629564,0.0,0.0,0.0,0.0,0.0,0.0,0.00863518163838961,0.008647717636942609,0.008761923171714425,0.0,-0.0143341479011877,0.03670128986295618,0.039677051208134806,0.03837919169241122,0.04506460659291189,0.0,-0.0143341479011877,0.03670128986295618,0.03219223233909618,0.029202629987467033,0.034918320152655724,0.04586284621270642,0.04621251508675761,0.04604732647331011,0.04586284621270664,0.04621251508675761,0.04604732647331011,0.04907318548097872,0.03256424869283259,0.04907318548097872,0.03273779451976022,0.04907318548097872,0.03274388702046083
2023-10-17 00:00:00+00:00,-0.0007149404996872333,-0.000715969505541425,-0.0007253427834880144,-0.011825970868734714,0.0,-0.012188305606530725,0.0,0.0,0.0,0.0,0.0,0.0,-0.0007149404996873443,-0.000715969505541203,-0.0007253427834879034,0.0,0.0,-0.007221566278990399,-0.009282447849259134,-0.009323471131920447,-0.010731520598693423,0.0,0.0,-0.007221566278990399,-0.012403862585658176,-0.012439892771309746,-0.015504250091331273,-0.012447362367133175,-0.012538071996803235,-0.012551961258345123,-0.012447362367132953,-0.012538071996803346,-0.012551961258344901,-0.0039063486141771575,-0.01695942634766001,-0.0039063486141771575,-0.017022792135022335,-0.0039063486141771575,-0.016992034903841713
2023-10-18 00:00:00+00:00,-0.0005286420346147791,-0.0005294034483234178,-0.0005363392850737947,-0.005319040117484408,0.0,-0.00519164091249702,0.0,0.0,0.0,0.0,0.0,0.0,-0.0005286420346146681,-0.0005294034483234178,-0.0005363392850737947,0.0,0.0,0.0,-0.0036360924069204215,-0.0036523131568683143,-0.0036593627568287657,0.0,0.0,0.0,-0.005582564496934839,-0.00559898474692333,-0.005367814687569528,-0.008906464592938867,-0.008972194201588235,-0.008942127842043512,-0.0089064645929392,-0.008972194201588235,-0.008942127842043623,-0.0028976906123907575,-0.006098446162563831,-0.0028976906123907575,-0.006130393173828352,-0.0028976906123906465,-0.006131065335186148
2023-10-19 00:00:00+00:00,0.0026268104477100707,0.0026305958994321532,0.0026650784377306724,0.025421689718925666,0.0,0.025321305586042175,0.0,0.0,0.0,0.0,0.0,0.0,0.0026268104477098486,0.002630595899431931,0.0026650784377304504,0.0,0.0,0.0,0.013983018577769624,0.014045626030672498,0.014045601331651225,0.0,0.0,0.0,0.015042443626682056,0.015086937769960285,0.01435416249249899,0.01854333123883678,0.0186814197722196,0.018641341494695318,0.018543331238836558,0.0186814197722196,0.018641341494695096,0.014432769868226059,0.02231661316559963,0.014432769868225837,0.02240561582752809,0.014432769868225837,0.022501474868457327
2023-10-20 00:00:00+00:00,0.006084029588081297,0.006092774175848303,0.006172427568955197,0.031032288067532443,0.0,0.030409236748253132,0.0,0.0,0.0,0.0,0.0,0.0,0.006084029588081297,0.006092774175848303,0.006172427568955197,0.0,0.0,0.0,0.03935665340559802,0.03953042779328553,0.039561212536905366,0.0,0.0,0.0,0.03661307038796502,0.036719758828633875,0.035904622396690566,0.043970945152661534,0.04429238319678319,0.04426545562583328,0.04397094515266198,0.04429238319678319,0.044265455625833505,0.03303910794164966,0.028094885132040615,0.03303910794164966,0.028252712549320602,0.03303910794164944,0.02814898783853126
2023-10-21 00:00:00+00:00,0.0015294055333650025,0.0015315904388293333,0.001551490730129057,0.053477562029278225,0.0,0.05345641702298298,0.0,0.0,0.0,0.0,0.0,0.0,0.0015294055333652246,0.0015315904388293333,0.001551490730129057,0.0,0.0,0.0,0.05158193766228525,0.051801030434718065,0.05226030302617257,0.0,0.0,0.0,0.05565612994986857,0.05581256456053629,0.05552639799914605,0.05506191062993904,0.05544735405585266,0.055849266631192496,0.055061910629938815,0.05544735405585266,0.055849266631192496,0.008088670505003837,0.04190231959946367,0.008088670505003837,0.042118583359556316,0.008088670505003837,0.04156583822403381
2023-10-22 00:00:00+00:00,0.0005044018308486553,0.0005051213162652335,0.0005116743016848613,0.030402777356066668,0.0,0.030980128770710547,0.0,0.0,0.0,0.0,0.0,0.0,0.0005044018308486553,0.0005051213162652335,0.0005116743016848613,0.0,0.0,0.0,0.02591156326654942,0.026016201505504544,0.026315346864727696,0.0,0.0,0.0,0.03120253482334623,0.03128560074571607,0.03198018701830918,0.0271072004854076,0.027286987142757457,0.02756035306136706,0.0271072004854076,0.027286987142757457,0.02756035306136706,0.002650306568055205,0.02118335729293186,0.002650306568055205,0.02129111284316587,0.002650306568055205,0.02072649686165251
2023-10-23 00:00:00+00:00,0.019600348541295443,0.01962829262152077,0.019882802045943615,0.05939698976868013,0.0,0.06253550606302216,0.017058087263957633,0.015618087263957525,0.0,0.05549305067977639,0.04829305067977585,0.0,0.01960034854129522,0.01962829262152077,0.019882802045943615,0.0,0.04829305067977607,0.0,0.05715846006715708,0.05248182386614397,0.058668203827513254,0.0,0.04829305067977607,0.0,0.05995321594200731,0.05400609768912501,0.07018067132043115,0.06294029921723787,0.059929091294254944,0.06756238242908585,0.06294029921723787,0.059929091294255166,0.06756238242908563,0.10276678392822336,0.06406682718668377,0.10276678392822314,0.06432505054739113,0.10276678392822336,0.06430205738453565
2023-10-24 00:00:00+00:00,0.005205410610813921,0.005212689064795439,0.004302828252826352,-0.004037040242137135,0.0,-0.005080234008577156,0.0049249387304368675,0.004931921583401833,0.0031460122153390557,-0.003301982680541271,-0.0033246617160309633,-0.010270511394413817,0.005205410610814143,0.005212689064795661,0.00430282825282613,0.0,-0.0033246617160309633,-0.010270511394413928,-0.0034696170672948723,-0.003466985790052779,-0.008176786064562958,0.0,-0.0033246617160309633,-0.010270511394413928,-0.015886162272417348,-0.015964130120308728,-0.021313647862076013,-0.013798125116808113,-0.013851433750348474,-0.016882655751441655,-0.013798125116807891,-0.013851433750348474,-0.016882655751441544,0.025234241972365457,-0.010086176694736548,0.025234241972365457,-0.0101424474085956,0.025234241972365457,-0.010193862528848574
2023-10-25 00:00:00+00:00,0.0036210232658033803,0.003626060098209871,0.003163084681637951,0.027097291714152538,0.0,0.028196359563400053,0.0034268756666584466,0.0034317106365207017,0.0031668896929308854,0.0272325381959706,0.027420203591664416,0.026950706505201483,0.0036210232658033803,0.003626060098209871,0.003163084681638173,0.0,0.027420203591664194,0.026950706505201705,0.027068800396623294,0.027201654900040673,0.02681541299032686,0.0,0.027420203591664194,0.026950706505201705,0.02884797669931416,0.029021323019856604,0.02880237966443433,0.029935645574946657,0.030053379346844267,0.029792619529766418,0.029935645574946435,0.030053379346844045,0.029792619529766418,0.017210690715194543,0.02219178127747501,0.017210690715194543,0.02230374869257501,0.017210690715194543,0.022064700340019616
2023-10-26 00:00:00+00:00,-0.0021730685635965585,-0.0021760803743865464,-0.0018991144608759836,-0.001234008077626858,0.0,-0.0010824863234148996,-0.0020569535414458606,-0.0020598457665063075,-0.001901391775748107,-0.0012378650711704076,-0.0012461678082303917,-0.0012915150474926973,-0.0021730685635965585,-0.0021760803743865464,-0.0018991144608759836,0.0,-0.0012461678082301697,-0.0012915150474926973,-0.0011648373312507232,-0.0011772829680609664,-0.0012458014017843189,0.0,-0.0012461678082301697,-0.0012915150474926973,-0.006839305098220838,-0.006882129274049409,-0.0069491931969103415,-0.005032384685320634,-0.005087715748044452,-0.005116728649941171,-0.0050323846853207455,-0.005087715748044341,-0.005116728649941171,-0.010190588109144971,0.0009835762714538454,-0.010190588109145193,0.0009688518277246594,-0.010190588109145082,0.0010206973879840486
2023-10-27 00:00:00+00:00,-0.0015397705129661654,-0.0015419092448487604,-0.0013452855908913097,-0.008219552270191666,0.0,-0.008651916397203085,-0.0014573253421236165,-0.001459378676232359,-0.0013469018574310265,-0.008859674916829041,-0.008919173593144869,-0.008575380042306624,-0.0015397705129660544,-0.0015419092448486493,-0.0013452855908914207,0.0,-0.008919173593145091,-0.008575380042306735,-0.008796252843188523,-0.008839533336341354,-0.008525968005723694,0.0,-0.008919173593145091,-0.008575380042306735,-0.013202695062341396,-0.01328002571109077,-0.012927618043937716,-0.010793133223948814,-0.010866770914266244,-0.010511450329623306,-0.010793133223948814,-0.010866770914266133,-0.010511450329623306,-0.007279230302350892,-0.017044460003485917,-0.007279230302350781,-0.017092528480358693,-0.00727923030235067,-0.017319109509510655
2023-10-28 00:00:00+00:00,0.0011123516774633746,0.0011138991131873777,0.0009716637939496398,-0.0036297485612279967,0.0,-0.003772359345802556,0.0010527052127513592,0.0010541906152181646,0.0009728327545086568,-0.0035727040042941027,-0.003596913039363492,-0.0036832874331622634,0.0011123516774633746,0.0011138991131871556,0.0009716637939494177,0.0,-0.0035969130393632698,-0.0036832874331622634,-0.0036039874597778576,-0.003615900159126051,-0.0036970232779510726,0.0,-0.0035969130393632698,-0.0036832874331622634,0.0019278104130269202,0.001941273988436798,0.0018277896718355002,-0.00045617543214337974,-0.00042683657779196693,-0.0005630440304975615,-0.0004561754321431577,-0.0004268365777923,-0.0005630440304974504,0.005289020350031537,0.0037761206138013925,0.005289020350031537,0.003780192781045688,0.005289020350031537,0.003953901666654325
2023-10-29 00:00:00+00:00,0.002782343321961367,0.00278620964138665,0.002430780034648361,0.017038131131245082,0.0,0.017663707353905878,0.002633305543614073,0.0026370173134042663,0.0024337015435100806,0.017754879914952948,0.017875623236222715,0.017563621708502453,0.002782343321961145,0.00278620964138665,0.002430780034648139,0.0,0.017875623236222715,0.01756362170850223,0.017636046141798367,0.017722881463967388,0.017468458146516097,0.0,0.017875623236222715,0.01756362170850223,0.015765591256451383,0.015861148072558118,0.015690208412572293,0.014779717371847134,0.014842771094573104,0.014601894988445885,0.014779717371847134,0.014842771094573326,0.014601894988446107,0.013174547944546422,0.014846418121219118,0.013174547944546422,0.01490593713629984,0.013174547944546422,0.014867414602691253
2023-10-30 00:00:00+00:00,-0.00047911928009714,-0.0007508858500689941,-0.00021972252694946182,0.021677371767200748,0.0,0.022814540886845425,-0.0003879211153638984,-0.0005683017586211037,-0.00021998596619465793,0.022051977339279327,0.021838705343486975,0.022359423771081577,-0.00047911928009714,-0.0007508858500689941,-0.00021972252694923977,0.0,0.021838705343486975,0.0223594237710818,0.02210978244022921,0.02195600109445084,0.022316009939778336,0.0,0.021838705343486975,0.0223594237710818,0.012022267935469344,0.006143129732861796,0.015073324945728883,0.015554211462277756,0.01559634880813543,0.015283059209811212,0.015554211462277978,0.015596348808135208,0.01528305920981099,-0.0011782427301642029,0.018315309544776337,-0.0011782427301642029,0.018380293592083152,-0.001178242730164314,0.018407951180282156
2023-10-31 00:00:00+00:00,0.0008479592120038681,0.0008481898321397452,0.0008782730969847385,0.028757130255774088,0.0,0.02726803461636429,0.0008478818496695517,0.0008480348781092495,0.0008793263458923839,0.02887979681165964,0.02888585813943112,0.027934943359756437,0.0008479592120038681,0.0008481898321397452,0.0008782730969847385,0.0,0.02888585813943112,0.02793494335975666,0.028878156577092584,0.028882523717806086,0.02790527937140097,0.0,0.02888585813943112,0.02793494335975666,0.01612214549824853,0.016216358085886062,0.009450664281362542,0.02262189487454691,0.02268652838741403,0.02210245614916917,0.02262189487454669,0.02268652838741403,0.022102456149168948,0.004714181886072755,0.018407021158602266,0.004714181886072533,0.018488089666180096,0.004714181886072755,0.018482760058872172
2023-11-01 00:00:00+00:00,0.004083282727270765,0.004084392319750663,0.004229128829061235,0.028520819206907966,0.0,0.027514891816419196,0.004082910510462723,0.004083646782881978,0.004234196059253348,0.028555537391192543,0.028561362402541146,0.028141451515466986,0.004083282727270765,0.004084392319750663,0.004229128829061235,0.0,0.028561362402540924,0.028141451515466986,0.02855396109358166,0.02855815799039574,0.028142257971952134,0.0,0.028561362402540924,0.028141451515466986,0.0458713026439348,0.046135082111834924,0.04554010869053515,0.026985773822283177,0.02708571209601618,0.026609453184211596,0.026985773822283177,0.02708571209601618,0.026609453184211818,0.022613427822854915,0.025706181490491753,0.022613427822855137,0.02101548310502377,0.022613427822855137,0.02258969738953076
2023-11-02 00:00:00+00:00,-0.0025431651925119647,-0.0025438534618265063,-0.0026336190579298036,-0.021668543718463718,0.0,-0.02154004652029151,-0.002542934309741951,-0.002543391012798768,-0.0026367612857484124,-0.022015012501370945,-0.02201937861635017,-0.0220395604365059,-0.0025431651925120757,-0.0025438534618266173,-0.0026336190579298036,0.0,-0.022019378616350282,-0.0220395604365059,-0.022013830985023075,-0.022016976767601393,-0.02204017474166564,0.0,-0.022019378616350282,-0.0220395604365059,-0.02429808597629579,-0.024431648375754067,-0.02427614582453208,-0.02744530935793399,-0.02757113389754584,-0.027585389390849757,-0.027445309357933878,-0.02757113389754562,-0.027585389390849646,-0.013828967751219778,-0.016452399895796388,-0.013828967751219778,-0.01651958936293796,-0.013828967751219667,-0.021091753248945633
2023-11-03 00:00:00+00:00,-0.0011379000349890367,-0.0011382087758683435,-0.0011784790915220222,0.006379265586389238,0.0,0.006965530249071206,-0.0011377964666876572,-0.001138001332431915,-0.0011798888776661798,0.00711633947865109,0.0071177825992978505,0.007326917654611131,-0.0011379000349889257,-0.0011382087758681214,-0.0011784790915220222,0.0,0.0071177825992980726,0.007326917654610909,0.007115948957335805,0.007116988720873296,0.0073271264791496815,0.0,0.0071177825992980726,0.007326917654610909,0.008569071705613496,0.008617354035855618,0.008809311183380686,0.006126929994952013,0.006144504071676327,0.00649981046837822,0.006126929994952013,0.006144504071676327,0.006499810468377998,-0.0062583690987125795,0.010081766546410575,-0.0062583690987124685,0.010067128905066225,-0.0062583690987123575,0.010107706518639237
2023-11-04 00:00:00+00:00,0.0018527760307198715,0.0018532793082592924,0.0019189264904937442,0.02101324112152736,0.0,0.01985952925460821,0.0018526072044262598,0.0018529411553296349,0.001921224767733598,0.020713026719134442,0.020717197422320144,0.02019722184916195,0.0018527760307196495,0.0018532793082590704,0.0019189264904937442,0.0,0.020717197422320366,0.02019722184916195,0.02071189808760776,0.020714903068658197,0.020197793303227796,0.0,0.020717197422320366,0.02019722184916195,0.02070681412407116,0.02082248959973021,0.0201191288355147,0.02286305737892036,0.022949167730012432,0.02241100107556071,0.02286305737892036,0.022949167730012432,0.022411001075560488,0.010242643013054442,0.01436199365836388,0.01024264301305422,0.014394769593486734,0.010242643013054442,0.014211983785687776
2023-11-05 00:00:00+00:00,-0.00026819572122793733,-0.000268268437623842,-0.0002777528889505998,0.019324034219371677,0.0,0.020500915506886264,-0.0002681713282302045,-0.0002682195793769493,-0.00027808491265135515,0.021535555527344208,0.02153980383896581,0.021723993164515454,-0.0002681957212277153,-0.000268268437623731,-0.0002777528889505998,0.0,0.02153980383896581,0.021723993164515454,0.0215344058882756,0.021537466796271998,0.021724595647753864,0.0,0.02153980383896581,0.021723993164515454,0.010205209848899832,0.010261056832250759,0.010565958355868599,0.006115159283837546,0.006118853150928638,0.006636488318700895,0.006115159283837324,0.006118853150928638,0.006636488318701117,-0.0014703447230187683,0.0209279873816135,-0.0014703447230187683,0.020912879807882367,-0.0014703447230187683,0.021084773632353615
2023-11-06 00:00:00+00:00,0.0001250078459786863,0.00012504174867933315,0.00012946374435962582,0.029523510270209385,0.0,0.03083024452740024,0.0001249964731868669,0.00012501896940730894,0.0001296185473880218,0.03146758305730368,0.03128579260318798,0.03189745921640785,0.00012500784597846426,0.00012504174867933315,0.00012946374435984787,0.0,0.03128579260318798,0.03189745921640785,0.031466230720388566,0.03128321630923381,0.03189832503628898,0.0,0.03128579260318798,0.03189745921640785,0.04506512683442909,0.042003117278269775,0.038296396822985246,0.043160059525526595,0.03443096301145432,0.02087701560030686,0.04316005952552637,0.03443096301145454,0.02087701560030708,0.000686162746158292,0.04482193597843365,0.000686162746158292,0.0447686178134965,0.0006861627461580699,0.04475410702791982
2023-11-07 00:00:00+00:00,0.0018552297956155872,0.0018557328795323347,0.0019213508080766495,-0.002828608118214282,0.0,-0.002812666250058049,0.0018550610341689922,0.0018553948567494594,0.0019236479174133958,-0.003960981727478496,-0.003963091126582108,-0.003489147315414165,0.0018552297956155872,0.0018557328795321126,0.0019213508080764274,0.0,-0.003963091126582108,-0.003489147315414387,-0.003960605106238635,-0.0039623247237002834,-0.003489200514955826,0.0,-0.003963091126582108,-0.003489147315414387,-0.0040949385512396574,-0.004122958792102116,-0.006910599295110398,-0.008162481940051536,-0.008231364383030626,-0.016289086843798484,-0.008162481940051314,-0.008231364383030515,-0.016289086843798484,0.010177566910614111,-0.014077425821789391,0.010177566910614111,-0.014053326229023111,0.010177566910614111,-0.014208455921529972
2023-11-08 00:00:00+00:00,0.0011565281035219588,0.001156841139118292,0.0011976681088363694,0.029482674633083628,0.0,0.030061978913451748,0.0011564230944494103,0.001156630810100756,0.0011990972556914503,0.029460469714594595,0.029471267599700868,0.028955802054510205,0.0011565281035221808,0.001156841139118514,0.0011976681088363694,0.0,0.029471267599700646,0.028955802054510427,0.02945899764578397,0.029468269654367774,0.02895580355966576,0.0,0.029471267599700646,0.028955802054510427,0.04527582525463125,0.04522222121029462,0.04452135677011193,0.043412482424071364,0.043781877037958994,0.04303039334898595,0.043412482424071586,0.04378187703795877,0.04303039334898573,0.006292303991271675,0.02424640586032578,0.006292303991271675,0.024232452406737215,0.006292303991271897,0.024178781899778956
2023-11-09 00:00:00+00:00,0.005533414179445417,0.005534910169114227,0.005730013268925083,0.022188794933633904,0.0,0.022810385332347805,0.005532912343376051,0.005533905011845253,0.005736842558858424,0.023386938484171393,0.023393651359232326,0.02639522397087779,0.005533414179445417,0.005534910169114227,0.005730013268925083,0.0,0.023393651359232104,0.026395223970878012,0.02338623990749711,0.023392227236666674,0.026395225304320924,0.0,0.023393651359232104,0.026395223970878012,0.02485994618581877,0.025107709548524815,0.02501775742371337,0.020445892627042328,0.02061256831714986,0.0206637740003639,0.020445892627042328,0.02061256831714986,0.0206637740003639,0.02995190960048677,0.014088592529559074,0.02995190960048677,0.014023090000972127,0.02995190960048677,0.013712294218865217
2023-11-10 00:00:00+00:00,0.0031871474936930877,0.003188004413980261,0.00329973989325838,0.056131650922330856,0.0,0.06018867004334383,0.0031868600355828836,0.0031874286484834258,0.003303650240014111,0.0553773452184374,0.05538807477890684,0.05557352307265728,0.0031871474936930877,0.003188004413980261,0.003299739893258158,0.0,0.05538807477890706,0.05557352307265728,0.05537702824278279,0.05538742153721765,0.05557352580794128,0.0,0.05538807477890706,0.05557352307265728,0.08553355849170097,0.08572825244348192,0.08618760165068218,0.061065681307483244,0.061553437150805745,0.062255292272976215,0.061065681307483244,0.06155343715080619,0.062255292272976215,0.016842752214248247,0.04191567133018226,0.016842752214248247,0.04188308728746559,0.016842752214248247,0.04069018808399827
2023-11-11 00:00:00+00:00,-0.0009543295952390007,-0.0009545853680192895,-0.0009879323285642005,0.009154483116401213,0.0,0.009246533022698289,-0.0009542437949083826,-0.0009544135141107413,-0.0009890992197744142,0.009028078373553239,0.00903146011037248,0.008373003937448775,-0.0009543295952390007,-0.0009545853680192895,-0.0009879323285642005,0.0,0.009031460110372702,0.008373003937448775,0.009027562857137017,0.009030410645650022,0.008373004327864475,0.0,0.009031460110372702,0.008373003937448775,0.025921534068449326,0.025908982517562462,0.025578230645868505,0.001860331383052305,0.0018743289877882763,0.001796168159324596,0.001860331383052527,0.0018743289877880542,0.001796168159324596,-0.0049755082608546886,0.02092270793020523,-0.0049755082608548,0.020841699363480348,-0.0049755082608546886,0.020651560137099345
2023-11-12 00:00:00+00:00,-0.0002730803718128394,-0.00027315363084656763,-0.0002827052660129281,-0.006837773102467692,0.0,-0.006942280265639367,-0.00027305579669123503,-0.00027310440804673153,-0.0002830395124928664,-0.006908084420002014,-0.006910388575717463,-0.006816421430316799,-0.0002730803718127284,-0.00027315363084656763,-0.0002827052660129281,0.0,-0.006910388575717574,-0.00681642143031691,-0.006907763921254029,-0.006909735938016026,-0.006816421745513335,0.0,-0.006910388575717574,-0.00681642143031691,0.041533274620944916,0.04198374792511528,0.04140403846977336,0.014665882202630431,0.014776025571760387,0.014469059297434361,0.01466588220263021,0.014776025571760165,0.014469059297434583,-0.001429489982530563,0.016896606479207543,-0.001429489982530674,0.016666763315817512,-0.001429489982530563,0.016085680122397417
2023-11-13 00:00:00+00:00,-0.0031403817005348778,-0.0031412243981885357,-0.003251097783262713,-0.0343297933503367,0.0,-0.04103899092574459,-0.0031400990132786077,-0.0031406581889892315,-0.0032549426909385115,-0.033966050000951875,-0.034443175383958025,-0.0390202833834824,-0.0031403817005351,-0.0031412243981885357,-0.003251097783262713,0.0,-0.034443175383958025,-0.0390202833834824,-0.03396599116861576,-0.03444290485784429,-0.039020285200192406,0.0,-0.034443175383958025,-0.0390202833834824,-0.0780598974337402,-0.07828531472336842,-0.08300267282333917,-0.05119735661011826,-0.051576259139493486,-0.05139843754081819,-0.05119735661011815,-0.05157625913949326,-0.05139843754081819,-0.016457949260139215,-0.05233633733781584,-0.016457949260139326,-0.052203468220559324,-0.016457949260139326,-0.05149568063978183
2023-11-14 00:00:00+00:00,-0.004756586635149995,-0.00475786705123582,-0.004924829989600643,-0.006347592082798004,0.0,-0.0068620045742798785,-0.004756157113482207,-0.004757006738447589,-0.004930673354884285,-0.00812221212692088,-0.008133336602444086,-0.007853711858525125,-0.004756586635149995,-0.00475786705123582,-0.004924829989600643,0.0,-0.008133336602444086,-0.007853711858524903,-0.008121202870459476,-0.008131279272411418,-0.007853713196248835,0.0,-0.008133336602444086,-0.007853711858524903,0.03165532444422392,0.03182754915435804,0.030949473094275204,0.013747747070371075,0.013855024678742778,0.014520509061923148,0.01374774707037063,0.013855024678742778,0.014520509061922926,-0.02526560855496296,-0.00023164525964258775,-0.025265608554962737,-0.0003445376983317594,-0.02526560855496296,-0.0011529056178507524
2023-11-15 00:00:00+00:00,0.012089929548519951,0.01209319957091548,0.012519674108843137,0.06202622911500266,0.0,0.0656689416357259,0.012088832605834376,0.012091002438824328,0.012534602447485055,0.06317593515177578,0.06321526625550211,0.06750622615247925,0.012089929548519951,0.01209319957091548,0.012519674108843137,0.0,0.06321526625550211,0.06750622615247903,0.06317481652665013,0.06321297733259312,0.06750622804201756,0.0,0.06321526625550211,0.06750622615247903,0.08927462357664351,0.08925861104848343,0.09103369760737534,0.06163519698939446,0.06210958147784007,0.06216633650111025,0.06163519698939468,0.062109581477839626,0.06216633650111025,0.06556939018830188,0.07128709466751504,0.0655693901883021,0.0712085801264497,0.0655693901883021,0.0702268664622292
2023-11-16 00:00:00+00:00,-0.008834899125435114,-0.008837260190989848,-0.009145058378807303,-0.05898429021049678,0.0,-0.06241294789300511,-0.008834107092704935,-0.008835673789805765,-0.009155827866952015,-0.06068889381271736,-0.060725427030143386,-0.06378119952202543,-0.008834899125435114,-0.008837260190989737,-0.009145058378807303,0.0,-0.060725427030143275,-0.06378119952202566,-0.0606877416564896,-0.060723070925614686,-0.06378120135948184,0.0,-0.060725427030143275,-0.06378119952202566,-0.04652920683912698,-0.04662812911404601,-0.043311252851251036,-0.06960403133153437,-0.07010842166950215,-0.06970466843717138,-0.06960403133153437,-0.07010842166950171,-0.06970466843717138,-0.04551099567510908,-0.03718581013175759,-0.04551099567510908,-0.03729306298625279,-0.0455109956751093,-0.03713392852997843
2023-11-17 00:00:00+00:00,0.002425792914335423,0.0024264469707449,0.0025117391363360664,0.003134658803192636,0.0,0.0029335001744648093,0.0024255735081293306,0.0024260075095570155,0.0025147243660346152,0.0031574041757240767,0.0031598370939582843,0.003300864906752521,0.002425792914335423,0.002426446970744678,0.0025117391363360664,0.0,0.0031598370939585063,0.003300864906752743,0.0031572822911740683,0.0031595882834347666,0.003300864943903692,0.0,0.0031598370939585063,0.003300864906752743,-0.0007803827624698334,-0.0007916640488941917,-0.0004430225565619228,-0.0035095328278326177,-0.0035368823258459248,-0.0033705522475460103,-0.0035095328278327287,-0.0035368823258457027,-0.0033705522475460103,0.012976080683274605,0.008508022904268664,0.012976080683274605,0.0085226471947486,0.012976080683274605,0.008578031291115451
2023-11-18 00:00:00+00:00,-0.00018302976370010438,-0.0001830789937963262,-0.00018949828957792736,7.069579494256573e-05,0.0,0.00014703758710044035,-0.0001830132492253167,-0.00018304591605000642,-0.00018972294543995183,1.6387751218038815e-05,1.6187220991614737e-05,0.00014269562903601596,-0.00018302976370010438,-0.0001830789937963262,-0.00018949828957792736,0.0,1.6187220991614737e-05,0.00014269562903601596,1.6417352648900874e-05,1.624752357765047e-05,0.00014269562936752855,0.0,1.6187220991614737e-05,0.00014269562903601596,0.005362517348527218,0.005372347718343606,0.005302183477959188,0.0052821603995902855,0.005323469944128911,0.005254549431485289,0.0052821603995902855,0.005323469944128689,0.005254549431485289,-0.000968867917832017,-0.006013951769157977,-0.000968867917832017,-0.006052118344623603,-0.000968867917832128,-0.006235878423469288
2023-11-19 00:00:00+00:00,0.004107446652119151,0.004108551647380221,0.004252637030897066,0.03264884843596172,0.0,0.03546399243965537,0.004107075976119701,0.004107809200051715,0.004257679615355947,0.03351885817409972,0.033539698471803714,0.03585867047717617,0.004107446652119373,0.004108551647380443,0.004252637030896844,0.0,0.033539698471803714,0.03585867047717617,0.03351826424671267,0.033538483192214974,0.0358586718334708,0.0,0.033539698471803714,0.03585867047717617,0.037017260411356334,0.03697369601868572,0.03672898319894968,0.036263646384091075,0.03654574728380311,0.03617426964057624,0.036263646384091075,0.03654574728380289,0.036174269640576684,0.021759868659258164,0.027419136389888354,0.021759868659258386,0.02742823377147996,0.021759868659258164,0.027222657511529524
2023-11-20 00:00:00+00:00,0.0004338251062003806,0.0004339413373408707,0.0004490950559443707,-0.022673440501332576,0.0,-0.023172789160031293,0.00043378611584521387,0.0004338632415592514,0.0004496253148571494,-0.021886188861726552,-0.021897598697953047,-0.022670819552754296,0.00043382510620015857,0.0004339413373408707,0.0004490950559443707,0.0,-0.03004559538695195,-0.022670819552754296,-0.02188606277687788,-0.021897338498426344,-0.02267081991091957,0.0,-0.03004559538695195,-0.022670819552754296,-0.04391820345106001,-0.044366842896367054,-0.04784270771703658,-0.04792847510281495,-0.05117637172492351,-0.03650371061464919,-0.04792847510281495,-0.0511763717249234,-0.036503710614649076,0.002258553418599485,-0.03356447235934301,0.002258553418599485,-0.03347996268685638,0.002258553418599263,-0.03296423979906804
2023-11-21 00:00:00+00:00,-0.008851175257110433,-0.008853545650027606,-0.00916258261534808,-0.05307976459085029,0.0,-0.05405666392730901,-0.008850380096060984,-0.008851952981489997,-0.009173396267132872,-0.05261177698776587,-0.0526459326563673,-0.0562502646903138,-0.008851175257110433,-0.008853545650027717,-0.009162582615348192,0.0,-0.05785681189216241,-0.06238898904641843,-0.05261059983514982,-0.052643526324426704,-0.056250264568992625,0.0,-0.05785681189216241,-0.06238898904641843,-0.0700714613607496,-0.070194036376098,-0.07076933087183879,-0.07473684393006463,-0.07499279498881528,-0.0781936727597925,-0.07473684393006474,-0.07499279498881539,-0.07819367275979261,-0.045996546022963436,-0.06900237169162604,-0.0459965460229631,-0.06892313398204619,-0.045996546022963214,-0.06866554022115634
2023-11-22 00:00:00+00:00,0.008664293252602429,0.008666634324286493,0.008971944495970163,0.05865569467361409,0.0,0.05951864103183291,0.008663507930026793,0.008665061355470405,0.008982631190517454,0.05853198512494773,0.05857263618080366,0.06196749283441583,0.00866429325260265,0.008666634324286715,0.008971944495970385,0.0,0.06007913501221429,0.062105505692862106,0.058530526142184236,0.05856965406060599,0.06196749282640801,0.0,0.06007913501221429,0.062105505692862106,0.06620591473000936,0.06628408188787582,0.06739328017139035,0.07050789223575049,-0.014372772031894687,0.07131573471528818,0.07050789223575027,-0.01437277203189491,0.07131573471528818,0.04677850597548838,0.06349594510702916,0.04677850597548838,0.06346169385853107,0.04677850597548816,0.0630127467401771
2023-11-23 00:00:00+00:00,-0.0006176782983097207,-0.0006178437595428798,-0.0006394157577246373,0.0008247185368848164,0.0,0.000464977123942667,-0.0006176227934547862,-0.0006177325860305949,-0.000640170600430201,0.0005146864308407384,0.0005156056711408397,0.0010194809234140845,-0.0006176782983097207,-0.0006178437595429909,-0.0006394157577245263,0.0,-0.0009867933249497751,-0.0007662046365578545,0.000514591811771492,0.0005154128321172013,0.0010194809232904056,0.0,-0.0009867933249497751,-0.0007662046365578545,0.00020177288447720265,0.00018966908529716164,-0.00010962858521668117,0.0009081381103395181,0.0,0.0005747495206827047,0.0009081381103397401,0.0,0.0005747495206824826,-0.0032134192988459986,0.0017721393684657638,-0.0032134192988459986,0.001771202945361594,-0.0032134192988459986,0.0019076462286173879
2023-11-24 00:00:00+00:00,0.0022705201577484235,0.002271128751774487,0.002350475886626402,0.005986948069206743,0.0,0.006172840392795642,0.0022703160016745993,0.002270719837022206,0.0023532524464779936,0.006089909550790917,0.006094175802316748,0.006569245917505517,0.0022705201577484235,0.002271128751774487,0.00235047588662618,0.0,0.010587827662737359,0.011040944078081427,0.006089727516139565,0.0060938040134681515,0.006569245916706823,0.0,0.010587827662737359,0.011040944078081427,0.0017856255753021522,0.0017506368716879717,0.002079786401492534,0.0015964125028773424,0.0,0.0017236839030043694,0.0015964125028773424,0.0,0.0017236839030043694,0.011842950028214005,0.00750093723683487,0.011842950028213783,0.007527921647906277,0.011842950028214005,0.007559866193509457
2023-11-25 00:00:00+00:00,0.00030843251535905836,0.00030851500079220884,0.00031926841014562335,0.01026106784725056,0.0,0.011029873056995765,0.00030840484516314604,0.00030845957878278263,0.00031964466870237906,0.010227389261689535,0.01023264097271448,0.010323515524953919,0.00030843251535905836,0.0003085150007919868,0.0003192684101458454,0.0,0.011677311778240718,0.011679608644464823,0.01022735062581348,0.010232560685691672,0.01032351552370736,0.0,0.011677311778240718,0.011679608644464823,0.020427364192211694,0.02046047279327934,0.02067323738317217,0.021757894519555565,0.0,0.021947150279115535,0.021757894519555565,0.0,0.021947150279115535,0.0015935530908834927,0.017411085371224377,0.0015935530908837148,0.017373690686920407,0.0015935530908837148,0.017245843225726754
2023-11-26 00:00:00+00:00,-0.0017592917790603124,-0.0017597621289107135,-0.0018210797399175194,-0.00905549244133197,0.0,-0.008872929978298583,-0.0017591339975782105,-0.0017594461005882023,-0.001823225200799805,-0.008978323086097473,-0.008984346326703196,-0.009407719842318474,-0.0017592917790600904,-0.0017597621289107135,-0.0018210797399176304,0.0,-0.00782852977711912,-0.008001252782049106,-0.008978082452326563,-0.008983854740084452,-0.00940771984119404,0.0,-0.00782852977711912,-0.008001252782049106,-0.012479172340419509,-0.012527424628372419,-0.01260576657825252,-0.01334783441032339,0.0,-0.013474813037300692,-0.013347834410323611,0.0,-0.013474813037300692,-0.009077926540212444,-0.013149435399067877,-0.009077926540212333,-0.013125793580928025,-0.009077926540212555,-0.013061785137603255
2023-11-27 00:00:00+00:00,-0.0011356954843472211,-0.0011359996498554459,-0.001175654933642467,-0.02194553608810612,0.0,-0.02280429699833675,-0.0011355934503944898,-0.0011357952808521699,-0.0011770425328649914,-0.021832173286757572,-0.021845248335605416,-0.02281459139477815,-0.0011356954843473321,-0.0011359996498554459,-0.001175654933642245,0.0,-0.018582129723917706,-0.019063897854562084,-0.021831824597982274,-0.02184453461721947,-0.022814591392025463,0.0,-0.018582129723917706,-0.019063897854562084,-0.03397604000134957,-0.036646844582527094,-0.028865254039057153,-0.030302024730135324,0.0,-0.03053814073107808,-0.030302024730135324,0.0,-0.0305381407310783,-0.005903457804397494,-0.022923127628282303,-0.005903457804397383,-0.022908753573339213,-0.005903457804397494,-0.02271279606183718
2023-11-28 00:00:00+00:00,0.00306728344943874,0.0030681058731354405,0.003175332856359958,0.020792956706387145,0.0,0.02156000748807907,0.0030670075631062943,0.003067553286062008,0.0031790850471968835,0.02070190737342692,0.020714449679315683,0.021390642484416134,0.00306728344943874,0.0030681058731356625,0.003175332856359958,0.0,0.023634122925170198,0.023989596770321864,0.020701588185331188,0.02071379614521729,0.021390642481774913,0.0,0.023634122925170198,0.023989596770321864,0.02968783757781157,0.029755932293731968,0.02737470919297813,0.022904651096323114,0.0,0.02313648065031626,0.022904651096323114,0.0,0.023136480650316704,0.01602051252858705,0.01906699133250589,0.01602051252858705,0.019086680374585052,0.01602051252858705,0.01890956978802305
2023-11-29 00:00:00+00:00,0.00013110501331348168,0.00013114005867786993,0.0001357087548177205,0.0015862040935983313,0.0,0.0018207078768304186,0.00013109325714966147,0.00013111651167885263,0.00013586860938796796,0.0014831481769241872,0.0014832090529326436,0.0011592879516326704,0.00013110501331348168,0.00013114005867809198,0.00013570875481749844,0.0,0.0011333786780556299,0.0009453521028852663,0.001483242019746367,0.0014834000005241599,0.0011592879514925603,0.0,0.0011333786780556299,0.0009453521028852663,-0.0009997850009666465,-0.001002880123667671,-0.0006690144979840662,0.006609293816893125,0.0,0.006960744564799448,0.006609293816893125,0.0,0.006960744564799448,0.0006760353145200959,0.0023083644984920326,0.0006760353145200959,0.0022966497354348636,0.0006760353145200959,0.0021140432268107467
2023-11-30 00:00:00+00:00,-0.0006742464974180962,-0.0006744267049884067,-0.0006979193937869388,-0.00085411650132039,0.0,-0.0008594779665656027,-0.0006741860457764037,-0.0006743056234262967,-0.0006987413779606655,-0.000570381199737291,-0.0005704371483544746,-0.0006374225791261345,-0.0006742464974179851,-0.0006744267049885178,-0.0006979193937868278,0.0,0.006768724261047243,0.006642019782851172,-0.0005704126152701328,-0.0005705010601019245,-0.000637422579048974,0.0,0.006768724261047243,0.006642019782851172,0.0005967935691977289,0.0006021538410343474,0.0007516633482946844,-0.0007291123740088556,0.0,-0.000496793203373036,-0.0007291123740088556,0.0,-0.000496793203373147,-0.003474819247070604,0.002805770807666086,-0.003474819247070604,0.0027980276074122123,-0.003474819247070715,0.0027914521197434095
2023-12-01 00:00:00+00:00,0.0049807497218326,0.0049820818378514264,0.00515574673071173,0.016827435223531362,0.0,0.017559301948153028,0.004980302856140817,0.004981186788338254,0.005161823228299722,0.016833427921024047,0.016844643333707054,0.018316743964058357,0.004980749721832378,0.0049820818378514264,0.00515574673071173,0.0,0.016073250288912266,0.017274648277561644,0.01683299897587176,0.01684376688342515,0.018316743961845017,0.0,0.016073250288912266,0.017274648277561644,0.02469941155793909,0.024726598129906963,0.024812616931411124,0.02519727613465861,0.0,0.02517387139255689,0.02519727613465861,0.0,0.02517387139255689,0.025741096414289455,0.015719477988857866,0.025741096414289455,0.0076987189662462985,0.025741096414289455,0.020890048935260586
2023-12-02 00:00:00+00:00,0.003956656963806537,0.003957709937234988,0.004094959755146954,0.03498777882064519,0.0,0.03699244264725787,0.003956303737416844,0.003957002444095359,0.004099761238276711,0.03528064215401905,0.035301482984369636,0.03691304992896938,0.003956656963806537,0.00395770993723521,0.004094959755146732,0.0,0.03825138331332534,0.039581387455338124,0.03528008086866441,0.03530033419963141,0.0369130499245891,0.0,0.03825138331332534,0.039581387455338124,0.033330566667116424,0.03335553014567427,0.03385033252091074,0.03736135503607074,0.0,0.03744499509941268,0.03736135503607074,0.0,0.03744499509941268,0.020034601486065506,0.038823604447046245,0.020034601486065506,0.038733985755448064,0.020034601486065506,0.029779433305540115
2023-12-03 00:00:00+00:00,0.0025710609818656582,0.002571742513424846,0.0026605645062340866,-0.0006134581805755657,0.0,-0.0013818790876201081,0.0025708323576070224,0.002571284592338019,0.002663671373494214,-0.0005047859650493258,-0.0005033880989028239,-0.00011070717679106945,0.0025710609818656582,0.002571742513424846,0.0026605645062340866,0.0,-0.0020642771945313942,-0.001828116185104145,-0.0005050173717977557,-0.0005038594306162603,-0.00011070717677807984,0.0,-0.0020642771945313942,-0.001828116185104145,-0.008978337443983686,-0.008983397314268449,-0.009117720367842752,-0.009522867625283427,0.0,-0.009594266237315185,-0.009522867625283316,0.0,-0.009594266237315185,0.012813410691013827,-0.002240219564547896,0.012813410691013827,-0.0021974999957879993,0.012813410691013827,-0.0021615287025280594
2023-12-04 00:00:00+00:00,0.008832727729103151,0.008650239744034227,0.010503810121547774,0.00845741082796203,0.0,0.00813804670294438,0.008832871558203559,0.008650815906020348,0.010516043333155034,0.008655354333590104,0.008663449090752007,0.010343355697433498,0.008832727729103151,0.00865023974403445,0.010503810121547996,0.0,0.021406563487998964,0.02259910638584417,0.018577038374142374,0.015911960150297055,0.010343355696249557,0.0,0.021406563487998964,0.02259910638584417,-0.011895909059439269,-0.014615106448593207,0.0021886843190763727,-0.007858805607711905,0.0,0.0072845957661817895,-0.007858805607711905,0.0,0.0072845957661817895,0.050079767791818997,0.012172329273563154,0.050079767791818997,0.012266715374449788,0.050079767791818997,0.012134988337785702
2023-12-05 00:00:00+00:00,0.009358102556714432,0.009359795652311265,0.008685667870253821,0.008381517843356834,0.0,0.007575332375172383,0.009358101222531445,0.00935979030580425,0.008683648016311496,0.008715492915944756,0.008723299499618475,0.00934627711573821,0.009358102556714432,0.009359795652311043,0.0086856678702536,0.0,0.014515153124713409,0.015248037153173133,0.014519906151439832,0.014565856688190992,0.01238070022011839,0.0,0.014515153124713409,0.015248037153173133,0.0072232795723246035,0.007282470967929555,0.004031683527689234,0.011110032542844372,0.0,0.007974033634522426,0.011110032542844372,0.0,0.007974033634522426,0.04994731732783575,0.01895161273423618,0.04994731732783597,0.018961226178619173,0.04994731732783575,0.018525969524267438
2023-12-06 00:00:00+00:00,-0.0014161987385269414,-0.001416452585436656,-0.0013615209594767252,-0.002713408138132478,0.0,-0.0031441255623086972,-0.0014161985384916198,-0.0014164517838328727,-0.0013615236719458634,-0.0036948628023554253,-0.0036969326936550084,-0.003653986322924241,-0.0014161987385269414,-0.0014164525854368781,-0.0013615209594767252,0.0,-0.006987034597865871,-0.00797693033925373,-0.007074511793066063,-0.007098190554410078,-0.007999300986298197,0.0,-0.006987034597865871,-0.00797693033925373,-0.0007055487315332787,-0.0006539457976578733,-0.0010417375952406216,0.009044823990864925,0.0,0.009393377551408122,0.009044823990864925,0.0,0.009393377551408344,-0.007266517694811903,-0.008836528000307986,-0.007266517694811903,-0.008702518471592424,-0.007266517694812014,-0.008603357990571103
2023-12-07 00:00:00+00:00,-0.0021387772341215916,-0.0021391611435908064,-0.0020560889615752753,0.030076786395256017,0.0,0.03194111559206525,-0.0021387769315951433,-0.0021391599312716725,-0.0020560930633715113,0.030917852202114293,0.030934433195500377,0.030759237648852134,-0.0021387772341215916,-0.0021391611435905844,-0.0020560889615751643,0.0,0.03166247348756612,0.031812212725413014,0.03189926337260496,0.03199810619063359,0.03190214687781867,0.0,0.03166247348756612,0.031812212725413014,0.030227495343581046,0.03036118240469543,0.030098635547684438,0.02774059087020686,0.0,0.027488496220084757,0.02774059087020664,0.0,0.027488496220084535,-0.011038740701557637,0.03527447917584037,-0.011038740701557637,0.03516010198458108,-0.011038740701557637,0.03584745811232115
2023-12-08 00:00:00+00:00,0.004045899677086462,0.004046627470970954,0.0038891569698749073,0.04544013052577123,0.0,0.0488095727495621,0.004045899103574113,0.00404662517272425,0.0038891647445371547,0.04453763985391923,0.04456031538667493,0.04567882950487956,0.00404589967708624,0.004046627470970954,0.0038891569698746853,0.0,0.048484787185360645,0.04840650731615748,0.04864272457914787,0.04878278508249734,0.048539123339256696,0.0,0.048484787185360645,0.04840650731615748,0.07919893442217107,0.07951081902084711,0.07926582188220599,0.08820043613510609,0.0,0.08822654731538715,0.08820043613510631,0.0,0.08822654731538715,0.021069777812178447,0.049274740057607236,0.021069777812178447,0.049462844304646314,0.021069777812178447,0.049482170984594065
2023-12-09 00:00:00+00:00,-0.0020751590387800833,-0.0020755308228668223,-0.0019950764955759537,-0.021209915522058642,0.0,-0.022798932034490904,-0.0020751587458085474,-0.0020755296488380592,-0.0019950804684045753,-0.02092420688014074,-0.020934796187343285,-0.02167696185077672,-0.0020751590387799723,-0.0020755308228667113,-0.0019950764955758427,0.0,-0.023474934185910068,-0.023651209359656034,-0.023535257382602093,-0.023599976061540517,-0.023713005445091695,0.0,-0.023474934185910068,-0.023651209359656034,-0.01660340923725212,-0.01661221881427921,-0.016854292077725264,-0.013650895948152386,0.0,-0.013451895844558415,-0.013650895948152386,0.0,-0.013451895844558304,-0.010626601078409403,-0.011551312947191139,-0.010626601078409403,-0.01150784574827668,-0.010626601078409403,-0.011555003480763215
2023-12-10 00:00:00+00:00,0.00031186357787915675,0.000311919567354213,0.00029980437938781357,0.011117854910090541,0.0,0.011783268563992921,0.00031186353375844966,0.00031191939054919793,0.0002998049775868594,0.011101801857268834,0.011107045609844102,0.01099865512067022,0.00031186357787915675,0.000311919567354213,0.0002998043793880356,0.0,0.01675255605294046,0.016312522743649138,0.01674385184224736,0.01678969270420816,0.01635617947725443,0.0,0.01675255605294046,0.016312522743649138,0.05408052826256382,0.05435196396857944,0.054074294459061534,0.055627072075860706,0.0,0.05604152255435135,0.05562707207586093,0.0,0.05604152255435113,0.0016108134688066489,0.03430789901943432,0.0016108134688066489,0.03428156237460622,0.0016108134688066489,0.03444655406243702
2023-12-11 00:00:00+00:00,-0.011350145439089299,-0.01135218251738579,-0.010911387458241939,-0.044131050366824964,0.0,-0.061783251698419694,-0.011350143833841142,-0.011352176084649668,-0.010911409223178015,-0.044708818369912806,-0.047661115397840126,-0.06114778300241119,-0.01135014543908941,-0.01135218251738579,-0.010911387458241939,0.0,-0.04735274048758187,-0.06315576013090696,-0.04439018813427975,-0.04774700298950019,-0.06332206200486601,0.0,-0.04735274048758187,-0.06315576013090696,-0.000805468642362972,-0.006838237180286311,-0.02657357478884359,-0.0315315495852071,0.0,-0.0309331727980392,-0.0315315495852071,0.0,-0.03093317279803942,-0.05854885910478402,-0.04323185359793458,-0.05854885910478391,-0.04339145237406561,-0.05854885910478402,-0.04333843715818453
2023-12-12 00:00:00+00:00,0.001109418212142721,0.0011096196123783209,0.0010660587694213408,-0.009956344601361078,0.0,-0.009715012034116954,0.0011094180534365616,0.0011096189763903919,0.0010660609193464676,-0.010133182310954836,-0.010166174089043634,-0.009403324238352662,0.001109418212142721,0.0011096196123783209,0.0010660587694213408,0.0,-0.010068205866529678,-0.009468510452855017,-0.010064999696293264,-0.010109841268459707,-0.009487210929121637,0.0,-0.010068205866529678,-0.009468510452855017,0.004602564654349051,0.004627180974482004,0.0007072906786138589,0.007294289141167365,0.0,0.008196475979791007,0.007294289141167365,0.0,0.008196475979791451,0.0060097585206360105,0.035431192005981105,0.0060097585206360105,0.03517462713546826,0.0060097585206360105,0.034872093782511326
2023-12-13 00:00:00+00:00,0.00629790948717579,0.00629905152230581,0.006052030124521046,0.025055126448290777,0.0,0.01815281554786452,0.006297908587236778,0.006299047915952372,0.006052042316678774,0.025409030555070933,0.025497253027890743,0.019080796372223263,0.00629790948717579,0.006299051522305588,0.006052030124521046,0.0,0.025122503438815613,0.018997601276079523,0.025149616277095888,0.02527759121648465,0.019036230525226516,0.0,0.025122503438815613,0.018997601276079523,0.04562883170208898,0.04593082967412809,0.04698023282736785,0.017407822363491476,0.0,0.01718110924410543,0.017407822363491476,0.0,0.01718110924410543,0.03394982181858608,0.027465046573429852,0.03394982181858608,0.027530930758977723,0.03394982181858608,0.02782173424754908
2023-12-14 00:00:00+00:00,0.0006321383445511142,0.0006322522561950095,0.0006076072256770981,0.024473250976049243,0.0,0.02441706782821962,0.0006321382547869181,0.0006322518964818613,0.0006076084423727313,0.024865076811688924,0.024946835551334257,0.0243945189845165,0.0006321383445508921,0.0006322522561952315,0.0006076072256768761,0.0,0.024636802906543798,0.024326461686593248,0.024650180949580047,0.02476636765361251,0.02435824920085561,0.0,0.024636802906543798,0.024326461686593248,0.03605967592279691,0.036367851490007874,0.035521271254111086,0.03846961421733064,0.0,0.03849809888007494,0.03846961421733064,0.0,0.038498098880074716,0.003316502485453121,0.03247673981098553,0.003316502485452899,0.032316635034276064,0.003316502485452899,0.03179579769467833
2023-12-15 00:00:00+00:00,-0.004858656086963786,-0.004859531065999678,-0.004670222818540459,-0.0267720141323764,0.0,-0.03130364194472435,-0.004858655397467548,-0.004859528302967764,-0.004670232164692534,-0.027366594918388665,-0.027460563510666613,-0.03154017686456212,-0.004858656086963786,-0.004859531065999567,-0.004670222818540348,0.0,-0.026837532976778156,-0.03140082984516046,-0.026937638521871365,-0.027091740505819306,-0.031465497940553866,0.0,-0.026837532976778156,-0.03140082984516046,-0.029680744662105685,-0.02989968523431974,-0.030999302080464308,-0.03258142876220316,0.0,-0.032492078453183026,-0.03258142876220327,0.0,-0.032492078453182915,-0.025422651464391488,-0.0482836340136622,-0.025422651464391266,-0.04821112223521884,-0.025422651464391488,-0.04818588471189922
2023-12-16 00:00:00+00:00,0.0013541827708638543,0.0013544278319672642,0.0013014170702616568,0.017009076661729683,0.0,0.0049551264937586215,0.0013541825777523275,0.001354427058106067,0.0013014196869063355,0.01705133352191579,0.01710496896606184,0.005117630038894427,0.0013541827708638543,0.0013544278319670422,0.0013014170702616568,0.0,0.01704054998341431,0.005104466745380121,0.017005133643650305,0.0170704925001659,0.005110624292874233,0.0,0.01704054998341431,0.005104466745380121,0.012959799618056822,0.013051745078162424,0.013542118836691763,0.023524407097774702,0.0,0.023667665343525712,0.023524407097774702,0.0,0.023667665343525712,0.007235198070105087,0.024471061567737484,0.007235198070105087,0.024547867751745667,0.007235198070104865,0.024717454010563022
2023-12-17 00:00:00+00:00,-0.00395676457860672,-0.003957479650140039,-0.003802789723073907,-0.02362509882410113,0.0,-0.016741638387968383,-0.003956764015120462,-0.003957477392066533,-0.003802797359070631,-0.023812958256798744,-0.023890252182779403,-0.01709666148108535,-0.003956764578606609,-0.003957479650139706,-0.003802789723073907,0.0,-0.023627950686868626,-0.017037696577856587,-0.02363074833856016,-0.02373800155971595,-0.017065149073919317,0.0,-0.023627950686868626,-0.017037696577856587,-0.040225310209696,-0.040502670913819316,-0.040286764055458946,-0.034634035675184305,0.0,-0.034910675967227855,-0.03463403567518453,0.0,-0.034910675967227744,-0.021016973390101445,-0.032590842691837985,-0.021016973390101557,-0.03262527593240416,-0.021016973390101557,-0.0325246659612517
2023-12-18 00:00:00+00:00,0.005819416500767227,0.005820472371715457,0.00559209332531041,0.014110099982650004,0.0,0.02452605438616451,0.005819415668726569,0.0058204690374534795,0.005592104597090808,0.014211644274114033,0.011434958035369203,0.024551166692319937,0.005819416500767227,0.005820472371715235,0.005592093325310632,0.0,0.003394954673898054,0.024458164411458316,0.014094669794816328,0.011357031171859377,0.024501418791309515,0.0,0.003394954673898054,0.024458164411458316,0.04435411379995502,0.043950588370142984,0.04385221876657219,0.039257055776299676,0.0,0.026066048817141585,0.0392570557762999,0.0,0.026066048817141585,0.03144940493968629,0.02955108822324015,0.03144940493968629,0.029438917790626906,0.03144940493968629,0.030051735700985294
2023-12-19 00:00:00+00:00,-0.001707534316574777,-0.0017078423376050145,-0.0016412040315556542,-0.01761376726845043,0.0,-0.02210767133840663,-0.0017075340738498257,-0.0017078413649278534,-0.001641207321274818,-0.01788642409082597,-0.01796355220160739,-0.022646674992831572,-0.001707534316574888,-0.0017078423376050145,-0.0016412040315557652,0.0,-0.02742967695654419,-0.03666296041117201,-0.01779603405125385,-0.017885911068207472,-0.022651677576531193,0.0,-0.02742967695654419,-0.03666296041117201,-0.03511111489044094,-0.03552711393204311,-0.03536976588376706,-0.029845846155233002,0.0,-0.037170838876951495,-0.029845846155233113,0.0,-0.037170838876951606,-0.008998591090599972,-0.023884016274088538,-0.008998591090600083,-0.023890497153829293,-0.008998591090599861,-0.02354931046090092
2023-12-20 00:00:00+00:00,0.0062775511557306984,0.006278685496469594,0.006033294709122394,0.049610419388817384,0.0,0.05048875340663872,0.006277550261854614,0.006278681914415829,0.00603330682246872,0.049734159371062514,0.0499747271644293,0.050388314833814896,0.0062775511557309205,0.006278685496469372,0.006033294709122394,0.0,0.05007228310492895,0.049416503933247924,0.04957491178689799,0.04984382722918146,0.05038857259461893,0.0,0.05007228310492895,0.049416503933247924,0.08626751404267896,0.08542668545467103,0.08444161193608024,0.08065541170211898,0.0,0.07644927234712795,0.0806554117021192,0.0,0.07644927234712773,0.03332566763718159,0.046339557317514934,0.03332566763718159,0.04624636243954994,0.03332566763718159,0.04651906039265952
2023-12-21 00:00:00+00:00,0.0008882247585360048,0.0008883842575011514,0.0008538716299502092,0.04818701535204162,0.0,0.04929253375731024,0.0008882246328483223,0.0008883837538316008,0.0008538733340295313,0.04846217321648716,0.04868741840400381,0.048623075573105856,0.0008882247585360048,0.0008883842575011514,0.0008538716299502092,0.0,0.06305788262747436,0.06219216508270686,0.048385422633911324,0.04862959933869804,0.048623312371896876,0.0,0.06305788262747436,0.06219216508270686,0.03545516152199624,0.035586494213054154,0.036166002103952044,0.022661701455740424,0.0,0.025112352740001675,0.022661701455740424,0.0,0.025112352740001675,0.004591895961902237,0.036586868463036826,0.004591895961902237,0.03665817787776349,0.004591895961902237,0.036825224477893936
2023-12-22 00:00:00+00:00,0.0006124661585820146,0.0006125760418185244,0.0005887985246226801,0.012683276610510497,0.0,0.013126873911207593,0.0006124660719921682,0.0006125756948265337,0.0005887996986910782,0.01324766227570362,0.013332436653780588,0.013839260979690904,0.0006124661585820146,0.0006125760418185244,0.0005887985246229022,0.0,0.011496323585807211,0.011362434680579847,0.013117914216492998,0.013222728958820928,0.013839325252968493,0.0,0.011496323585807211,0.011362434680579847,0.010108443992059124,0.010774571244334119,0.010531496365421278,0.007059416307072075,0.0,0.008935192021685356,0.007059416307072297,0.0,0.008935192021685578,0.0031546208665829134,0.03364052113471239,0.0031546208665829134,0.03351625943588532,0.0031546208665829134,0.034045058743820356
2023-12-23 00:00:00+00:00,-0.001270882090507297,-0.001271109961292427,-0.0012218000770979343,0.02844544379348113,0.0,0.028989872781884918,-0.0012708819109414904,-0.0012711092417165837,-0.0012218025119415943,0.02834883633837615,0.028475377692290804,0.027665746541363445,-0.001270882090507186,-0.001271109961292538,-0.0012218000770979343,0.0,0.030536681174453628,0.030018244914921333,0.028389146124120357,0.028517502209610912,0.027665873274682173,0.0,0.030536681174453628,0.030018244914921333,0.05369929435858367,0.05357082451654138,0.05309816596460215,0.06609227798217931,0.0,0.06516274078103468,0.06609227798217909,0.0,0.06516274078103468,-0.0065293261898049515,0.012184605349316424,-0.0065293261898049515,0.012177920923367225,-0.0065293261898048405,0.01260813791396731
2023-12-24 00:00:00+00:00,-0.003105397731233306,-0.0031059552416775604,-0.00298531922214762,0.0009544437132549266,0.0,0.0010835023078612505,-0.0031053972919068418,-0.0031059534811572753,-0.002985325178668341,0.0007195634282441965,0.0007324858992938665,-0.00016457907941391792,-0.003105397731233306,-0.0031059552416776715,-0.00298531922214762,0.0,-0.006244603451585284,-0.006427419542032853,0.0008195054424622317,0.0008229355959354923,-0.0001645798130339715,0.0,-0.006244603451585284,-0.006427419542032853,-0.00807255020890607,-0.008360134052689205,-0.008221849193167707,-0.001975326043444081,0.0,-0.0008576142861536074,-0.001975326043444303,0.0,-0.0008576142861539404,-0.01603884156807045,-0.0003415912324956638,-0.01603884156807045,-0.0004303629741666537,-0.01603884156807045,-0.0009464823706903935
2023-12-25 00:00:00+00:00,0.0025079761591049188,0.0025084278175953045,0.0024107081770141647,0.0211816856904099,0.0,0.02756078400526296,0.00250797580319162,0.0025084263913359717,0.002410713001432363,0.021442511545917364,0.02091506245034469,0.0270891674659397,0.0025079761591049188,0.0025084278175953045,0.0024107081770141647,0.0,0.01799659517815355,0.03887839196156184,0.021400901370789205,0.020768710988287475,0.027089288237206022,0.0,0.01799659517815355,0.03887839196156184,0.005156300656052437,0.0017718150515955156,0.030610088814595704,0.030717779651437738,0.0,0.02880566778348448,0.03071777965143796,0.0,0.028805667783484923,0.013123523679123617,0.029213592011076095,0.013123523679123394,0.029259967890273186,0.013123523679123617,0.029493461369133556
2023-12-26 00:00:00+00:00,-0.004759099838567371,-0.0047599547547900745,-0.004574969385921279,-0.03931438836951673,0.0,-0.04093555303412533,-0.004759099164880487,-0.004759952055113814,-0.004574978519538586,-0.03864711255201447,-0.0387454786120397,-0.039396806131122064,-0.00475909983856726,-0.0047599547547899634,-0.004574969385921057,0.0,-0.042130194213713223,-0.04726651468971321,-0.04011819768585978,-0.03955986539892509,-0.03939692886530333,0.0,-0.042130194213713223,-0.04726651468971321,-0.009367965715088022,-0.006786208917318182,-0.009341180824544493,-0.03933715635916557,0.0,-0.03676382230477937,-0.03933715635916535,0.0,-0.0367638223047797,-0.024642076895741605,-0.024425395842531894,-0.024642076895741605,-0.024452477395964567,-0.024642076895741494,-0.02471511758755618
2023-12-27 00:00:00+00:00,0.00426869811076358,0.004269468599584769,0.004102782332026322,0.002494311367427171,0.0,0.004079452087802471,0.004268697503607033,0.004269466166513691,0.004102790560599701,0.0001659252467738348,0.00023653066734552475,0.0022241035542593934,0.00426869811076358,0.004269468599584769,0.004102782332026322,0.0,0.013541913940260164,0.013933131412451782,0.0032555233876085943,0.0008549455269322159,0.0022241508185838477,0.0,0.013541913940260164,0.013933131412451782,0.012438834581113278,0.01190620790641761,0.013591116268081072,-0.02361685663813351,0.0,-0.024582668149940368,-0.023616856638133732,0.0,-0.024582668149940257,0.022553405779017544,0.029705163968055892,0.022553405779017544,0.0296771489115093,0.022553405779017544,0.030082090151246632
2023-12-28 00:00:00+00:00,-0.003959313691709876,-0.0039600252992680884,-0.0038060518679655653,-0.02798506466837236,0.0,-0.028371844863361084,-0.003959313130952435,-0.003960023052135608,-0.0038060594702234996,-0.02742698475552452,-0.027504008429350968,-0.027670200140111012,-0.003959313691709765,-0.0039600252992681995,-0.0038060518679656763,0.0,-0.0357449783208168,-0.035076688773533427,-0.028683181150179538,-0.028211227049283916,-0.027670287986748532,0.0,-0.0357449783208168,-0.035076688773533427,-0.06555227643396366,-0.06563040866966707,-0.06476258765806309,-0.047404257264051175,0.0,-0.04520460314745833,-0.047404257264051286,0.0,-0.04520460314745833,-0.020544734372412332,-0.03909607114548108,-0.02054473437241222,-0.03899455262580187,-0.02054473437241222,-0.039184482522716335
2023-12-29 00:00:00+00:00,-0.002304379359676534,-0.0023047951724713966,-0.002214837903073419,0.0018115304313417457,0.0,0.0009080165494759207,-0.0023043790320100843,-0.0023047938594060735,-0.0022148423439218856,0.002553554435106964,0.002525965546966047,0.0015932295675953334,-0.002304379359676534,-0.0023047951724711746,-0.00221483790307353,0.0,-0.0014718536900955037,-0.0017998229201856564,0.0013920350322287334,0.002143594435737528,0.0015932065963921715,0.0,-0.0014718536900955037,-0.0017998229201856564,0.026719378998643517,0.0268812407079988,0.027450409036151813,0.00923784000343253,0.0,0.008511944706361962,0.009237840003432751,0.0,0.008511944706362407,-0.012159817835229458,0.001976883818567421,-0.012159817835229347,0.0018752263995609475,-0.012159817835229458,0.0020640893896117785
2023-12-30 00:00:00+00:00,0.0003460671806085891,0.0003461297708178268,0.00033259017057196694,-0.012692224913249506,0.0,-0.012318401893691378,0.00034606713128648714,0.00034612957316837445,0.00033259083891024055,-0.012566890994429536,-0.012587985308895377,-0.012284036370709406,0.00034606718060881114,0.0003461297708178268,0.00033259017057196694,0.0,-0.017015869064437528,-0.016547171535523764,-0.01264100417543812,-0.012532161401539232,-0.012284062720400724,0.0,-0.017015869064437528,-0.016547171535523764,-0.034298522231987594,-0.03403306407712858,-0.0340276890213046,0.03733572883084291,0.0,0.041331988578251044,0.03733572883084313,0.0,0.04133198857825082,0.0018443565613375235,-0.013660342476120135,0.0018443565613375235,-0.013605713990535118,0.0018443565613375235,-0.013512158884561254
2023-12-31 00:00:00+00:00,0.000655641337679036,0.0006557598768863748,0.0006301169667901618,-0.004876267864863504,0.0,-0.004750687434462608,0.0006556412442686455,0.0006557595025600271,0.0006301182325860744,-0.004723186728282647,-0.004736386138135318,-0.004737984868654399,0.000655641337679036,0.0006557598768863748,0.0006301169667899398,0.0,-0.008233732626101387,-0.008081852751788077,-0.00475930721153317,-0.004605831137390326,-0.004738004875355917,0.0,-0.008233732626101387,-0.008081852751788077,-0.009674530218540367,-0.009349974904916736,-0.008349026369408041,0.0005338312892315678,0.0,0.0031952958517120766,0.0005338312892313457,0.0,0.0031952958517120766,0.003488998726419501,-0.008151743798398003,0.003488998726419501,-0.008164823501383256,0.003488998726419501,-0.008278742908631953
2024-01-01 00:00:00+00:00,0.008612805963023273,0.008614362128063213,0.008277717240390725,0.046216879560211144,0.0,0.04706151603339581,0.008612804736743307,0.008614357213960977,0.008277733858421676,0.04495759232453578,0.04234966084102476,0.04541248954164501,0.008612805963023273,0.008614362128063435,0.008277717240390725,0.0,0.048803427108067066,0.05330665778496013,0.04757297871417121,0.04646044898017787,0.04541263857415334,0.0,0.048803427108067066,0.05330665778496013,0.023432970480673943,0.014947377979425136,0.0656044906060238,0.03299765558766321,0.0,0.05377504848738757,0.03299765558766321,0.0,0.05377504848738757,0.045703680897160925,0.058049375475753395,0.04570368089716115,0.05185080821953858,0.04570368089716115,0.07166559325323796
2024-01-02 00:00:00+00:00,0.0033226196965414623,0.0033232149014150725,0.0031944115521278516,-0.012390070661911445,0.0,-0.014207116863219849,0.00332261922751087,0.003323213021863003,0.003194417912457892,-0.012492766186398052,-0.012524169960291154,-0.01462740606961177,0.0033226196965414623,0.0033232149014150725,0.0031944115521278516,0.0,0.0007227801335056849,-0.009500926855257719,-0.008871791183669209,-0.008957978296074365,-0.008998953345584981,0.0,0.0007227801335056849,-0.009500926855257719,-0.012777959021120666,-0.012888374060318841,-0.02212895024042305,-0.01284994839872411,0.0,-0.018653091630072116,-0.012849948398723998,0.0,-0.018653091630071894,0.017006032005767446,-0.01987968265556128,0.017006032005767446,-0.019937000689618678,0.017006032005767446,-0.025280651214616312
2024-01-03 00:00:00+00:00,-0.009293240739450481,-0.00929489999076294,-0.00893578928975125,-0.059655893526619486,0.0,-0.061060475687170546,-0.009293239431934275,-0.00929489475114309,-0.008935807024972209,-0.057363695761309064,-0.0576758480492684,-0.05877627112509498,-0.009293240739450481,-0.00929489999076294,-0.008935789289751361,0.0,-0.017234204285987098,-0.020285954441058518,-0.06512088798325566,-0.06297842808626108,-0.06277540924862568,0.0,-0.017234204285987098,-0.020285954441058518,-0.02487391789219362,-0.025093478785757073,-0.03621873129057929,-0.028438571845811,0.0,-0.03898951355158242,-0.028438571845811333,0.0,-0.038989513551582644,-0.04692525259712543,-0.06609981404737708,-0.046925252597125544,-0.06604211423026707,-0.04692525259712543,-0.06834849970281809
2024-01-04 00:00:00+00:00,0.005915543112897881,0.0059166092061817555,0.0056859585379560595,0.034241338673192345,0.0,0.03505602876696923,0.005915542272800778,0.005916605839643374,0.005685969924857925,0.03315467754987189,0.033341623641481855,0.03375357347820862,0.005915543112897881,0.005916609206181533,0.0056859585379560595,0.0,0.009972933321259703,0.009708486137311123,0.034506705946183436,0.03351235402197594,0.032844901969961704,0.0,0.009972933321259703,0.009708486137311123,0.01175875384825864,0.01186818596111694,0.01063224292930931,0.02254981725251226,0.0,0.01950250742003634,0.022549817252512483,0.0,0.019502507420036563,0.031049328969605883,0.03827134318950964,0.031049328969606105,0.03835845377872693,0.031049328969605883,0.037414196384112364
2024-01-05 00:00:00+00:00,-2.9605936195831184e-05,-2.9611240365490232e-05,-2.8463414398771647e-05,-0.0229521997275558,0.0,-0.022572669767622955,-2.960593201606354e-05,-2.961122361555546e-05,-2.846347107832159e-05,-0.02295610027038253,-0.023049823742440245,-0.02260039285605797,-2.960593619572016e-05,-2.961124036537921e-05,-2.846341439888267e-05,0.0,-0.03718972150867972,-0.03496450616207969,-0.02014784614726617,-0.020202056107756605,-0.019777109585522035,0.0,-0.03718972150867972,-0.03496450616207969,-0.035381543360014645,-0.03569093415636759,-0.028011854886831777,-0.021606653928285646,0.0,-0.015312168505304702,-0.021606653928285646,0.0,-0.015312168505304924,-0.00015160672581759904,-0.0317463245549926,-0.00015160672581748802,-0.03165132582980967,-0.00015160672581748802,-0.030856954435381057
2024-01-06 00:00:00+00:00,-0.0008579347301722606,-0.0008580884414431944,-0.0008248252542863987,-0.029653404230934544,0.0,-0.029398181284061353,-0.0008579346090453743,-0.0008580879560501353,-0.000824826896818287,-0.029172126202312576,-0.02930084945654665,-0.029035211243337633,-0.0008579347301722606,-0.0008580884414433054,-0.0008248252542863987,0.0,-0.056836744576888476,-0.054580739140622,-0.025563248203865685,-0.025125319464193274,-0.024777165783317567,0.0,-0.056836744576888476,-0.054580739140622,-0.07790946845253854,-0.07861091106918416,-0.07852370880389747,-0.057622478902895624,0.0,-0.060671424856187595,-0.057622478902895735,0.0,-0.06067142485618726,-0.00439386700806732,-0.0468649931011631,-0.00439386700806732,-0.0468324393334103,-0.004393867008067431,-0.046563126108154385
2024-01-07 00:00:00+00:00,-0.0001864619460348882,-0.00018649538204895677,-0.00017926005353596786,-0.01756464224342169,0.0,-0.017275153361001938,-0.00018646191968685333,-0.0001864952764640826,-0.00017926041080351673,-0.01722815057677818,-0.017306431318919402,-0.01706203311480725,-0.00018646194603511024,-0.0001864953820490678,-0.00017926005353585683,0.0,-0.01631015485516052,-0.018449714090771563,-0.018331232932026542,-0.01802251258451526,-0.017838379401917348,0.0,-0.01631015485516052,-0.018449714090771563,-0.007416706608885049,-0.014694421527319035,-0.021744079496749613,-0.03362795128150775,0.0,-0.03507020222961832,-0.03362795128150797,0.0,-0.03507020222961821,-0.0009583464795315244,-0.03663785628152405,-0.0009583464795315244,-0.03662443332980436,-0.0009583464795315244,-0.03717336695253537
2024-01-08 00:00:00+00:00,0.013468902863979615,0.013471318533446741,0.01294858767796847,0.05274646043617959,0.04563771575239217,0.06315799699573743,0.013468900960395658,0.01347131090518694,0.012948613489305094,0.0518201422332607,0.04932802558929539,0.06036973868586992,0.013468902863979837,0.013471318533446741,0.01294858767796847,0.0721146401767252,-0.014887645477478895,0.0915174536921517,0.10521631084799354,0.09731204123885218,0.05321186121371002,0.10801950252564096,-0.014887645477478895,0.0915174536921517,0.0,0.0,-0.007174892450847903,-0.007407375094345969,0.0,0.10548946774645618,-0.007407375094345858,0.0,0.10548946774645618,0.06927873952111363,0.08008109088890514,0.06927873952111341,0.0799509729841632,0.06927873952111363,0.08032484286404018
2024-01-09 00:00:00+00:00,-0.0038017915146280057,-0.0038024643086497223,-0.003656802474601095,-0.009341160326621356,-0.010626239430187479,-0.012742432696268069,-0.003801790984454989,-0.003802462184089195,-0.003656809670783856,-0.009382184346683697,-0.009453320892725547,-0.012498331160399667,-0.0038017915146280057,-0.0038024643086495002,-0.003656802474601095,-0.024815204128815438,0.0,-0.007140489334584332,-0.042834583223260614,-0.04314290093923501,-0.04968006235836342,-0.04245579769485186,0.0,-0.007140489334584332,0.0,0.0,0.0,0.0,0.0,-0.04644640866845262,0.0,0.0,-0.04644640866845262,-0.01853427272204966,-0.03069538393714555,-0.01853427272204977,-0.03047917019437074,-0.01853427272204966,-0.030910844931541726
2024-01-10 00:00:00+00:00,0.0023748584965341824,0.0023752803737790984,0.0022839560325895736,0.05211043481369937,0.056649475189954446,0.05200626580627321,0.0023748581640878896,0.002375279041567202,0.0022839605436586474,0.05029119143047178,0.0507108182047995,0.052163719121695484,0.0023748584965341824,0.0023752803737790984,0.0022839560325895736,0.09143237188646913,0.0,0.0,0.04594903173547493,0.04629501694829008,0.04460301743602746,0.046301759778776486,0.0,0.0,0.0,0.0,0.0,0.0,0.0,0.04968055346814215,0.0,0.0,0.04968055346814193,0.011751562307584118,0.08324106397372733,0.011751562307584118,0.0832154610881195,0.011751562307584118,0.08254012755375517
2024-01-11 00:00:00+00:00,-0.0014138111543632315,-0.0014140617130240507,-0.0013598180196144893,0.0013012512359151795,0.00151481947216614,0.0014276450683170516,-0.0014138109569188373,-0.0014140609218057376,-0.0013598206992873063,0.0010826671056107795,0.0011008572435560193,0.0013787736891555102,-0.0014138111543633425,-0.0014140617130242727,-0.0013598180196144893,-0.01327753115925312,0.0,0.0,-0.02653724327727336,-0.026728263764306592,-0.025263162054896315,-0.02683018008443616,0.0,0.0,0.0,0.0,0.0,0.0,0.0,-0.02489922095187802,0.0,0.0,-0.0248992209518778,-0.006931154107338355,0.012812757335348035,-0.006931154107338244,0.012784427228375916,-0.006931154107338355,0.012991394704917614
2024-01-12 00:00:00+00:00,-0.01562506727699753,-0.015627840306342122,-0.01502753688690317,-0.05586661126020165,-0.061112739280296924,-0.05573477886812894,-0.01562506509180417,-0.015627831549618887,-0.015027566540659176,-0.05509423688672033,-0.05551778596273649,-0.05641537023724719,-0.015625067276997417,-0.01562784030634201,-0.015027536886903059,-0.04109127674600088,0.0,0.0,-0.06386065976373201,-0.06433320265412978,-0.06383762726134745,-0.06512998230793643,0.0,0.0,0.0,0.0,0.0,0.0,0.0,-0.05767238955167209,0.0,0.0,-0.0576723895516722,-0.07702686897989897,-0.04657709857505776,-0.07702686897989908,-0.046546333182732935,-0.07702686897989908,-0.046431633640004355
2024-01-13 00:00:00+00:00,0.00029481642511175465,0.0002948695777620358,0.00028337011023271685,0.015319675925901999,0.016733366669422267,0.014986817601616353,0.00029481638322659265,0.0002948694099151883,0.00028337067793660076,0.014911147620779941,0.015028490971217279,0.015023383738931528,0.0002948164251119767,0.0002948695777620358,0.00028337011023271685,0.04368065385511599,0.0,0.0,0.04095614341480358,0.04127995897550707,0.03975732669470511,0.04164159899130215,0.0,0.0,0.0,0.0,0.0,0.0,0.0,0.043687515531572796,0.0,0.0,0.043687515531572796,0.0015500421644201179,0.01559789629985553,0.0015500421644201179,0.015583352904577463,0.0015500421644198958,0.014998640721324508
2024-01-14 00:00:00+00:00,-0.005076638428852087,-0.005077553429577941,-0.0048795926220264185,-0.020900709159321185,-0.02281020012209578,-0.020902107205912013,-0.005076637707818188,-0.005077550540163789,-0.0048796023950368195,-0.020069096478854798,-0.020273619216238936,-0.021138298712505832,-0.005076638428851976,-0.005077553429578052,-0.0048795926220265295,-0.03516093976906942,0.0,0.0,-0.03152905022459784,-0.03176837157211787,-0.007451627466734445,-0.03185731036783579,0.0,0.0,0.0,0.0,0.0,0.0,0.0,-0.03328727480798377,0.0,0.0,-0.03328727480798388,-0.026657746514709757,-0.040858004688124616,-0.026657746514709757,-0.040840070323159394,-0.026657746514709646,-0.040635516668679816
2024-01-15 00:00:00+00:00,-0.001486908675138121,-0.0029779311870868908,0.003404253593591866,-0.006727280826641757,-0.014600969018500498,0.008340535270640492,0.003542423771877967,0.0035430639873015313,0.0034042604451773872,0.03379947036523401,0.030979869985405584,0.008496634259648861,-0.00148690867513801,-0.0029779311870867797,0.003404253593592088,0.04322112307642101,0.0,0.0,0.05430975200320565,0.05123231531096484,0.0,0.0543777604066602,0.0,0.0,0.0,0.0,0.0,0.0,0.032227639236687367,0.06222167750099117,0.0,0.03222763923668759,0.06222167750099117,0.019013927270642883,0.03228070867780741,0.019013927270643105,0.03220811889429309,0.019013927270642883,0.03148562814016698
2024-01-16 00:00:00+00:00,0.0,0.0,-0.0014905573562681296,0.0,0.0,-0.006805658603514009,0.0028507650186910816,0.002851278412972169,0.0027399553265394783,0.005415346253003328,0.005558389096072203,0.004331193198651162,0.0,0.0,-0.0014905573562681296,-0.00529516378534034,0.0,0.0,-0.0004169888748333239,-0.00041821018643328767,0.0,-0.0004169601487337138,0.0,0.0,0.0,0.0,0.0,0.0,-0.025865036054114943,-0.008648609057770984,0.0,-0.025865036054115165,-0.008648609057771206,0.01506913600701898,0.01729496875909753,0.01506913600701898,0.01734633922005613,0.01506913600701898,0.017500263321202914
2024-01-17 00:00:00+00:00,0.0,0.0,0.0,0.0,0.0,0.0,-0.0017357241968171122,-0.001736035894655763,-0.0016684406735694157,0.01856890445986492,0.01861353612432204,0.016088637249321636,0.0,0.0,0.0,0.0011392516606110181,0.0,0.0,0.003843876820106784,0.0038551397956239075,0.0,0.00384361190740945,0.0,0.0,0.0,0.0,0.0,0.0,-0.0006818090446859548,-0.0030342345649260194,0.0,-0.0006818090446857328,-0.0030342345649256863,-0.009064593576000202,-0.008423285903691902,-0.009064593576000313,-0.008528108375405852,-0.009064593576000424,-0.007594177296210813
2024-01-18 00:00:00+00:00,0.0,0.0,0.0,0.0,0.0,0.0,-0.006430846622978548,-0.006432003469727832,-0.006181145003809951,-0.05485516700948245,-0.05527153160613385,-0.0536815313715735,0.0,0.0,0.0,-0.06041914265268744,0.0,0.0,-0.06485952586062527,-0.06504884145997991,0.0,-0.06485507298030435,0.0,0.0,0.0,0.0,0.0,0.0,-0.06078576653659873,-0.06664644782739826,0.0,-0.06078576653659895,-0.06664644782739826,-0.033832645171947506,-0.057032987533419566,-0.03383264517194762,-0.05694737151801754,-0.03383264517194762,-0.05693932209572705
2024-01-19 00:00:00+00:00,0.0,0.0,0.0,0.0,0.0,0.0,0.0014796813505768558,0.0014799492540134018,0.001421869858961644,-0.010059867236756004,-0.01009512990143091,-0.008894334995299902,0.0,0.0,0.0,0.017788237478268076,0.0,0.0,-0.011074897958978536,-0.011109473058632413,0.0,-0.011074084888739955,0.0,0.0,0.0,0.0,0.0,0.0,-0.02213309299981392,-0.02126054471729044,0.0,-0.022133092999813586,-0.02126054471729033,0.008005376148788601,-0.002577292931180697,0.008005376148788601,-0.002492029021899711,0.008005376148788601,-0.0027403386991307066
2024-01-20 00:00:00+00:00,0.0,0.0,0.0,0.0,0.0,0.0,0.0001904023126051424,0.00019043673491792035,0.00018297381270082624,-0.009566557036552625,-0.009613503477367003,-0.008872979901818567,0.0,0.0,0.0,-0.011188793760147031,0.0,0.0,-0.010914694867426022,-0.010949152631211545,0.0,-0.01091388458546172,0.0,0.0,0.0,0.0,0.0,0.0,-0.022347147945608214,-0.01762829672612176,0.0,-0.022347147945608214,-0.017628296726122206,0.0010234462896105967,0.0006076070316600735,0.0010234462896105967,0.0006292026249292704,0.0010234462896105967,0.0010924863860668488
2024-01-21 00:00:00+00:00,0.0,0.0,0.0,0.0,0.0,0.0,-0.0005032635306431166,-0.0005033544969551551,-0.00048363241841042903,-0.013423565632586731,-0.01351628185261522,-0.012804435697045036,0.0,0.0,0.0,-0.026068766561134105,0.0,0.0,-0.01441936915590114,-0.01455843450812222,0.0,-0.014418286883139508,0.0,0.0,0.0,0.0,0.0,0.0,-0.022407721715835827,-0.007411717659113859,0.0,-0.022407721715835938,-0.007411717659113526,-0.002702879783769485,-0.01726210854273824,-0.002702879783769485,-0.017261200631318085,-0.002702879783769374,-0.017079515081694363
2024-01-22 00:00:00+00:00,0.0,0.0,0.0,0.0,0.0,0.0,-0.009075018637451304,-0.009076659798923692,-0.008720852478672714,-0.0629463581513664,-0.05990431503493998,-0.06021624059716879,0.0,0.0,0.0,-0.05199370556817429,0.0,0.0,-0.007449935459905466,0.0,0.0,-0.07349544324009405,0.0,0.0,0.0,0.0,0.0,0.0,-0.039042184162019766,0.0,0.0,-0.039042184162019544,0.0,-0.04884674297691827,-0.058150835823778224,-0.04884674297691838,-0.0581023997151221,-0.048846742976918156,-0.057836441767368685
2024-01-23 00:00:00+00:00,0.0,0.0,0.0,0.0,0.0,0.0,0.001597341755613435,0.0015976332710614383,0.001534454678536079,-0.006921996858599289,-0.013236592756869059,-0.006818374446980635,0.0,0.0,0.0,0.01999333376091239,0.0,0.0,0.0,0.0,0.0,-0.0072154953817986645,0.0,0.0,0.0,0.0,0.0,0.0,-0.014509945188497242,0.0,0.0,-0.014509945188497353,0.0,0.008957281184447163,0.004773267353567423,0.008957281184447163,0.004736857094169267,0.008957281184447163,0.0036413702576094664
2024-01-24 00:00:00+00:00,0.0,0.0,0.0,0.0,0.0,0.0,0.0008985949545547989,0.0008987586868749453,0.000863271623919859,0.0,0.0,0.0,0.0,0.0,0.0,0.018442865352892523,0.0,0.0,0.0,0.0,0.0,0.0,0.0,0.0,0.0,0.0,0.0,0.0,0.0,0.0,0.0,0.0,0.0,0.005002219252074225,0.01825805737947994,0.005002219252074447,0.018224189964328508,0.005002219252074447,0.018222096777543495
2024-01-25 00:00:00+00:00,0.0,0.0,0.0,0.0,0.0,0.0,-0.0006126274848740065,-0.0006127390110387543,-0.0005885661678450838,0.0,0.0,0.0,0.0,0.0,0.0,-0.04185570908682934,0.0,0.0,0.0,0.0,0.0,0.0,0.0,0.0,0.0,0.0,0.0,0.0,0.0,0.0,0.0,0.0,0.0,-0.003396395708544664,-0.02359893962096915,-0.003396395708544664,-0.023560745651820203,-0.003396395708544664,-0.023090515770046283
2024-01-26 00:00:00+00:00,0.0,0.0,0.0,0.0,0.0,0.0,0.00843550169483498,0.0084370382826926,0.008103997123467321,0.0,0.0,0.0,0.0,0.0,0.0,0.07964007591642286,0.0,0.0,0.0,0.0,0.0,0.0,0.0,0.0,0.0,0.0,0.0,0.0,0.0,0.0,0.0,0.0,0.0,0.04689689912737727,0.05310957018229012,0.04689689912737727,0.05302497388263605,0.04689689912737727,0.05272416432683613
2024-01-27 00:00:00+00:00,0.0,0.0,0.0,0.0,0.0,0.0,0.0013921916176795612,0.001392443093773732,0.0013379200605336816,0.0,0.0,0.0,0.0,0.0,0.0,-0.00046663286360937306,0.0,0.0,0.0,0.0,0.0,0.0,0.0,0.0,0.0,0.0,0.0,0.0,0.0,0.0,0.0,0.0,0.0,0.007455494226924486,0.010408234660896687,0.007455494226924486,0.010413677983014846,0.007455494226924708,0.010847243317358979
2024-01-28 00:00:00+00:00,0.0,0.0,0.0,0.0,0.0,0.0,-0.00041009768184208095,-0.0004101716561135671,-0.0003941322776008782,0.0,0.0,0.0,0.0,0.0,0.0,-0.009136759376736081,0.0,0.0,0.0,0.0,0.0,0.0,0.0,0.0,0.0,0.0,0.0,0.0,0.0,0.0,0.0,0.0,0.0,-0.002182946384168938,-0.009225148783951198,-0.002182946384168827,-0.009161358870826919,-0.002182946384168827,-0.009828748274735899
2024-01-29 00:00:00+00:00,0.0,0.0,0.0,0.0,0.0,0.0,0.005673010603912898,0.005674034333249978,0.005452069050337904,0.0,0.0,0.0,0.0,0.0,0.0,0.05114174155836615,0.0,0.0,0.0,0.0,0.0,0.0,0.0,0.0,0.0,0.0,0.0,0.0,0.0,0.0,0.0,0.0,0.0,0.030251038489967463,0.039344129230509894,0.030251038489967685,0.03931082928839369,0.030251038489967463,0.03907748353867757
2024-01-30 00:00:00+00:00,0.0,0.0,0.0,0.0,0.0,0.0,-0.0016121098048498261,-0.00161239907854005,-0.0015496648932205037,0.0,0.0,0.0,0.0,0.0,0.0,-0.01359332043501138,0.0,0.0,0.0,0.0,0.0,0.0,0.0,0.0,0.0,0.0,0.0,0.0,0.0,0.0,0.0,0.0,0.0,-0.008391412034033041,-0.016523591449358777,-0.00839141203403293,-0.016504402934021223,-0.008391412034033041,-0.016630210650453447
2024-01-31 00:00:00+00:00,0.0,0.0,0.0,0.0,0.0,0.0,-0.0017537897120866175,-0.001754104916765753,-0.0016857514068848722,0.0,0.0,0.0,0.0,0.0,0.0,-0.049519508632774545,0.0,0.0,0.0,0.0,0.0,0.0,0.0,0.0,0.0,0.0,0.0,0.0,0.0,0.0,0.0,0.0,0.0,-0.009191300609788122,-0.04065885891106413,-0.009191300609788122,-0.04065377078282251,-0.009191300609788233,-0.04001462264432998
2024-02-01 00:00:00+00:00,0.0,0.0,0.0,0.0,0.0,0.0,0.002362361514242295,0.002362786842232234,0.0022705588980238556,0.0,0.0,0.0,0.0,0.0,0.0,0.01143673138592849,0.0,0.0,0.0,0.0,0.0,0.0,0.0,0.0,0.0,0.0,0.0,0.0,0.0,0.0,0.0,0.0,0.0,0.01247365333523831,0.007878118125529854,0.01247365333523831,0.0042089601032901935,0.01247365333523831,0.017682920755117015
2024-02-02 00:00:00+00:00,0.0,0.0,0.0,0.0,0.0,0.0,0.0004567223525291375,0.0004568043886161721,0.00043901408833080247,0.0,0.0,0.0,0.0,0.0,0.0,-0.0058321382644986874,0.0,0.0,0.0,0.0,0.0,0.0,0.0,0.0,0.0,0.0,0.0,0.0,0.0,0.0,0.0,0.0,0.0,0.0023874847053577675,0.012200010135957173,0.0023874847053575454,0.01224521097601583,0.0023874847053575454,0.008435668271966845
2024-02-03 00:00:00+00:00,0.0,0.0,0.0,0.0,0.0,0.0,-0.0007589626021405893,-0.0007590988641235086,-0.0007295486431340148,0.0,0.0,0.0,0.0,0.0,0.0,-0.012274399913507317,0.0,0.0,0.0,0.0,0.0,0.0,0.0,0.0,0.0,0.0,0.0,0.0,0.0,0.0,0.0,0.0,0.0,-0.003959782926362676,-0.009690717700408524,-0.003959782926362787,-0.009723670510770721,-0.003959782926362676,-0.009618358010431094
2024-02-04 00:00:00+00:00,0.0,0.0,0.0,0.0,0.0,0.0,-0.0019639008768048694,-0.001964253737828159,-0.0018877333902015403,0.0,0.0,0.0,0.0,0.0,0.0,-0.012415616043269573,0.0,0.0,0.0,0.0,0.0,0.0,0.0,0.0,0.0,0.0,0.0,0.0,0.0,0.0,0.0,0.0,0.0,-0.010279309761972888,-0.01953682111165289,-0.010279309761972999,-0.019632643757957258,-0.01027930976197311,-0.019858539701864686
2024-02-05 00:00:00+00:00,0.0,0.0,0.0,0.0,0.0,0.0,0.0003966507962476218,0.00039672220416364645,0.00038123808655687874,0.0,0.0,0.0,0.0,0.0,0.0,0.01854082758459108,0.0,0.0,0.0,0.0,0.0,0.0,0.0,0.0,0.0,0.0,0.0,0.0,0.0,0.0,0.0,0.0,0.0,0.0020935643802759696,0.007671823088096996,0.0020935643802759696,0.00772217563535138,0.0020935643802757475,0.0073622340053038915
2024-02-06 00:00:00+00:00,0.0,0.0,0.0,0.0,0.0,0.0,0.0019491892274505762,0.0019495399952926817,0.0018734782013296591,0.0,0.0,0.0,0.0,0.0,0.0,-0.017072568062489912,0.0,0.0,0.0,0.0,0.0,0.0,0.0,0.0,0.0,0.0,0.0,0.0,0.0,0.0,0.0,0.0,0.0,0.010270603152961577,0.007194142476077525,0.010270603152961577,0.007216237562034378,0.010270603152961577,0.007802179944775389
2024-02-07 00:00:00+00:00,0.0,0.0,0.0,0.0,0.0,0.0,0.0055407322970104644,0.005541727443661992,0.005325919862405382,0.0,0.0,0.0,0.0,0.0,0.0,0.03626704385609991,0.0,0.0,0.0,0.0,0.0,0.0,0.0,0.0,0.0,0.0,0.0,0.0,0.0,0.0,0.0,0.0,0.0,0.028954568416079685,0.028034784540830193,0.028954568416079463,0.0281586469966022,0.028954568416079463,0.02791925124554373
2024-02-08 00:00:00+00:00,0.0,0.0,0.0,0.0,0.0,0.0,0.004246249375107647,0.004247007822245852,0.0040824957715708265,0.0,0.0,0.0,0.0,0.0,0.0,0.009599576135918886,0.0,0.0,0.0,0.0,0.0,0.0,0.0,0.0,0.0,0.0,0.0,0.0,0.0,0.0,0.0,0.0,0.0,0.021684973325356127,0.005849023123584152,0.021684973325356127,0.005858701221343798,0.021684973325356127,0.005901267523057641
2024-02-09 00:00:00+00:00,0.0,0.0,0.0,0.0,0.0,0.0,0.008157712881996515,0.008159163816105597,0.007844395571712237,0.0,0.0,0.0,0.0,0.0,0.0,0.04656767759081082,0.0,0.0,0.0,0.0,0.0,0.0,0.0,0.0,0.0,0.0,0.0,0.0,0.0,0.0,0.0,0.0,0.0,0.0409491625685352,0.04197761952914569,0.0409491625685352,0.04217874662251697,0.0409491625685352,0.04242685508490296
2024-02-10 00:00:00+00:00,0.0,0.0,0.0,0.0,0.0,0.0,0.002645970903794037,0.0026464377085120283,0.0025451367744240283,0.0,0.0,0.0,0.0,0.0,0.0,0.01716622126539158,0.0,0.0,0.0,0.0,0.0,0.0,0.0,0.0,0.0,0.0,0.0,0.0,0.0,0.0,0.0,0.0,0.0,0.012863543807189126,0.005745977084735676,0.012863543807189126,0.005776444019923721,0.012863543807188904,0.005475082197359926
2024-02-11 00:00:00+00:00,0.0,0.0,0.0,0.0,0.0,0.0,0.0023892489717622922,0.002389669372786063,0.002298429292923787,0.0,0.0,0.0,0.0,0.0,0.0,-0.004084645452188007,0.0,0.0,0.0,0.0,0.0,0.0,0.0,0.0,0.0,0.0,0.0,0.0,0.0,0.0,0.0,0.0,0.0,0.011498300293131036,-0.0013195334822577731,0.011498300293131036,-0.001309544021697695,0.011498300293131036,-0.0016666824275818337
2024-02-12 00:00:00+00:00,0.004597121640756097,0.0031571216407557667,0.0,0.02539770192293389,0.018197701922933573,0.0,0.00582067684860621,0.005582515710937486,0.006786745838938346,0.0,0.0,0.0,0.004597121640755875,0.0031571216407559888,0.0,0.027003833429498858,0.0,0.0,0.0,0.0,0.0,0.0,0.0,0.0,0.0,0.0,0.0,0.0,0.0,0.0,0.0,0.0,0.0,0.033643097670972066,0.042383596764892895,0.033643097670972066,0.04257003030510109,0.03364309767097229,0.04277527887519783
2024-02-13 00:00:00+00:00,-0.0008026033980002012,-0.0008037555095370408,-0.0022206303117919823,-0.011476734563771518,-0.011557890206436161,-0.01876655076251954,-0.000801643889045689,-0.0008018337525231845,-0.0009969250644165095,0.0,0.0,0.0,-0.0008026033980000902,-0.0008037555095370408,-0.0022206303117919823,-0.011462106347183143,0.0,0.0,0.0,0.0,0.0,0.0,0.0,0.0,0.0,0.0,0.0,0.0,0.0,0.0,0.0,0.0,0.0,-0.004334043960360967,-0.008077650374470391,-0.004334043960360856,-0.008162842119515235,-0.004334043960360856,-0.008105354525230757
2024-02-14 00:00:00+00:00,0.007916437597627501,0.007927810531948909,0.0077056658468239725,0.039590530626639975,0.03987376141911225,0.039359861634536975,0.007906965937192867,0.007908840146906737,0.007696231441522761,0.0,0.0,0.0,0.007916437597627501,0.007927810531948909,0.0077056658468239725,0.03953948353008241,0.0,0.0,0.0,0.0,0.0,0.0,0.0,0.0,0.0,0.0,0.0,0.0,0.0,0.0,0.0,0.0,0.0,0.042900242451738846,0.04811863733583377,0.04290024245173907,0.04826681689747492,0.042900242451738846,0.04846792335047212
2024-02-15 00:00:00+00:00,0.0002787170018552221,0.00027911426362403624,0.0002713530257334451,-0.007504024775685014,-0.007555650098954758,-0.007605500967432843,0.00027838614560593555,0.0002784516144511695,0.0002710233329874523,0.0,0.0,0.0,0.0002787170018552221,0.0002791142636238142,0.0002713530257334451,-0.007494717276799623,0.0,0.0,0.0,0.0,0.0,0.0,0.0,0.0,0.0,0.0,0.0,0.0,0.0,0.0,0.0,0.0,0.0,0.0014597388783614829,0.004444526162450613,0.0014597388783614829,0.00444381461672072,0.0014597388783612608,0.004785425967015922
2024-02-16 00:00:00+00:00,0.0008405190669114049,0.0008417167438268258,0.0008183177544813791,-0.014799969743064856,-0.01490256403271728,-0.014796232518570096,0.0008395215906578102,0.0008397189683282402,0.0008173237713617887,0.0,0.0,0.0,0.0008405190669114049,0.0008417167438270479,0.0008183177544811571,-0.014781474215052048,0.0,0.0,0.0,0.0,0.0,0.0,0.0,0.0,0.0,0.0,0.0,0.0,0.0,0.0,0.0,0.0,0.0,0.0043969023163692444,-0.007657874372344664,0.0043969023163692444,-0.0076704936059062145,0.0043969023163692444,-0.007852290556348063
2024-02-17 00:00:00+00:00,-0.0018257064276085977,-0.0018283057350766407,-0.0017775219918448881,-0.0035060018456564146,-0.003530673331913925,-0.0033981766808386382,-0.001823541609093704,-0.0018239699773637819,-0.0017753646587620464,0.0,0.0,0.0,-0.0018257064276087087,-0.0018283057350767518,-0.0017775219918449991,-0.0035015546577771284,0.0,0.0,0.0,0.0,0.0,0.0,0.0,0.0,0.0,0.0,0.0,0.0,0.0,0.0,0.0,0.0,0.0,-0.009516772924069605,-0.0023110718112395734,-0.009516772924069716,-0.0022928138450925006,-0.009516772924069716,-0.0027989292527494936
2024-02-18 00:00:00+00:00,0.001795848632927699,0.0017984101142194397,0.0017483678122847124,0.0168825385151139,0.017001760675428468,0.016693711335282968,0.0017937153279119489,0.001794137459643963,0.0017462420889515773,0.0,0.0,0.0,0.001795848632927921,0.0017984101142196618,0.0017483678122849344,0.016861048611842122,0.0,0.0,0.0,0.0,0.0,0.0,0.0,0.0,0.0,0.0,0.0,0.0,0.0,0.0,0.0,0.0,0.0,0.009433823492409399,0.030101585327217073,0.009433823492409399,0.030208650678702487,0.009433823492409621,0.03033290433959568
2024-02-19 00:00:00+00:00,-0.0013482326258819066,-0.0013501522047226766,-0.0013126486331321852,-0.004810542893872283,-0.005130550095908348,-0.0040962177722760895,-0.0013466339156457119,-0.0013469502639731346,-0.0013110554536454044,0.0,0.0,0.0,-0.0013482326258817956,-0.0013501522047227876,-0.0013126486331321852,-0.004811920064202946,0.0,0.0,0.0,0.0,0.0,0.0,0.0,0.0,0.0,0.0,0.0,0.0,0.0,0.0,0.0,0.0,0.0,-0.007028849190363062,0.026298736604399187,-0.007028849190363062,0.026351652126142433,-0.007028849190363062,0.026574221464809256
2024-02-20 00:00:00+00:00,0.0018063189543189306,0.001808894221662527,0.0017585819969929695,-0.008411064827127501,-0.008413776711535759,-0.008961018106139362,0.001804174165227046,0.0018045985695720468,0.0017564447801117211,0.0,0.0,0.0,0.0018063189543189306,0.001808894221662749,0.0017585819969929695,-0.008411075312762195,0.0,0.0,0.0,0.0,0.0,0.0,0.0,0.0,0.0,0.0,0.0,0.0,0.0,0.0,0.0,0.0,0.0,0.009470900543668614,-0.01539955900732437,0.009470900543668614,-0.015420080991217944,0.009470900543668614,-0.015573262841856894
2024-02-21 00:00:00+00:00,-0.0015655065011852543,-0.0015677344123707915,-0.0015242063064905276,-0.020243810941196316,-0.02025039330652445,-0.020311178769783278,-0.0015636509959177092,-0.0015640181582894375,-0.001522357175904987,0.0,0.0,0.0,-0.0015655065011853653,-0.0015677344123709025,-0.0015242063064904166,-0.020243836392167203,0.0,0.0,0.0,0.0,0.0,0.0,0.0,0.0,0.0,0.0,0.0,0.0,0.0,0.0,0.0,0.0,0.0,-0.008145948774922807,-0.02778685766635125,-0.008145948774922807,-0.027868460527612715,-0.008145948774922696,-0.028135116757465717
2024-02-22 00:00:00+00:00,-0.002183289716621517,-0.002186401689191819,-0.0021256036334064143,-0.01603032420102224,-0.016035644265766535,-0.016157905636415837,-0.0021806979356210343,-0.002181210789482191,-0.0021230209702519653,0.0,0.0,0.0,-0.002183289716621406,-0.002186401689191819,-0.0021256036334066364,-0.01603034477112153,0.0,0.0,0.0,0.0,0.0,0.0,0.0,0.0,0.0,0.0,0.0,0.0,0.0,0.0,0.0,0.0,0.0,-0.011435890107300395,-0.007209361195141706,-0.011435890107300395,-0.00725882669194311,-0.011435890107300395,-0.0071884283074759026
2024-02-23 00:00:00+00:00,-0.0018879950582393334,-0.0018906920264416538,-0.0018380048833032125,-0.01365110054781371,-0.013655704840371818,-0.01366396244281598,-0.0018857489230851288,-0.001886193380655543,-0.0018357669087696316,0.0,0.0,0.0,-0.0018879950582392224,-0.0018906920264415428,-0.0018380048833029905,-0.013651118350274438,0.0,0.0,0.0,0.0,0.0,0.0,0.0,0.0,0.0,0.0,0.0,0.0,0.0,0.0,0.0,0.0,0.0,-0.009981720176282072,-0.014460990948251928,-0.009981720176282183,-0.01448705448538179,-0.009981720176282072,-0.014447476675235937
2024-02-24 00:00:00+00:00,0.0030448432056848773,0.003049200950559161,0.002964073647603316,0.024527527585847864,0.024535914853095253,0.024555148942049243,0.0030412139320910025,0.003041932079086207,0.0029604579219899563,0.0,0.0,0.0,0.0030448432056848773,0.003049200950559161,0.002964073647603316,0.024527560014999894,0.0,0.0,0.0,0.0,0.0,0.0,0.0,0.0,0.0,0.0,0.0,0.0,0.0,0.0,0.0,0.0,0.0,0.016229514819087854,0.03517176213034179,0.016229514819087854,0.03528000479573756,0.016229514819088076,0.035136877071419326
2024-02-25 00:00:00+00:00,0.0005910132402935364,0.0005918565203730797,0.0005753819579843444,0.012468188281089976,0.012472349713769315,-0.0072436212146059775,0.0005903109232503478,0.0005904498955060511,0.0005746821499821309,0.0,0.0,0.0,0.0005910132402933144,0.0005918565203728576,0.0005753819579841224,0.012468204371292924,0.0,0.0,0.0,0.0,0.0,0.0,0.0,0.0,0.0,0.0,0.0,0.0,0.0,0.0,0.0,0.0,0.0,0.003109326719752392,0.004953602601410978,0.003109326719752392,0.0050067550108381376,0.003109326719752392,0.004942933178022191
2024-02-26 00:00:00+00:00,0.010323195927537387,0.01033791674193174,0.010050322181428095,0.03693916759933513,0.036951344687613075,0.0,0.010310935831444379,0.010313361821509659,0.010038105503099581,0.0,0.0,0.0,0.010323195927537387,0.01033791674193174,0.010050322181427873,0.03202830292902825,0.0,0.0,0.0,0.0,0.0,0.0,0.0,0.0,0.0,0.0,0.0,0.0,0.0,0.0,0.0,0.0,0.0,0.05417409290367492,0.0388577346783503,0.05417409290367492,0.03896230187384031,0.05417409290367492,0.038923385265987376
2024-02-27 00:00:00+00:00,0.009273815105401928,0.00928690419522682,0.009031118889710088,0.009331631304848376,0.009334597881279993,0.0,0.00926291368512322,0.009265070845598578,0.009020250205870717,0.0,0.0,0.0,0.009273815105401928,0.00928690419522682,0.009031118889709866,0.013271544208148356,0.0,0.0,0.0,0.0,0.0,0.0,0.0,0.0,0.0,0.0,0.0,0.0,0.0,0.0,0.0,0.0,0.0,0.046642722965781536,0.006953515568795643,0.046642722965781536,0.007027691797806934,0.046642722965781536,0.0072276851188368685
2024-02-28 00:00:00+00:00,0.019658360213190562,0.019685850778178526,0.019148504488493368,0.05248695662015601,0.052503488194025616,0.0,0.019635463791034313,0.019639994547905326,0.019125665841346784,0.0,0.0,0.0,0.019658360213190784,0.01968585077817875,0.019148504488493368,0.037368514889115856,0.0,0.0,0.0,0.0,0.0,0.0,0.0,0.0,0.0,0.0,0.0,0.0,0.0,0.0,0.0,0.0,0.0,0.09534178961884332,0.04249993599185631,0.09534178961884354,0.04269093317862649,0.09534178961884332,0.042014389144417796
2024-02-29 00:00:00+00:00,-0.004746902341719705,-0.004753412331112039,-0.004626100699908542,0.00425204620863151,0.004253318648424154,0.0,-0.004741480014777588,-0.004742553007203387,-0.004620686642495042,0.0,0.0,0.0,-0.004746902341719705,-0.004753412331111928,-0.004626100699908431,-0.020786692954443464,0.0,0.0,0.0,0.0,0.0,0.0,0.0,0.0,0.0,0.0,0.0,0.0,0.0,0.0,0.0,0.0,0.0,-0.021431439132806207,0.008492149565439533,-0.021431439132806207,0.008582938196642464,-0.021431439132806318,0.008769141142318082
2024-03-01 00:00:00+00:00,0.004477006280421358,0.004483175454004895,0.0043625435780860755,0.028718844017658895,0.02872740183368494,0.0,0.004471867888780068,0.0044728846904735775,0.004357414268145288,0.0,0.0,0.0,0.004477006280421358,0.004483175454004673,0.0043625435780862976,0.02659097417500833,0.0,0.0,0.0,0.0,0.0,0.0,0.0,0.0,0.0,0.0,0.0,0.0,0.0,0.0,0.0,0.0,0.0,0.020557534174700187,0.047740400156897955,0.020557534174700187,0.04359168871796437,0.020557534174700187,0.05801696430293379
2024-03-02 00:00:00+00:00,-0.0013854287787922193,-0.0013873293354653704,-0.0013501616593928345,0.016803968360378452,0.016808835878063366,0.0,-0.0013838457605279686,-0.0013841590146295157,-0.0013485810787994268,0.0,0.0,0.0,-0.0013854287787922193,-0.0013873293354653704,-0.0013501616593929455,0.004470212046989275,0.0,0.0,0.0,0.0,0.0,0.0,0.0,0.0,0.0,0.0,0.0,0.0,0.0,0.0,0.0,0.0,0.0,-0.006261379521537935,0.052768617754012315,-0.006261379521538046,0.052877436719105164,-0.006261379521537935,0.04679482968929394
2024-03-03 00:00:00+00:00,0.00393454178645114,0.003939946761700508,0.0038342496900583,-0.007150167467730784,-0.007152204381224436,0.0,0.003930039871400837,0.003930930727553905,0.00382975502491556,0.0,0.0,0.0,0.00393454178645114,0.003939946761700508,0.0038342496900583,-0.0063533919187525045,0.0,0.0,0.0,0.0,0.0,0.0,0.0,0.0,0.0,0.0,0.0,0.0,0.0,0.0,0.0,0.0,0.0,0.017869224949706553,0.0026098877600098103,0.017869224949706553,0.002544648018251383,0.017869224949706553,0.0026321242039355486
2024-03-04 00:00:00+00:00,0.014491568755084172,0.014140725910564811,0.01793392636957747,0.162395980831608,0.15654429516286927,0.0,0.014493599147473057,0.014148868672390957,0.01791298368901817,0.0,0.0,0.0,0.01449156875508395,0.014140725910564811,0.01793392636957747,0.1593445111263947,0.0,0.0,0.0,0.0,0.0,0.0,0.0,0.0,0.0,0.0,0.0,0.0,0.0,0.0,0.0,0.0,0.0,0.08242723518153672,0.03315102091878397,0.08242723518153672,0.033433667859294136,0.0824272351815365,0.02658136432251501
2024-03-05 00:00:00+00:00,-0.0128090534715386,-0.012813484851925017,-0.012419144733253229,-0.05844811686118856,-0.058743845025832186,0.0,-0.012809027771184422,-0.012813381841197957,-0.01241700828262604,0.0,0.0,0.0,-0.01280905347153849,-0.012813484851924906,-0.01241914473325334,-0.05859540985211997,0.0,0.0,0.0,0.0,0.0,0.0,0.0,0.0,0.0,0.0,0.0,0.0,0.0,0.0,0.0,0.0,0.0,-0.06669617704118203,-0.05067795713040568,-0.06669617704118225,-0.05079199923249622,-0.06669617704118225,-0.05101365630169652
2024-03-06 00:00:00+00:00,0.006606640540957054,0.006608955820615936,0.006189882229317378,0.015824942948979848,0.01591000904239004,0.0,0.006606627113258767,0.006608901999985317,0.006189868921342212,0.0,0.0,0.0,0.006606640540957054,0.006608955820615936,0.006189882229317156,0.01586730504100431,0.0,0.0,0.0,0.0,0.0,0.0,0.0,0.0,0.0,0.0,0.0,0.0,0.0,0.0,0.0,0.0,0.0,0.03638670248232079,0.07383244836779945,0.03638670248232079,0.0738279813710987,0.03638670248232079,0.07421041442082865
2024-03-07 00:00:00+00:00,0.0023067742797662216,0.0023075773750740325,0.0021621541501566366,0.008432832879302854,0.008477453190012252,0.0,0.0023067696221230616,0.0023075587064878,0.0021621495302170946,0.0,0.0,0.0,0.0023067742797662216,0.0023075773750742545,0.0021621541501568586,0.008455054296690134,0.0,0.0,0.0,0.0,0.0,0.0,0.0,0.0,0.0,0.0,0.0,0.0,0.0,0.0,0.0,0.0,0.0,0.012339713633589433,0.021625338537732963,0.012339713633589211,0.021627625797222993,0.012339713633589211,0.022851509654791213
2024-03-08 00:00:00+00:00,0.0038105775892331994,0.003811901174071153,0.0035721939437167727,0.03930050905265525,0.039506710200847506,0.0,0.003810569912945372,0.0038118704063172526,0.0035721863273705523,0.0,0.0,0.0,0.0038105775892329774,0.003811901174071153,0.0035721939437167727,0.03940320182820778,0.0,0.0,0.0,0.0,0.0,0.0,0.0,0.0,0.0,0.0,0.0,0.0,0.0,0.0,0.0,0.0,0.0,0.020182045501366153,0.014802792737145465,0.020182045501366153,0.014829657140977393,0.020182045501366153,0.013303882624657426
2024-03-09 00:00:00+00:00,0.0005362523068868086,0.0005364378640857481,0.0005028246295282202,0.013521794784775887,0.013590044359081732,0.0,0.0005362512307245382,0.0005364335506705675,0.0005028235612618559,0.0,0.0,0.0,0.0005362523068870306,0.0005364378640857481,0.0005028246295282202,0.013555787981411216,0.0,0.0,0.0,0.0,0.0,0.0,0.0,0.0,0.0,0.0,0.0,0.0,0.0,0.0,0.0,0.0,0.0,0.002794587017910244,0.028093209821619336,0.002794587017910244,0.028025912992164947,0.002794587017910244,0.027108539340927162
2024-03-10 00:00:00+00:00,0.001550602271735757,0.0015511385326454352,0.001453992929530079,-0.023236659750082933,-0.023352371368759228,0.0,0.001550599161622035,0.001551126066863917,0.0014539898420298236,0.0,0.0,0.0,0.001550602271735757,0.0015511385326454352,0.001453992929530079,-0.02329429440625219,0.0,0.0,0.0,0.0,0.0,0.0,0.0,0.0,0.0,0.0,0.0,0.0,0.0,0.0,0.0,0.0,0.0,0.008062499999999861,-0.026881490408846798,0.00806249999999964,-0.026919706375374886,0.00806249999999964,-0.025991529966711502
2024-03-11 00:00:00+00:00,0.008633442115149048,0.008636423284016592,0.00809632166455554,0.037864745770769925,0.03763159432903662,0.0,0.008633424825469582,0.008636353984577294,0.008096304497276385,0.0,0.0,0.0,0.008633442115149048,0.008636423284016592,0.00809632166455554,0.03794376485979223,0.0,0.0,0.0,0.0,0.0,0.0,0.0,0.0,0.0,0.0,0.0,0.0,0.0,0.0,0.0,0.0,0.0,0.04460039761200996,0.042232530409747726,0.04460039761200996,0.04230553131706971,0.04460039761200996,0.0419643107080101
2024-03-12 00:00:00+00:00,-0.001765503557616288,-0.0017661079744419883,-0.0016565467742054585,-0.024946455212924823,-0.02503518171575292,0.0,-0.0017655000522114328,-0.0017660939243734353,-0.00165654328990672,0.0,0.0,0.0,-0.001765503557616288,-0.0017661079744418773,-0.0016565467742055695,-0.02498594282092914,0.0,0.0,0.0,0.0,0.0,0.0,0.0,0.0,0.0,0.0,0.0,0.0,0.0,0.0,0.0,0.0,0.0,-0.008806564548145102,-0.004749977203393763,-0.008806564548145213,-0.004748260755194078,-0.008806564548145102,-0.003510155495227929
2024-03-13 00:00:00+00:00,0.0046206522389959925,0.004622236909306965,0.004335018841270077,0.02050012022668346,0.02061584004673045,0.0,0.004620643048471207,0.004622200072576854,0.0043350097080756544,0.0,0.0,0.0,0.0046206522389959925,0.004622236909306965,0.004335018841270077,0.02055378233014693,0.0,0.0,0.0,0.0,0.0,0.0,0.0,0.0,0.0,0.0,0.0,0.0,0.0,0.0,0.0,0.0,0.0,0.023212149880386557,0.002689214316870192,0.023212149880386335,0.002752129932971581,0.023212149880386557,0.002400021125610996
2024-03-14 00:00:00+00:00,-0.00490808550580768,-0.004909761007885982,-0.004605993511244244,0.013945057433919938,0.014014671437899917,0.0,-0.004908075788475297,-0.004909722059770694,-0.0046059838490351,0.0,0.0,0.0,-0.004908085505807569,-0.004909761007886204,-0.004605993511244355,0.013977084433033138,0.0,0.0,0.0,0.0,0.0,0.0,0.0,0.0,0.0,0.0,0.0,0.0,0.0,0.0,0.0,0.0,0.0,-0.02420809505265864,-0.0062616899214319455,-0.02420809505265864,-0.0061675198652826335,-0.02420809505265864,-0.006976098121800667
2024-03-15 00:00:00+00:00,-0.005175334018574618,-0.005177109469895025,-0.004855318927005636,-0.02733874126422986,-0.027420506921612797,0.0,-0.005175323721588909,-0.005177068198327528,-0.004855308694644567,0.0,0.0,0.0,-0.005175334018574618,-0.005177109469895025,-0.004855318927005636,-0.027374360816695087,0.0,0.0,0.0,0.0,0.0,0.0,0.0,0.0,0.0,0.0,0.0,0.0,0.0,0.0,0.0,0.0,0.0,-0.026031120760466875,-0.045149590633163816,-0.026031120760466875,-0.045140062833560424,-0.026031120760466764,-0.04281892242405838
2024-03-16 00:00:00+00:00,-0.011909044581084438,-0.011913151362007768,-0.01116905983051164,-0.0681158471109169,-0.06835255061885726,0.0,-0.011909020763259726,-0.011913055896940139,-0.01116903617738918,0.0,0.0,0.0,-0.011909044581084549,-0.011913151362007657,-0.01116905983051153,-0.06822065415234191,0.0,0.0,0.0,0.0,0.0,0.0,0.0,0.0,0.0,0.0,0.0,0.0,0.0,0.0,0.0,0.0,0.0,-0.061183295811867655,-0.07843092869360957,-0.06118329581186799,-0.07845406815791733,-0.061183295811867766,-0.07657586499546243
2024-03-17 00:00:00+00:00,0.008755809186484997,0.00875886499252232,0.008205609814177395,0.07538682521464457,0.0756840056718373,0.0,0.008755791464003737,0.00875879395783108,0.008205592240580373,0.0,0.0,0.0,0.00875580918648522,0.008758864992522097,0.008205609814177395,0.07551927291192939,0.0,0.0,0.0,0.0,0.0,0.0,0.0,0.0,0.0,0.0,0.0,0.0,0.0,0.0,0.0,0.0,0.0,0.04734437098474231,0.06662967234243977,0.047344370984742534,0.06670242657346281,0.04734437098474231,0.06414781528823532
2024-03-18 00:00:00+00:00,-0.0020526407852565765,-0.0020533509434234043,-0.0019247062940098703,-0.03757252337556871,-0.03814319082476314,0.0,-0.0020526366666042684,-0.0020533344352692273,-0.001924702205498896,0.0,0.0,0.0,-0.0020526407852566875,-0.0020533509434232933,-0.0019247062940098703,-0.04030781247347359,0.0,0.0,0.0,0.0,0.0,0.0,0.0,0.0,0.0,0.0,0.0,0.0,0.0,0.0,0.0,0.0,0.0,-0.01069009493787576,-0.05172537119736342,-0.01069009493787576,-0.05170375483687384,-0.01069009493787576,-0.05014415167275943
2024-03-19 00:00:00+00:00,-0.016066305556461935,-0.01607187550047451,-0.015063013417199733,-0.08153789520038168,-0.08183355074441356,0.0,-0.016066273252886787,-0.01607174602289907,-0.01506298135825257,0.0,0.0,0.0,-0.016066305556461824,-0.01607187550047451,-0.015063013417199733,-0.08014532113356188,0.0,0.0,0.0,0.0,0.0,0.0,0.0,0.0,0.0,0.0,0.0,0.0,0.0,0.0,0.0,0.0,0.0,-0.08440339319160894,-0.06566805616840088,-0.08440339319160906,-0.06575173371922804,-0.08440339319160906,-0.06548910365951643
2024-03-20 00:00:00+00:00,0.017031833881052227,0.017037835008436142,0.015951981591652675,0.10043027958182504,0.10084649409381163,0.0,0.017031799076974385,0.017037695506904482,0.015951947121471077,0.0,0.0,0.0,0.017031833881052227,0.01703783500843592,0.015951981591652675,0.09538057182450421,0.0,0.0,0.0,0.0,0.0,0.0,0.0,0.0,0.0,0.0,0.0,0.0,0.0,0.0,0.0,0.0,0.0,0.09615391138894336,0.10185487819375183,0.09615391138894336,0.10179192863398301,0.09615391138894314,0.10023859690046932
2024-03-21 00:00:00+00:00,-0.006679197428566375,-0.00668151140325568,-0.006262372158829077,-0.018215003788816797,-0.018245008330968315,0.0,-0.0066791840083824106,-0.006681457613170627,-0.006262358839123072,0.0,0.0,0.0,-0.006679197428566375,-0.006681511403255791,-0.006262372158829077,-0.04627709946389069,0.0,0.0,0.0,0.0,0.0,0.0,0.0,0.0,0.0,0.0,0.0,0.0,0.0,0.0,0.0,0.0,0.0,-0.03498588245002865,-0.01275591629840167,-0.03498588245002865,-0.012884486302254694,-0.03498588245002854,-0.01292468131804625
2024-03-22 00:00:00+00:00,-0.004730299288131068,-0.004731949100001409,-0.004433237600507067,-0.021432709087214175,-0.021518923770961096,0.0,-0.0047302897198645555,-0.004731910748794199,-0.004433228111843768,0.0,0.0,0.0,-0.004730299288131179,-0.004731949100001409,-0.004433237600506956,-0.019366321121660368,0.0,0.0,0.0,0.0,0.0,0.0,0.0,0.0,0.0,0.0,0.0,0.0,0.0,0.0,0.0,0.0,0.0,-0.02550427809854805,-0.020835677066545988,-0.02550427809854816,-0.02079673972438456,-0.02550427809854816,-0.020634680091662472
2024-03-23 00:00:00+00:00,0.0005244695689199386,0.0005246533606795278,0.0004913863369764293,0.010548010602605018,0.010606689890019894,0.0,0.0005244685030010299,0.0005246490882850896,0.0004913852805563668,0.0,0.0,0.0,0.0005244695689199386,0.0005246533606795278,0.0004913863369762073,0.0006673804796939464,0.0,0.0,0.0,0.0,0.0,0.0,0.0,0.0,0.0,0.0,0.0,0.0,0.0,0.0,0.0,0.0,0.0,0.0028880556412205216,0.009829821939187022,0.0028880556412205216,0.009819607362256955,0.0028880556412205216,0.010166981267760944
2024-03-24 00:00:00+00:00,0.009118853634245916,0.009122047511283204,0.008543924222659038,0.045419811419574296,0.04560381604410435,0.0,0.009118835111029844,0.009121973266929206,0.008543905863293455,0.0,0.0,0.0,0.009118853634245916,0.009122047511283427,0.008543924222659038,0.044266789541239415,0.0,0.0,0.0,0.0,0.0,0.0,0.0,0.0,0.0,0.0,0.0,0.0,0.0,0.0,0.0,0.0,0.0,0.050095736080298936,0.05082770836467687,0.050095736080298714,0.05077785571838467,0.050095736080298936,0.04963856399103417
2024-03-25 00:00:00+00:00,0.007568778967271372,0.007571405967284006,0.007095621948645547,0.01942683990583771,0.019496015864154392,0.0,0.007568763731667927,0.007571344900651145,0.007095606830589851,0.0,0.0,0.0,0.007568778967271372,0.007571405967283784,0.0070956219486457695,0.008337327593940458,0.0,0.0,0.0,0.0,0.0,0.0,0.0,0.0,0.0,0.0,0.0,0.0,0.0,0.0,0.0,0.0,0.0,0.039957634060477476,0.0336838196464615,0.039957634060477476,0.033693677704306646,0.0399576340604777,0.033171218416122805
2024-03-26 00:00:00+00:00,0.00028566762799919765,0.0002857660335160439,0.00026793513550460446,0.01871134190510748,0.018757351119896626,0.0,0.0002856670572828346,0.0002857637460100815,0.0002679345686595891,0.0,0.0,0.0,0.00028566762799919765,0.0002857660335160439,0.00026793513550460446,0.01050831975519717,0.0,0.0,0.0,0.0,0.0,0.0,0.0,0.0,0.0,0.0,0.0,0.0,0.0,0.0,0.0,0.0,0.0,0.0014611473870185243,0.014886690667401226,0.0014611473870187464,0.014923616516817395,0.0014611473870185243,0.014017365964616335
2024-03-27 00:00:00+00:00,-0.001556125137611275,-0.0015566610315531637,-0.001459556317052857,-0.003444234391461909,-0.003431185511308943,0.0,-0.0015561220296209655,-0.0015566485743198077,-0.0014595532300341052,0.0,0.0,0.0,-0.001556125137611164,-0.0015566610315531637,-0.001459556317052857,-0.008604645444007963,0.0,0.0,0.0,0.0,0.0,0.0,0.0,0.0,0.0,0.0,0.0,0.0,0.0,0.0,0.0,0.0,0.0,-0.007950006000651322,-0.009861447222153763,-0.007950006000651433,-0.009844935439072056,-0.007950006000651322,-0.009676227792409509
2024-03-28 00:00:00+00:00,0.003823887980323626,0.0038252068930733074,0.003586241213345387,0.047458587107787054,0.04765854651945678,0.0,0.0038238803311132497,0.003825176233998251,0.003586233617217882,0.0,0.0,0.0,0.003823887980323404,0.0038252068930733074,0.003586241213345387,0.03709337403832769,0.0,0.0,0.0,0.0,0.0,0.0,0.0,0.0,0.0,0.0,0.0,0.0,0.0,0.0,0.0,0.0,0.0,0.019661570171997322,0.03009858226752038,0.019661570171997322,0.030008200093400328,0.019661570171997322,0.02980452311100934
2024-03-29 00:00:00+00:00,-0.0025040648751407657,-0.0025049252711446535,-0.0023489985028727345,-0.014489682083195787,-0.014547920652804858,0.0,-0.0025040598851530094,-0.002504905270646951,-0.002348993545166378,0.0,0.0,0.0,-0.0025040648751408767,-0.0025049252711447645,-0.0023489985028728455,-0.018377156489475688,0.0,0.0,0.0,0.0,0.0,0.0,0.0,0.0,0.0,0.0,0.0,0.0,0.0,0.0,0.0,0.0,0.0,-0.012675353715856041,-0.007654450220060727,-0.01267535371585593,-0.007568562809810997,-0.012675353715856152,-0.006772754918225488
2024-03-30 00:00:00+00:00,-0.0007745071737268461,-0.0007747739624650585,-0.000726432222502682,-0.017008786723868408,-0.017086213473556655,0.0,-0.0007745056264492067,-0.0007747677607716774,-0.0007264306857125424,0.0,0.0,0.0,-0.0007745071737268461,-0.0007747739624650585,-0.000726432222502571,-0.01559255648955249,0.0,0.0,0.0,0.0,0.0,0.0,0.0,0.0,0.0,0.0,0.0,0.0,0.0,0.0,0.0,0.0,0.0,-0.003960874774243228,-0.012559735537371552,-0.003960874774243117,-0.012594848315366058,-0.003960874774243228,-0.012597249186691695
2024-03-31 00:00:00+00:00,0.004652744576356449,0.004654348515440887,0.00436373101652987,0.04132552455323313,0.041493923740155036,0.0,0.004652735274095932,0.004654311230730679,0.004363721778210206,0.0,0.0,0.0,0.004652744576356449,0.004654348515440887,0.00436373101652987,0.03748814811376455,0.0,0.0,0.0,0.0,0.0,0.0,0.0,0.0,0.0,0.0,0.0,0.0,0.0,0.0,0.0,0.0,0.0,0.02387052584727689,0.03542230042625816,0.023870525847277113,0.03544841487219763,0.023870525847277335,0.03600490608062601
2024-04-01 00:00:00+00:00,-0.0044780802718631385,-0.004479616847222978,-0.00420112485697044,-0.040322941690855374,-0.040577117816437136,0.0,-0.004478071360273339,-0.004479581128486565,-0.004201116001541938,0.0,0.0,0.0,-0.0044780802718631385,-0.004479616847222978,-0.004201124856970551,-0.05291580215954317,0.0,0.0,0.0,0.0,0.0,0.0,0.0,0.0,0.0,0.0,0.0,0.0,0.0,0.0,0.0,0.0,0.0,-0.022543200975186584,-0.044285233635909305,-0.022543200975186695,-0.048413797808875114,-0.022543200975186584,-0.045777471256436164
2024-04-02 00:00:00+00:00,-0.011805304057457389,-0.011809373069836648,-0.011072102240876291,-0.0595977451715205,-0.05972193380073143,0.0,-0.011805280458672462,-0.011809278482741159,-0.011072078803852747,0.0,0.0,0.0,-0.01180530405745761,-0.011809373069836648,-0.01107210224087618,-0.06657695959424104,0.0,0.0,0.0,0.0,0.0,0.0,0.0,0.0,0.0,0.0,0.0,0.0,0.0,0.0,0.0,0.0,0.0,-0.06052769574617889,-0.06487392678735038,-0.06052769574617878,-0.06543861881015522,-0.060527695746179,-0.06876015194857565
2024-04-03 00:00:00+00:00,0.0014835764943657015,0.0014840939594455982,0.0013904031530156402,-0.000864609067722899,-0.0008498487779655672,0.0,0.0014835734932696631,0.0014840819305519393,0.0013904001769091678,0.0,0.0,0.0,0.0014835764943657015,0.0014840939594453761,0.0013904031530154182,-0.00019742868449812434,0.0,0.0,0.0,0.0,0.0,0.0,0.0,0.0,0.0,0.0,0.0,0.0,0.0,0.0,0.0,0.0,0.0,0.008001021628024185,-0.005998784702885285,0.008001021628024185,-0.005673588093945026,0.008001021628024185,-0.0062683555131860524
2024-04-04 00:00:00+00:00,0.007176137176935882,0.007178636473427424,0.006726078609520014,0.018047733471518113,0.0180946761960874,0.0,0.007176122681981978,0.007178578375293343,0.006726064232587037,0.0,0.0,0.0,0.007176137176935882,0.007178636473427424,0.006726078609519792,0.020697938438093866,0.0,0.0,0.0,0.0,0.0,0.0,0.0,0.0,0.0,0.0,0.0,0.0,0.0,0.0,0.0,0.0,0.0,0.03845112863081601,0.019254190460811005,0.03845112863081601,0.01933192601709033,0.03845112863081601,0.019749995247479557
2024-04-05 00:00:00+00:00,-0.001877829189251612,-0.0018784785359367007,-0.0017608461047884383,-0.018262715687713538,-0.018282132130058804,0.0,-0.0018778254232824088,-0.0018784634413933077,-0.0017608423661421568,0.0,0.0,0.0,-0.001877829189251723,-0.0018784785359367007,-0.0017608461047882162,-0.020474350218279147,0.0,0.0,0.0,0.0,0.0,0.0,0.0,0.0,0.0,0.0,0.0,0.0,0.0,0.0,0.0,0.0,0.0,-0.00975874141538835,-0.029222778202897315,-0.009758741415388239,-0.02930080703811533,-0.009758741415388239,-0.028342753027138623
2024-04-06 00:00:00+00:00,0.0029916897858421887,0.0029927262485507367,0.0028049877983722382,0.019272249101316863,0.019302705200564763,0.0,0.0029916837747476777,0.0029927021551940935,0.002804981832288167,0.0,0.0,0.0,0.0029916897858421887,0.0029927262485507367,0.002804987798372016,0.02126670631804206,0.0,0.0,0.0,0.0,0.0,0.0,0.0,0.0,0.0,0.0,0.0,0.0,0.0,0.0,0.0,0.0,0.0,0.015671009310676443,0.01878406229111884,0.015671009310676443,0.018699224374827406,0.015671009310676443,0.01872306500212062
2024-04-07 00:00:00+00:00,0.0012074063296609872,0.0012078233841374963,0.0011322666489552713,0.021837637863980408,0.0218755724692834,0.0,0.0012074039108991297,0.0012078136894018154,0.0011322642474109745,0.0,0.0,0.0,0.0012074063296609872,0.0012078233841374963,0.0011322666489552713,0.024135285436658105,0.0,0.0,0.0,0.0,0.0,0.0,0.0,0.0,0.0,0.0,0.0,0.0,0.0,0.0,0.0,0.0,0.0,0.006245657095506063,0.025438393070594145,0.006245657095505841,0.025546781801223606,0.006245657095506063,0.024975932359805997
2024-04-08 00:00:00+00:00,0.006365775620891911,0.006367971793300731,0.005970066769656501,0.023192370981479637,0.023285200587565447,0.0,0.0063657628838986735,0.00636792074169068,0.005970054121429813,0.019384005338905386,0.01218400533890529,0.0,0.020709724887957526,0.014834314451880326,0.005970066769656501,0.014999870366907642,0.009194030366823425,0.0,0.008743510266164822,0.001543510266164505,0.0,0.008743510266164378,0.001543510266164727,0.0,0.024559125067753707,0.017359125067753833,0.0,0.02455912506775393,0.01735912506775361,0.0,0.024559125067753707,0.01735912506775361,0.0,0.03276393453874937,0.03226046948568895,0.03276393453874937,0.03232329542751544,0.03276393453874937,0.032309648009696046
2024-04-09 00:00:00+00:00,-0.006975072038872376,-0.006977463189831723,-0.006544061313688787,-0.039156357504645634,-0.03924113840635057,-0.050923178863860774,-0.006975058171044712,-0.006977407605923358,-0.006544047531672481,-0.04427873011836403,-0.0445936993879541,-0.05092317886386111,-0.04422122243760773,-0.044477242389809324,-0.0495550569165093,-0.03459090284583288,-0.0347857874986619,-0.04125682289169452,-0.04921752581653083,-0.049571345877512996,-0.05598314411068328,-0.049217525816530605,-0.04957134587751311,-0.0559831441106835,-0.046977590321997664,-0.047310057630723046,-0.05330661938164605,-0.046977590321997664,-0.047310057630722935,-0.053306619381645715,-0.04697759032199755,-0.047310057630722935,-0.05330661938164594,-0.034982288394447836,-0.05834255339184691,-0.034982288394447836,-0.058367548123877344,-0.034982288394447836,-0.05874479294128432
2024-04-10 00:00:00+00:00,0.004252896778056181,0.004254364974050295,0.003988366364029661,0.018992829726827143,0.019028828019496347,0.02102475360089251,0.004252888263060806,0.004254330844769116,0.003988357909064488,0.021015859290425487,0.02117232964877802,0.02102475360089273,0.02098730177204633,0.02111446414990925,0.020994148360103493,-0.0051059025721322815,-0.005135705886080144,-0.005183496697871548,0.016948690831240176,0.017076888259098588,0.016887034682459223,0.016948690831239954,0.01707688825909881,0.016887034682459,0.018002548165519494,0.018136281789295383,0.01703906961755819,0.018002548165519272,0.018136281789295605,0.017039069617557745,0.018002548165519494,0.018136281789295605,0.017039069617557967,0.02194872145076876,-0.004708740871677164,0.02194872145076876,-0.004687061384481828,0.02194872145076876,-0.00463223759455389
2024-04-11 00:00:00+00:00,-0.0017120940800799955,-0.001712682629708917,-0.0016060247771636504,-0.012205544574084959,-0.012227298986838386,-0.013705738255685329,-0.0017120906667041913,-0.0017126689484653346,-0.0016060213860656924,-0.01372132638314294,-0.01382136829474645,-0.013705738255685329,-0.013703064352504235,-0.013784374603635019,-0.013686197377989484,-0.012554254534784537,-0.012627912398591512,-0.012456153702510298,-0.009179115709463725,-0.00924737947058285,-0.009186482263440321,-0.009179115709463392,-0.009247379470582962,-0.00918648226344021,-0.0012752004963415553,-0.0012845046996212695,-0.002107921603413665,-0.0012752004963416663,-0.0012845046996212695,-0.002107921603413665,-0.0012752004963414443,-0.0012845046996212695,-0.002107921603413554,-0.008682923983960089,-0.019751901443209374,-0.008682923983960089,-0.01992011722512832,-0.008682923983960089,-0.020010024442167595
2024-04-12 00:00:00+00:00,-0.008031457233918404,-0.008034222865093699,-0.007533084253643296,-0.06717520078639316,-0.06729824785989025,-0.0769009647037493,-0.00803144119426269,-0.008034158576044836,-0.007533068322058467,-0.0768627367731397,-0.07743099553743349,-0.0769009647037493,-0.07675901710170585,-0.07722085028146108,-0.07678980220252929,-0.09835188517579896,-0.09893631185423069,-0.09791438946826758,-0.09399899298046643,-0.09470457473126248,-0.09406494555486378,-0.09399899298046643,-0.09470457473126248,-0.09406494555486355,-0.11229926784863486,-0.1131196871214033,-0.11146324117149353,-0.11229926784863498,-0.11311968712140352,-0.11146324117149364,-0.11229926784863498,-0.1131196871214033,-0.11146324117149353,-0.041018138485559796,-0.1273565372227451,-0.04101813848555991,-0.12735741797154132,-0.041018138485559796,-0.12788918767125934
2024-04-13 00:00:00+00:00,-0.008806080506838065,-0.00880913743950762,-0.008255492495495842,-0.0738969772536785,-0.07403462463258814,-0.08548443251895455,-0.00880606277778928,-0.008809066378756003,-0.008255474903582027,-0.0853988112467785,-0.08608316911456348,-0.08548443251895455,-0.08527399186158391,-0.08582999154809012,-0.08535058418737074,-0.007122447335195958,-0.08319542232951749,-0.08238940416149121,-0.08880634651531671,-0.08954268553757183,-0.08882002041930881,-0.08880634651531671,-0.08954268553757183,-0.08882002041930903,-0.08395810232297696,-0.08464970478160228,-0.08491756344497048,-0.08395810232297674,-0.08464970478160205,-0.08491756344497015,-0.08395810232297674,-0.08464970478160216,-0.08491756344497048,-0.04652129061197252,-0.0974387944054731,-0.04652129061197252,-0.09746734690398995,-0.04652129061197241,-0.09743896167529187
2024-04-14 00:00:00+00:00,0.0049835491382175245,0.004985294496843595,0.004669365879407028,-0.005991743091095181,-0.012113697175036076,0.053084472609147726,0.004983539015831484,0.004985253924517652,0.004669355846467216,-0.006986908237541889,-0.014215142504223288,0.053084472609147726,-0.006975744124485761,-0.014169409342940198,0.052993598791198915,0.0,-0.014395854530642516,-0.007176737108955833,-0.007011604653752945,-0.014209755199388163,0.053546098588869384,-0.007011604653753056,-0.014209755199388163,0.053546098588869384,-0.007915776305004507,-0.015124285280587846,0.046413267327420904,-0.007915776305004507,-0.015124285280588179,0.046413267327420904,-0.007915776305004507,-0.015124285280588179,0.04641326732742068,0.027368782425926774,0.07872023112765181,0.027368782425926774,0.07895398282140209,0.027368782425926552,0.07930328638187123
2024-04-15 00:00:00+00:00,-0.0015242207237238237,-0.0030141455971075537,-0.006166374751249926,0.0,0.0,-0.007188569248847032,-0.006579215073695965,-0.006581467847210698,-0.006166361563307077,0.0,0.0,-0.007188569248847032,0.0,0.0,-0.007176882653750161,0.0,0.0,0.0,0.0,0.0,-0.007259814721763402,0.0,0.0,-0.007259814721763402,0.0,0.0,-0.007483460118461682,0.0,0.0,-0.007483460118461682,0.0,0.0,-0.00748346011846146,-0.03534469849286337,-0.045591121450348715,-0.03534469849286348,-0.04566825669847285,-0.03534469849286348,-0.045982342893117534
2024-04-16 00:00:00+00:00,0.0,0.0,-0.001354734183506845,0.0,0.0,0.0,0.0010333835910278921,0.0010337397736706055,0.0009681352060013637,0.0,0.0,0.0,0.0,0.0,0.0,0.0,0.0,0.0,0.0,0.0,0.0,0.0,0.0,0.0,0.0,0.0,0.0,0.0,0.0,0.0,0.0,0.0,0.0,0.005717061257785039,0.005799883014979468,0.005717061257785039,0.0057120557974124075,0.005717061257785039,0.006466892959300363
2024-04-17 00:00:00+00:00,0.0,0.0,0.0,0.0,0.0,0.0,-0.007215574654311108,-0.007218059122264364,-0.006760420115699994,0.0,0.0,0.0,0.0,0.0,0.0,0.0,0.0,0.0,0.0,0.0,0.0,0.0,0.0,0.0,0.0,0.0,0.0,0.0,0.0,0.0,0.0,0.0,0.0,-0.03973332890385861,-0.03433617718744719,-0.03973332890385861,-0.03448398238624095,-0.03973332890385861,-0.034372252966628714
2024-04-18 00:00:00+00:00,0.0,0.0,0.0,0.0,0.0,0.0,0.006404969512800562,0.006407190907202542,0.005998197557890439,0.0,0.0,0.0,0.0,0.0,0.0,0.0,0.0,0.0,0.0,0.0,0.0,0.0,0.0,0.0,0.0,0.0,0.0,0.0,0.0,0.0,0.0,0.0,0.0,0.03646399048554039,0.03678078366912674,0.036463990485540165,0.036911960476483374,0.03646399048554039,0.036895921602256854
2024-04-19 00:00:00+00:00,0.0,0.0,0.0,0.0,0.0,0.0,0.0009527697652145228,0.0009530981044949538,0.0008926212792177424,0.0,0.0,0.0,0.0,0.0,0.0,0.0,0.0,0.0,0.0,0.0,0.0,0.0,0.0,0.0,0.0,0.0,0.0,0.0,0.0,0.0,0.0,0.0,0.0,0.005266882735025513,0.005804752232554167,0.005266882735025513,0.005843396970986348,0.005266882735025513,0.005243394499901521
2024-04-20 00:00:00+00:00,0.0,0.0,0.0,0.0,0.0,0.0,0.0031883365227152183,0.0031894342268523612,0.0029872359072893317,0.0,0.0,0.0,0.0,0.0,0.0,0.0,0.0,0.0,0.0,0.0,0.0,0.0,0.0,0.0,0.0,0.0,0.0,0.0,0.0,0.0,0.0,0.0,0.0,0.01754939084584306,0.08467464705506011,0.01754939084584306,0.08482916377381633,0.01754939084584306,0.0850460023129338
2024-04-21 00:00:00+00:00,0.0,0.0,0.0,0.0,0.0,0.0,-4.5240823996151036e-05,-4.5256350322264716e-05,-4.2395810402884315e-05,0.0,0.0,0.0,0.0,0.0,0.0,0.0,0.0,0.0,0.0,0.0,0.0,0.0,0.0,0.0,0.0,0.0,0.0,0.0,0.0,0.0,0.0,0.0,0.0,-0.00024550219204988455,-0.006747462278222982,-0.0002455021920497735,-0.006741676965079879,-0.00024550219204988455,-0.006581283716401765
2024-04-22 00:00:00+00:00,0.0,0.0,0.0,0.0,0.0,0.0,0.005407161285424067,0.005409017068357835,0.005067112227503223,0.0,0.0,0.0,0.0,0.0,0.0,0.0,0.0,0.0,0.0,0.0,0.0,0.0,0.0,0.0,0.0,0.0,0.0,0.0,0.0,0.0,0.0,0.0,0.0,0.029348180189589623,0.026968906931832626,0.029348180189589623,0.0270136249100148,0.029348180189589623,0.027174420298015534
2024-04-23 00:00:00+00:00,0.0,0.0,0.0,0.0,0.0,0.0,-0.0012555015790916002,-0.001255930159525187,-0.0011769428492443001,0.0,0.0,0.0,0.0,0.0,0.0,0.0,0.0,0.0,0.0,0.0,0.0,0.0,0.0,0.0,0.0,0.0,0.0,0.0,0.0,0.0,0.0,0.0,0.0,-0.006655930667401222,-0.0024970289670764867,-0.006655930667401222,-0.0024045759988036153,-0.006655930667401222,0.00011697440233104928
2024-04-24 00:00:00+00:00,0.0,0.0,0.0,0.0,0.0,0.0,-0.006097067471441897,-0.0060991513953829735,-0.005715114729859749,0.0,0.0,0.0,0.0,0.0,0.0,0.0,0.0,0.0,0.0,0.0,0.0,0.0,0.0,0.0,0.0,0.0,0.0,0.0,0.0,0.0,0.0,0.0,0.0,-0.03249879242619347,-0.048842727100792405,-0.03249879242619358,-0.04897236745702571,-0.03249879242619347,-0.04987476253892964
2024-04-25 00:00:00+00:00,0.0,0.0,0.0,0.0,0.0,0.0,0.0006498892004367374,0.0006501126899356446,0.0006089426695197186,0.0,0.0,0.0,0.0,0.0,0.0,0.0,0.0,0.0,0.0,0.0,0.0,0.0,0.0,0.0,0.0,0.0,0.0,0.0,0.0,0.0,0.0,0.0,0.0,0.0035585903711696787,-0.002006688848662952,0.0035585903711696787,-0.0020182194855066227,0.0035585903711699007,-0.0023969671763708345
2024-04-26 00:00:00+00:00,0.0,0.0,0.0,0.0,0.0,0.0,-0.0021076579877702395,-0.00210838231646715,-0.0019749449616895953,0.0,0.0,0.0,0.0,0.0,0.0,0.0,0.0,0.0,0.0,0.0,0.0,0.0,0.0,0.0,0.0,0.0,0.0,0.0,0.0,0.0,0.0,0.0,0.0,-0.011507427218101052,-0.02699606882154415,-0.011507427218101052,-0.027318921938020546,-0.011507427218101052,-0.0278126360149914
2024-04-27 00:00:00+00:00,0.0,0.0,0.0,0.0,0.0,0.0,-0.0009119315306469478,-0.0009122455919371442,-0.0008543962546244677,0.0,0.0,0.0,0.0,0.0,0.0,0.0,0.0,0.0,0.0,0.0,0.0,0.0,0.0,0.0,0.0,0.0,0.0,0.0,0.0,0.0,0.0,0.0,0.0,-0.005026325495482653,0.00669213583110051,-0.005026325495482653,0.006932586042656119,-0.005026325495482653,0.006823292326962438
2024-04-28 00:00:00+00:00,0.0,0.0,0.0,0.0,0.0,0.0,-0.0008918813611538123,-0.0008921887977976217,-0.000835562965424308,0.0,0.0,0.0,0.0,0.0,0.0,0.0,0.0,0.0,0.0,0.0,0.0,0.0,0.0,0.0,0.0,0.0,0.0,0.0,0.0,0.0,0.0,0.0,0.0,-0.004936142032733182,-0.012226943859920736,-0.004936142032733182,-0.01226728786137432,-0.004936142032733182,-0.011976566971604985
2024-04-29 00:00:00+00:00,0.0,0.0,0.0,0.0,0.0,0.0,0.002098416649816137,0.002099140632054297,0.0019658000335278647,0.0,0.0,0.0,0.0,0.0,0.0,0.0,0.0,0.0,0.0,0.0,0.0,0.0,0.0,0.0,0.0,0.0,0.0,0.0,0.0,0.0,0.0,0.0,0.0,0.011660946927646076,-0.0066962968410198,0.011660946927646076,-0.006681214151115,0.011660946927646076,-0.005852671820452682
2024-04-30 00:00:00+00:00,0.0,0.0,0.0,0.0,0.0,0.0,-0.009170294017208369,-0.009173451265657717,-0.00859188296695268,0.0,0.0,0.0,0.0,0.0,0.0,0.0,0.0,0.0,0.0,0.0,0.0,0.0,0.0,0.0,0.0,0.0,0.0,0.0,0.0,0.0,0.0,0.0,0.0,-0.050477838071512626,-0.06567045557899776,-0.050477838071512626,-0.06574683185233032,-0.050477838071512515,-0.06685966174687186
2024-05-01 00:00:00+00:00,0.0,0.0,0.0,0.0,0.0,0.0,-0.006767478917966696,-0.00676983047098656,-0.006336924785103393,0.0,0.0,0.0,0.0,0.0,0.0,0.0,0.0,0.0,0.0,0.0,0.0,0.0,0.0,0.0,0.0,0.0,0.0,0.0,0.0,0.0,0.0,0.0,0.0,-0.03887212749145941,0.01291434183970308,-0.03887212749145941,0.01074667212212388,-0.03887212749145941,0.016359390940419827
2024-05-02 00:00:00+00:00,0.0,0.0,0.0,0.0,0.0,0.0,0.002331327857597154,0.002332143465290981,0.002182060428645771,0.0,0.0,0.0,0.0,0.0,0.0,0.0,0.0,0.0,0.0,0.0,0.0,0.0,0.0,0.0,0.0,0.0,0.0,0.0,0.0,0.0,0.0,0.0,0.0,0.013838356395258433,0.018629860735172254,0.013838356395258433,0.018660244033840367,0.013838356395258433,0.01621000806031736
2024-05-03 00:00:00+00:00,0.0,0.0,0.0,0.0,0.0,0.0,0.011080402213482055,0.011084269637841038,0.01037250435227155,0.0,0.0,0.0,0.0,0.0,0.0,0.0,0.0,0.0,0.0,0.0,0.0,0.0,0.0,0.0,0.0,0.0,0.0,0.0,0.0,0.0,0.0,0.0,0.0,0.06502483668628178,0.048252154749478304,0.06502483668628178,0.048268437090587035,0.06502483668628178,0.04984230868520978
2024-05-04 00:00:00+00:00,0.0,0.0,0.0,0.0,0.0,0.0,0.002824093582052045,0.002825068477478876,0.0026455218793985935,0.0,0.0,0.0,0.0,0.0,0.0,0.0,0.0,0.0,0.0,0.0,0.0,0.0,0.0,0.0,0.0,0.0,0.0,0.0,0.0,0.0,0.0,0.0,0.0,0.015733624656132372,0.0040851043628982175,0.015733624656132372,0.004142051063812158,0.015733624656132372,0.004626749993186907
2024-05-05 00:00:00+00:00,0.0,0.0,0.0,0.0,0.0,0.0,0.0003430237557431326,0.00034314183618389116,0.0003213910753001592,0.0,0.0,0.0,0.0,0.0,0.0,0.0,0.0,0.0,0.0,0.0,0.0,0.0,0.0,0.0,0.0,0.0,0.0,0.0,0.0,0.0,0.0,0.0,0.0,0.0018867694225987997,0.010657087153218336,0.0018867694225987997,0.010762043925179654,0.0018867694225987997,0.010966115839432078
2024-05-06 00:00:00+00:00,0.0,0.0,0.0,0.0,0.0,0.0,-0.0024493173169233273,-0.002450160166011739,-0.0022949015529913908,0.0,0.0,0.0,0.0,0.0,0.0,0.0,0.0,0.0,0.0,0.0,0.0,0.0,0.0,0.0,0.0,0.0,0.0,0.0,0.0,0.0,0.0,0.0,0.0,-0.01345147754455589,-0.018488766418305325,-0.013451477544555779,-0.018424528813387298,-0.01345147754455589,-0.01917101007156974
2024-05-07 00:00:00+00:00,0.0,0.0,0.0,0.0,0.0,0.0,-0.002413335604557365,-0.0024141681115406044,-0.002260838320179537,0.0,0.0,0.0,0.0,0.0,0.0,0.0,0.0,0.0,0.0,0.0,0.0,0.0,0.0,0.0,0.0,0.0,0.0,0.0,0.0,0.0,0.0,0.0,0.0,-0.013401677964555825,-0.017976422475188603,-0.013401677964555936,-0.01794379680116298,-0.013401677964555936,-0.01872631811088632
2024-05-08 00:00:00+00:00,0.0,0.0,0.0,0.0,0.0,0.0,-0.003275836026766288,-0.0032769687975715556,-0.0030683687884824895,0.0,0.0,0.0,0.0,0.0,0.0,0.0,0.0,0.0,0.0,0.0,0.0,0.0,0.0,0.0,0.0,0.0,0.0,0.0,0.0,0.0,0.0,0.0,0.0,-0.018393902280899765,-0.025433054017404033,-0.018393902280899765,-0.02553862916051708,-0.018393902280899765,-0.026209222130222143
2024-05-09 00:00:00+00:00,0.0,0.0,0.0,0.0,0.0,0.0,0.00545948232777449,0.005461376401429741,0.005112654880230494,0.0,0.0,0.0,0.0,0.0,0.0,0.0,0.0,0.0,0.0,0.0,0.0,0.0,0.0,0.0,0.0,0.0,0.0,0.0,0.0,0.0,0.0,0.0,0.0,0.03112726221698936,0.031298544290109254,0.03112726221698936,0.03131910315361708,0.03112726221698936,0.0326468892202072
2024-05-10 00:00:00+00:00,0.0,0.0,0.0,0.0,0.0,0.0,-0.006519376252190345,-0.006521625752476834,-0.006107323043496371,0.0,0.0,0.0,0.0,0.0,0.0,0.0,0.0,0.0,0.0,0.0,0.0,0.0,0.0,0.0,0.0,0.0,0.0,0.0,0.0,0.0,0.0,0.0,0.0,-0.03624497551034456,-0.032898606358341076,-0.036244975510344446,-0.032826202961057205,-0.036244975510344446,-0.03407379359538587
2024-05-11 00:00:00+00:00,0.0,0.0,0.0,0.0,0.0,0.0,7.796167957474509e-05,7.798875671372052e-05,7.300388017794646e-05,0.0,0.0,0.0,0.0,0.0,0.0,0.0,0.0,0.0,0.0,0.0,0.0,0.0,0.0,0.0,0.0,0.0,0.0,0.0,0.0,0.0,0.0,0.0,0.0,0.0004468026058659369,-0.006193465743480453,0.0004468026058659369,-0.00615814973589246,0.00044680260586571485,-0.006264702912435971
2024-05-12 00:00:00+00:00,0.0,0.0,0.0,0.0,0.0,0.0,0.0018323297782325554,0.0018329661213623005,0.0017158153524710062,0.0,0.0,0.0,0.0,0.0,0.0,0.0,0.0,0.0,0.0,0.0,0.0,0.0,0.0,0.0,0.0,0.0,0.0,0.0,0.0,0.0,0.0,0.0,0.0,0.010497309611190664,-0.00511564958666888,0.010497309611190442,-0.005139600616585693,0.010497309611190442,-0.004893944485294122
2024-05-13 00:00:00+00:00,0.0,0.0,0.0,0.0,0.0,0.0,-0.0014085248132712502,-0.002817997499694691,0.00396927217255949,0.0,0.0,0.0,0.0,0.0,0.0,0.0,0.0,0.0,0.0,0.0,0.0,0.0,0.0,0.0,0.0,0.0,0.0,0.0,0.0,0.0,0.0,0.0,0.0,0.024072860861842127,-0.002106989775321866,0.02407286086184235,-0.0019827110154393424,0.02407286086184235,-0.001890962605535118
2024-05-14 00:00:00+00:00,0.0,0.0,0.0,0.0,0.0,0.0,0.0,0.0,-0.001358569750108618,0.0,0.0,0.0,0.0,0.0,0.0,0.0,0.0,0.0,0.0,0.0,0.0,0.0,0.0,0.0,0.0,0.0,0.0,0.0,0.0,0.0,0.0,0.0,0.0,-0.02212740438664562,-0.037761830479830394,-0.02212740438664551,-0.037739814552280926,-0.02212740438664562,-0.038552093498616324
2024-05-15 00:00:00+00:00,0.0,0.0,0.0,0.0,0.0,0.0,0.0,0.0,0.0,0.0,0.0,0.0,0.0,0.0,0.0,0.0,0.0,0.0,0.0,0.0,0.0,0.0,0.0,0.0,0.0,0.0,0.0,0.0,0.0,0.0,0.0,0.0,0.0,0.07645209997296076,0.08284520095817327,0.07645209997296076,0.08267504471747844,0.07645209997296054,0.08479437430924519
2024-05-16 00:00:00+00:00,0.0,0.0,0.0,0.0,0.0,0.0,0.0,0.0,0.0,0.0,0.0,0.0,0.0,0.0,0.0,0.0,0.0,0.0,0.0,0.0,0.0,0.0,0.0,0.0,0.0,0.0,0.0,0.0,0.0,0.0,0.0,0.0,0.0,-0.014982483879085295,-0.007147936513955955,-0.014982483879085184,-0.007252747240202195,-0.014982483879085184,-0.007221901798516894
2024-05-17 00:00:00+00:00,0.0,0.0,0.0,0.0,0.0,0.0,0.0,0.0,0.0,0.0,0.0,0.0,0.0,0.0,0.0,0.0,0.0,0.0,0.0,0.0,0.0,0.0,0.0,0.0,0.0,0.0,0.0,0.0,0.0,0.0,0.0,0.0,0.0,0.027495633096089822,0.034504941336966466,0.0274956330960896,0.03455353002371453,0.027495633096089822,0.03545795651367056
2024-05-18 00:00:00+00:00,0.0,0.0,0.0,0.0,0.0,0.0,0.0,0.0,0.0,0.0,0.0,0.0,0.0,0.0,0.0,0.0,0.0,0.0,0.0,0.0,0.0,0.0,0.0,0.0,0.0,0.0,0.0,0.0,0.0,0.0,0.0,0.0,0.0,-0.0018264981841661365,-0.0010585742509671148,-0.0018264981841661365,-0.0009872258595422512,-0.0018264981841661365,-0.0005111602203841104
2024-05-19 00:00:00+00:00,0.0,0.0,0.0,0.0,0.0,0.0,0.0,0.0,0.0,0.0,0.0,0.0,0.0,0.0,0.0,0.0,0.0,0.0,0.0,0.0,0.0,0.0,0.0,0.0,0.0,0.0,0.0,0.0,0.0,0.0,0.0,0.0,0.0,-0.00989557238695249,-0.0280063635199872,-0.00989557238695249,-0.02797146092851066,-0.00989557238695249,-0.0283763095818359
2024-05-20 00:00:00+00:00,0.012610450316661526,0.01117045031666164,0.0,0.0,0.0,0.0,0.012610450316661526,0.011170450316661418,0.0,0.0,0.0,0.0,0.0,0.0,0.0,0.0,0.0,0.0,0.0,0.0,0.0,0.0,0.0,0.0,0.0,0.0,0.0,0.0,0.0,0.0,0.0,0.0,0.0,0.078032351155918,0.09665973548410056,0.07803235115591822,0.0967729903376564,0.07803235115591822,0.09911538701257849
2024-05-21 00:00:00+00:00,-0.003458935743458902,-0.003463861587038375,-0.004688923174099746,0.0,0.0,0.0,-0.003458935743458791,-0.003463861587038375,-0.004688923174099746,0.0,0.0,0.0,0.0,0.0,0.0,0.0,0.0,0.0,0.0,0.0,0.0,0.0,0.0,0.0,0.0,0.0,0.0,0.0,0.0,0.0,0.0,0.0,0.0,-0.018049710655577367,0.004853245547018492,-0.018049710655577256,0.004915732462595468,-0.018049710655577367,0.005164137607193364
2024-05-22 00:00:00+00:00,-0.0027806459107442283,-0.002784619571240876,-0.0026150642706661564,0.0,0.0,0.0,-0.0027806459107441173,-0.002784619571240876,-0.0026150642706660454,0.0,0.0,0.0,0.0,0.0,0.0,0.0,0.0,0.0,0.0,0.0,0.0,0.0,0.0,0.0,0.0,0.0,0.0,0.0,0.0,0.0,0.0,0.0,0.0,-0.014725808079627312,-0.02105747534019442,-0.014725808079627423,-0.021012763446050742,-0.0147258080796272,-0.02111000850089817
2024-05-23 00:00:00+00:00,-0.003157077967275268,-0.0031616021632507874,-0.0029685876724112603,0.0,0.0,0.0,-0.003157077967275268,-0.0031616021632507874,-0.0029685876724111493,0.0,0.0,0.0,0.0,0.0,0.0,0.0,0.0,0.0,0.0,0.0,0.0,0.0,0.0,0.0,0.0,0.0,0.0,0.0,0.0,0.0,0.0,0.0,0.0,-0.016922025532365548,-0.014011412033586912,-0.016922025532365548,-0.013920133464186302,-0.016922025532365548,-0.013283884261045653
2024-05-24 00:00:00+00:00,0.001644768631121396,0.0016471331139136236,0.0015462769252043707,0.0,0.0,0.0,0.001644768631121174,0.0016471331139136236,0.0015462769252043707,0.0,0.0,0.0,0.0,0.0,0.0,0.0,0.0,0.0,0.0,0.0,0.0,0.0,0.0,0.0,0.0,0.0,0.0,0.0,0.0,0.0,0.0,0.0,0.0,0.008939446235637138,0.0006499543687603637,0.00893944623563736,0.0006830774543471474,0.00893944623563736,0.0003361692279242323
2024-05-25 00:00:00+00:00,0.0020057641324313646,0.00200864283272284,0.0018858408008499694,0.0,0.0,0.0,0.0020057641324315867,0.002008642832723062,0.0018858408008499694,0.0,0.0,0.0,0.0,0.0,0.0,0.0,0.0,0.0,0.0,0.0,0.0,0.0,0.0,0.0,0.0,0.0,0.0,0.0,0.0,0.0,0.0,0.0,0.0,0.010822666810605064,0.016906840394732336,0.010822666810605286,0.01685869561316866,0.010822666810605286,0.017557090633720795
2024-05-26 00:00:00+00:00,-0.002201635292967574,-0.0022047887760234808,-0.0020702487263716263,0.0,0.0,0.0,-0.002201635292967574,-0.002204788776023592,-0.0020702487263716263,0.0,0.0,0.0,0.0,0.0,0.0,0.0,0.0,0.0,0.0,0.0,0.0,0.0,0.0,0.0,0.0,0.0,0.0,0.0,0.0,0.0,0.0,0.0,0.0,-0.01177592561777252,-0.00809778718420473,-0.011775925617772631,-0.008230305079544031,-0.01177592561777252,-0.008525217093652726
2024-05-27 00:00:00+00:00,0.002420260312133049,0.002423734599900751,0.0022755272688526063,0.0,0.0,0.0,0.002420260312132827,0.002423734599900529,0.0022755272688526063,0.0,0.0,0.0,0.0,0.0,0.0,0.0,0.0,0.0,0.0,0.0,0.0,0.0,0.0,0.0,0.0,0.0,0.0,0.0,0.0,0.0,0.0,0.0,0.0,0.01307070800301191,0.025651322102839824,0.013070708003011688,0.025540958840204464,0.013070708003012133,0.027350703912748076
2024-05-28 00:00:00+00:00,-0.0028237616044523017,-0.002827805318118104,-0.0026552823169258,0.0,0.0,0.0,-0.0028237616044521907,-0.002827805318117993,-0.0026552823169258,0.0,0.0,0.0,0.0,0.0,0.0,0.0,0.0,0.0,0.0,0.0,0.0,0.0,0.0,0.0,0.0,0.0,0.0,0.0,0.0,0.0,0.0,0.0,0.0,-0.01508951008466064,-0.010612510327046687,-0.015089510084660862,-0.01046770823249854,-0.015089510084660751,-0.01079016215176376
2024-05-29 00:00:00+00:00,-0.0020358281018658664,-0.0020387517379401032,-0.00191403735277218,0.0,0.0,0.0,-0.0020358281018659774,-0.0020387517379401032,-0.0019140373527720689,0.0,0.0,0.0,0.0,0.0,0.0,0.0,0.0,0.0,0.0,0.0,0.0,0.0,0.0,0.0,0.0,0.0,0.0,0.0,0.0,0.0,0.0,0.0,0.0,-0.011014464159264659,-0.02170660565492255,-0.011014464159264548,-0.021627241765229788,-0.011014464159264659,-0.02292076559061751
2024-05-30 00:00:00+00:00,0.0020849809364034133,0.002087981277411499,0.0019600104852661726,0.0,0.0,0.0,0.0020849809364034133,0.002087981277411277,0.0019600104852659506,0.0,0.0,0.0,0.0,0.0,0.0,0.0,0.0,0.0,0.0,0.0,0.0,0.0,0.0,0.0,0.0,0.0,0.0,0.0,0.0,0.0,0.0,0.0,0.0,0.011382806875000595,-0.00351584256671289,0.011382806875000373,-0.0035817100043485928,0.011382806875000373,-0.003709265083923885
2024-05-31 00:00:00+00:00,-0.0023431544797970494,-0.002346519313441542,-0.0022029842509772024,0.0,0.0,0.0,-0.0023431544797968273,-0.002346519313441431,-0.0022029842509769804,0.0,0.0,0.0,0.0,0.0,0.0,0.0,0.0,0.0,0.0,0.0,0.0,0.0,0.0,0.0,0.0,0.0,0.0,0.0,0.0,0.0,0.0,0.0,0.0,-0.012674685368060046,-0.006069891323570609,-0.012674685368060046,-0.006095658658605063,-0.012674685368060046,-0.005605681803002804
2024-06-01 00:00:00+00:00,0.0006694258918653606,0.0006703894667237087,0.0006292916405625792,0.0,0.0,0.0,0.0006694258918655827,0.0006703894667239307,0.0006292916405625792,0.0,0.0,0.0,0.0,0.0,0.0,0.0,0.0,0.0,0.0,0.0,0.0,0.0,0.0,0.0,0.0,0.0,0.0,0.0,0.0,0.0,0.0,0.0,0.0,0.003658977054472823,0.005180220235501576,0.003658977054472823,0.0010992677793395522,0.003658977054472823,0.009242749934202266
2024-06-02 00:00:00+00:00,4.39789125246115e-05,4.4042173573677346e-05,4.134389241361447e-05,0.0,0.0,0.0,4.397891252438946e-05,4.4042173573677346e-05,4.134389241361447e-05,0.0,0.0,0.0,0.0,0.0,0.0,0.0,0.0,0.0,0.0,0.0,0.0,0.0,0.0,0.0,0.0,0.0,0.0,0.0,0.0,0.0,0.0,0.0,0.0,0.00023966583229118044,-0.015957940592517095,0.00023966583229118044,-0.016007312589799483,0.00023966583229118044,-0.020250046709927583
2024-06-03 00:00:00+00:00,0.002859939693775626,0.0028640533657096068,0.0026885919586447926,0.0,0.0,0.0,0.002859939693775626,0.0028640533657096068,0.0026885919586447926,0.0,0.0,0.0,0.0,0.0,0.0,0.0,0.0,0.0,0.0,0.0,0.0,0.0,0.0,0.0,0.0,0.0,0.0,0.0,0.0,0.0,0.0,0.0,0.0,0.01558237096282733,0.004815948129433867,0.01558237096282733,0.004815012959215936,0.01558237096282733,0.005178125337173212
2024-06-04 00:00:00+00:00,0.004731862225624273,0.0047386489905159035,0.004449122058652,0.0,0.0,0.0,0.004731862225624273,0.0047386489905159035,0.004449122058652,0.0,0.0,0.0,0.0,0.0,0.0,0.0,0.0,0.0,0.0,0.0,0.0,0.0,0.0,0.0,0.0,0.0,0.0,0.0,0.0,0.0,0.0,0.0,0.0,0.025458562893402092,0.030501534229575578,0.02545856289340187,0.03062234625594784,0.02545856289340187,0.03015203809881184
2024-06-05 00:00:00+00:00,0.0015564580783435922,0.0015586799298632492,0.0014638679036649282,0.0,0.0,0.0,0.0015564580783435922,0.0015586799298634713,0.0014638679036649282,0.0,0.0,0.0,0.0,0.0,0.0,0.0,0.0,0.0,0.0,0.0,0.0,0.0,0.0,0.0,0.0,0.0,0.0,0.0,0.0,0.0,0.0,0.0,0.0,0.008204861989228318,0.013743825021683254,0.00820486198922854,0.013756860408927318,0.00820486198922854,0.014546555527889637
2024-06-06 00:00:00+00:00,-0.000932949824790863,-0.0009342795426244832,-0.0008775318720276593,0.0,0.0,0.0,-0.000932949824790974,-0.0009342795426245942,-0.0008775318720277703,0.0,0.0,0.0,0.0,0.0,0.0,0.0,0.0,0.0,0.0,0.0,0.0,0.0,0.0,0.0,0.0,0.0,0.0,0.0,0.0,0.0,0.0,0.0,0.0,-0.004885609912443689,-0.01798058468367214,-0.004885609912443689,-0.018050403453804376,-0.004885609912443689,-0.018308350795625872
2024-06-07 00:00:00+00:00,-0.0038944639740773335,-0.0039000198794303387,-0.003662926572053249,0.0,0.0,0.0,-0.0038944639740772224,-0.0039000198794302277,-0.003662926572053138,0.0,0.0,0.0,0.0,0.0,0.0,0.0,0.0,0.0,0.0,0.0,0.0,0.0,0.0,0.0,0.0,0.0,0.0,0.0,0.0,0.0,0.0,0.0,0.0,-0.020475278648943163,-0.0541183114770476,-0.020475278648943274,-0.054262072221758606,-0.020475278648943385,-0.054468898563416746
2024-06-08 00:00:00+00:00,-5.525491762958801e-05,-5.533405382240897e-05,-5.195777214572761e-05,0.0,0.0,0.0,-5.525491762981005e-05,-5.5334053822297946e-05,-5.195777214583863e-05,0.0,0.0,0.0,0.0,0.0,0.0,0.0,0.0,0.0,0.0,0.0,0.0,0.0,0.0,0.0,0.0,0.0,0.0,0.0,0.0,0.0,0.0,0.0,0.0,-0.00029542212547273294,-0.026441932062592044,-0.000295422125472955,-0.026545374788927933,-0.00029542212547284397,-0.026086521106187477
2024-06-09 00:00:00+00:00,0.0009006941331679563,0.0009019841803143969,0.0008469455433774975,0.0,0.0,0.0,0.0009006941331681784,0.0009019841803143969,0.0008469455433774975,0.0,0.0,0.0,0.0,0.0,0.0,0.0,0.0,0.0,0.0,0.0,0.0,0.0,0.0,0.0,0.0,0.0,0.0,0.0,0.0,0.0,0.0,0.0,0.0,0.004816745918889254,0.013837176852985245,0.004816745918889254,0.013881325319222038,0.004816745918889254,0.013713650930166965
2024-06-10 00:00:00+00:00,-0.0003777775135241912,-0.0003783181094920707,-0.0003552528570667235,0.0,0.0,0.0,-0.0003777775135241912,-0.0003783181094921817,-0.0003552528570668345,0.0,0.0,0.0,0.0,0.0,0.0,0.0,0.0,0.0,0.0,0.0,0.0,0.0,0.0,0.0,0.0,0.0,0.0,0.0,0.0,0.0,0.0,0.0,0.0,-0.002012410775918405,-0.01940725366605256,-0.002012410775918183,-0.019488014323291725,-0.002012410775918405,-0.01900215086175472
2024-06-11 00:00:00+00:00,-0.0058821158980585375,-0.005890536334619556,-0.005531275204218367,0.0,0.0,0.0,-0.0058821158980584265,-0.005890536334619445,-0.005531275204218256,0.0,0.0,0.0,0.0,0.0,0.0,0.0,0.0,0.0,0.0,0.0,0.0,0.0,0.0,0.0,0.0,0.0,0.0,0.0,0.0,0.0,0.0,0.0,0.0,-0.031385197761135464,-0.04449415579031146,-0.031385197761135464,-0.04462087420113925,-0.03138519776113535,-0.044831640631280756
2024-06-12 00:00:00+00:00,0.0025284171728621185,0.0025320581298968747,0.0023767701160954946,0.0,0.0,0.0,0.0025284171728621185,0.0025320581298970968,0.0023767701160954946,0.0,0.0,0.0,0.0,0.0,0.0,0.0,0.0,0.0,0.0,0.0,0.0,0.0,0.0,0.0,0.0,0.0,0.0,0.0,0.0,0.0,0.0,0.0,0.0,0.0138460791131092,0.05765231885702793,0.0138460791131092,0.05785229336009601,0.013846079113109422,0.057502128576601974
2024-06-13 00:00:00+00:00,-0.004085155082581116,-0.004091022906887232,-0.0038407204104085046,0.0,0.0,0.0,-0.004085155082581227,-0.004091022906887343,-0.0038407204104086157,0.0,0.0,0.0,0.0,0.0,0.0,0.0,0.0,0.0,0.0,0.0,0.0,0.0,0.0,0.0,0.0,0.0,0.0,0.0,0.0,0.0,0.0,0.0,0.0,-0.022121332891810286,-0.05799719092080324,-0.022121332891810286,-0.05819252174386835,-0.022121332891810286,-0.05765642102584834
2024-06-14 00:00:00+00:00,-0.001995489524147187,-0.0019983675743070473,-0.001875629343413232,0.0,0.0,0.0,-0.001995489524147187,-0.0019983675743070473,-0.001875629343413232,0.0,0.0,0.0,0.0,0.0,0.0,0.0,0.0,0.0,0.0,0.0,0.0,0.0,0.0,0.0,0.0,0.0,0.0,0.0,0.0,0.0,0.0,0.0,0.0,-0.01100498435319186,-0.028851412715404368,-0.01100498435319186,-0.02893470907883089,-0.011004984353191749,-0.028962127503144863
2024-06-15 00:00:00+00:00,0.0005107457755761935,0.0005114838878685912,0.00048000989927832194,0.0,0.0,0.0,0.0005107457755761935,0.0005114838878685912,0.00048000989927832194,0.0,0.0,0.0,0.0,0.0,0.0,0.0,0.0,0.0,0.0,0.0,0.0,0.0,0.0,0.0,0.0,0.0,0.0,0.0,0.0,0.0,0.0,0.0,0.0,0.0028423866957938415,0.014940634654471818,0.0028423866957938415,0.015000804855099581,0.0028423866957940636,0.014910582244715087
2024-06-16 00:00:00+00:00,0.0011883926469444805,0.0011901091932882135,0.001116911361015438,0.0,0.0,0.0,0.0011883926469444805,0.0011901091932882135,0.001116911361015438,0.0,0.0,0.0,0.0,0.0,0.0,0.0,0.0,0.0,0.0,0.0,0.0,0.0,0.0,0.0,0.0,0.0,0.0,0.0,0.0,0.0,0.0,0.0,0.0,0.006598229393280253,0.017290891920124896,0.006598229393280253,0.017348911322366378,0.006598229393280253,0.017420457541160728
2024-06-17 00:00:00+00:00,-0.0003993477776070842,-0.0003999239206187166,-0.00037535398642307705,0.0,0.0,0.0,-0.0014469495679244604,-0.0028997888524429083,-0.00037535398642318807,0.0,0.0,0.0,0.0,0.0,0.0,0.0,0.0,0.0,0.0,0.0,0.0,0.0,0.0,0.0,0.0,0.0,0.0,0.0,0.0,0.0,0.0,0.0,0.0,-0.0022053542952554794,-0.06155330776973211,-0.0022053542952554794,-0.061764755259221205,-0.0022053542952554794,-0.06153156141450622
2024-06-18 00:00:00+00:00,-0.0036133743249625594,-0.0036185894617065673,-0.0033961924380158104,0.0,0.0,0.0,0.0,0.0,-0.0013591170593906243,0.0,0.0,0.0,0.0,0.0,0.0,0.0,0.0,0.0,0.0,0.0,0.0,0.0,0.0,0.0,0.0,0.0,0.0,0.0,0.0,0.0,0.0,0.0,0.0,-0.019990580882199183,-0.057382653086081925,-0.019990580882199183,-0.05751437657780145,-0.019990580882199183,-0.05815549340945725
2024-06-19 00:00:00+00:00,-0.0005703269333654504,-0.0005711530683447652,-0.000535930612858726,0.0,0.0,0.0,0.0,0.0,0.0,0.0,0.0,0.0,0.0,0.0,0.0,0.0,0.0,0.0,0.0,0.0,0.0,0.0,0.0,0.0,0.0,0.0,0.0,0.0,0.0,0.0,0.0,0.0,0.0,-0.003207997200427304,0.023583054757943644,-0.003207997200427415,0.023674795198802556,-0.003207997200427304,0.02363207445944826
2024-06-20 00:00:00+00:00,-0.0002809714254798923,-0.0002813786532667173,-0.0002640170001241282,0.0,0.0,0.0,0.0,0.0,0.0,0.0,0.0,0.0,0.0,0.0,0.0,0.0,0.0,0.0,0.0,0.0,0.0,0.0,0.0,0.0,0.0,0.0,0.0,0.0,0.0,0.0,0.0,0.0,0.0,-0.0015846010834910107,-0.0020249602139548184,-0.0015846010834908997,-0.002035373050008338,-0.0015846010834908997,-0.002101544319149551
2024-06-21 00:00:00+00:00,-0.0019679808853771963,-0.0019708339942443587,-0.00184919728850641,0.0,0.0,0.0,0.0,0.0,0.0,0.0,0.0,0.0,0.0,0.0,0.0,0.0,0.0,0.0,0.0,0.0,0.0,0.0,0.0,0.0,0.0,0.0,0.0,0.0,0.0,0.0,0.0,0.0,0.0,-0.011113359349842478,-0.0012068951325620025,-0.011113359349842367,-0.0012300769613174944,-0.011113359349842367,-0.0009527625244698523
2024-06-22 00:00:00+00:00,0.0003139490238339704,0.00031440507479119084,0.00029496454965793895,0.0,0.0,0.0,0.0,0.0,0.0,0.0,0.0,0.0,0.0,0.0,0.0,0.0,0.0,0.0,0.0,0.0,0.0,0.0,0.0,0.0,0.0,0.0,0.0,0.0,0.0,0.0,0.0,0.0,0.0,0.0017892934965348939,-0.006855180221442159,0.0017892934965348939,-0.0068948508960337,0.0017892934965348939,-0.006682242387662907
2024-06-23 00:00:00+00:00,-0.0029094840493556484,-0.00291370911724953,-0.002733599644441864,0.0,0.0,0.0,0.0,0.0,0.0,0.0,0.0,0.0,0.0,0.0,0.0,0.0,0.0,0.0,0.0,0.0,0.0,0.0,0.0,0.0,0.0,0.0,0.0,0.0,0.0,0.0,0.0,0.0,0.0,-0.016557637338267872,-0.02601327981697854,-0.01655763733826776,-0.026128647306376318,-0.016557637338267872,-0.025448219370469594
2024-06-24 00:00:00+00:00,-0.0013921402522834025,-0.0027826481726731522,-0.007495699642094622,0.0,0.0,0.0,0.0,0.0,0.0,0.0,0.0,0.0,0.0,0.0,0.0,0.0,0.0,0.0,0.0,0.0,0.0,0.0,0.0,0.0,0.0,0.0,0.0,0.0,0.0,0.0,0.0,0.0,0.0,-0.04604027485209694,0.020934849334944827,-0.04604027485209694,0.021049741639859842,-0.04604027485209683,0.02028019842861073
2024-06-25 00:00:00+00:00,0.0,0.0,-0.0012540414590331839,0.0,0.0,0.0,0.0,0.0,0.0,0.0,0.0,0.0,0.0,0.0,0.0,0.0,0.0,0.0,0.0,0.0,0.0,0.0,0.0,0.0,0.0,0.0,0.0,0.0,0.0,0.0,0.0,0.0,0.0,0.025334118779350545,0.02610617256371328,0.025334118779350323,0.026194103878641295,0.025334118779350545,0.026155249403612135
2024-06-26 00:00:00+00:00,0.0,0.0,0.0,0.0,0.0,0.0,0.0,0.0,0.0,0.0,0.0,0.0,0.0,0.0,0.0,0.0,0.0,0.0,0.0,0.0,0.0,0.0,0.0,0.0,0.0,0.0,0.0,0.0,0.0,0.0,0.0,0.0,0.0,-0.015747444032347957,-0.018995920795697785,-0.015747444032347846,-0.01907780316752239,-0.015747444032347846,-0.018779150515029874
2024-06-27 00:00:00+00:00,0.0,0.0,0.0,0.0,0.0,0.0,0.0,0.0,0.0,0.0,0.0,0.0,0.0,0.0,0.0,0.0,0.0,0.0,0.0,0.0,0.0,0.0,0.0,0.0,0.0,0.0,0.0,0.0,0.0,0.0,0.0,0.0,0.0,0.013133074676223488,0.020096836475378188,0.013133074676223488,0.020175053375512286,0.013133074676223488,0.02067114274987869
2024-06-28 00:00:00+00:00,0.0,0.0,0.0,0.0,0.0,0.0,0.0,0.0,0.0,0.0,0.0,0.0,0.0,0.0,0.0,0.0,0.0,0.0,0.0,0.0,0.0,0.0,0.0,0.0,0.0,0.0,0.0,0.0,0.0,0.0,0.0,0.0,0.0,-0.02113173348411812,-0.039924901270970814,-0.02113173348411823,-0.04009658659633264,-0.02113173348411823,-0.03974009437965598
2024-06-29 00:00:00+00:00,0.0,0.0,0.0,0.0,0.0,0.0,0.0,0.0,0.0,0.0,0.0,0.0,0.0,0.0,0.0,0.0,0.0,0.0,0.0,0.0,0.0,0.0,0.0,0.0,0.0,0.0,0.0,0.0,0.0,0.0,0.0,0.0,0.0,0.009489109790784322,-0.008963041385310566,0.009489109790784322,-0.008995360067203362,0.009489109790784322,-0.008902877228428419
2024-06-30 00:00:00+00:00,0.0,0.0,0.0,0.0,0.0,0.0,0.0,0.0,0.0,0.0,0.0,0.0,0.0,0.0,0.0,0.0,0.0,0.0,0.0,0.0,0.0,0.0,0.0,0.0,0.0,0.0,0.0,0.0,0.0,0.0,0.0,0.0,0.0,0.02927766090116113,0.032625036826521514,0.02927766090116113,0.032782448199169645,0.02927766090116113,0.0318710544678944
2024-07-01 00:00:00+00:00,0.0,0.0,0.0,0.0,0.0,0.0,0.0,0.0,0.0,0.0,0.0,0.0,0.0,0.0,0.0,0.0,0.0,0.0,0.0,0.0,0.0,0.0,0.0,0.0,0.0,0.0,0.0,0.0,0.0,0.0,0.0,0.0,0.0,0.002582966241602813,-0.010070403119419757,0.002582966241602813,-0.012363136359337612,0.0025829662416030352,-0.009097911772785738
2024-07-02 00:00:00+00:00,0.0,0.0,0.0,0.0,0.0,0.0,0.0,0.0,0.0,0.0,0.0,0.0,0.0,0.0,0.0,0.0,0.0,0.0,0.0,0.0,0.0,0.0,0.0,0.0,0.0,0.0,0.0,0.0,0.0,0.0,0.0,0.0,0.0,-0.012572152882701415,0.006747361883863601,-0.012572152882701304,0.006909806287804354,-0.012572152882701304,0.004938294444943869
2024-07-03 00:00:00+00:00,0.0,0.0,0.0,0.0,0.0,0.0,0.0,0.0,0.0,0.0,0.0,0.0,0.0,0.0,0.0,0.0,0.0,0.0,0.0,0.0,0.0,0.0,0.0,0.0,0.0,0.0,0.0,0.0,0.0,0.0,0.0,0.0,0.0,-0.030548086386540718,-0.05942237902454306,-0.03054808638654083,-0.05941070465096654,-0.030548086386540718,-0.05905262164929215
2024-07-04 00:00:00+00:00,0.0,0.0,0.0,0.0,0.0,0.0,0.0,0.0,0.0,0.0,0.0,0.0,0.0,0.0,0.0,0.0,0.0,0.0,0.0,0.0,0.0,0.0,0.0,0.0,0.0,0.0,0.0,0.0,0.0,0.0,0.0,0.0,0.0,-0.05158981601299928,-0.08395554908642167,-0.05158981601299928,-0.0838464913934539,-0.05158981601299917,-0.083644265216819
2024-07-05 00:00:00+00:00,0.0,0.0,0.0,0.0,0.0,0.0,0.0,0.0,0.0,0.0,0.0,0.0,0.0,0.0,0.0,0.0,0.0,0.0,0.0,0.0,0.0,0.0,0.0,0.0,0.0,0.0,0.0,0.0,0.0,0.0,0.0,0.0,0.0,-0.007059868370997258,-0.019103903101364783,-0.007059868370997147,-0.018862627106433605,-0.007059868370997147,-0.019409542373786892
2024-07-06 00:00:00+00:00,0.0,0.0,0.0,0.0,0.0,0.0,0.0,0.0,0.0,0.0,0.0,0.0,0.0,0.0,0.0,0.0,0.0,0.0,0.0,0.0,0.0,0.0,0.0,0.0,0.0,0.0,0.0,0.0,0.0,0.0,0.0,0.0,0.0,0.028342799353736403,0.07625776874432688,0.028342799353736403,0.07621115024468939,0.028342799353736625,0.07645460950544503
2024-07-07 00:00:00+00:00,0.0,0.0,0.0,0.0,0.0,0.0,0.0,0.0,0.0,0.0,0.0,0.0,0.0,0.0,0.0,0.0,0.0,0.0,0.0,0.0,0.0,0.0,0.0,0.0,0.0,0.0,0.0,0.0,0.0,0.0,0.0,0.0,0.0,-0.041045072731877186,-0.07323920649184912,-0.041045072731877186,-0.07268743979827963,-0.041045072731877186,-0.07246154118970694
2024-07-08 00:00:00+00:00,0.0,0.0,0.0,0.0,0.0,0.0,0.0,0.0,0.0,0.0,0.0,0.0,0.0,0.0,0.0,0.0,0.0,0.0,0.0,0.0,0.0,0.0,0.0,0.0,0.03234778092169899,0.025147780921698892,0.0,0.0,0.0,0.0,0.0,0.0,0.0,0.015134791382332091,0.03992389179115263,0.01513479138233187,0.039852499764467364,0.015134791382332091,0.03983832183382274
2024-07-09 00:00:00+00:00,0.0,0.0,0.0,0.0,0.0,0.0,0.0,0.0,0.0,0.0,0.0,0.0,0.0,0.0,0.0,0.0,0.0,0.0,0.0,0.0,0.0,0.0,0.0,0.0,0.02498843639766357,0.025163939623063403,0.01796542106719934,0.0,0.0,0.0,0.0,0.0,0.0,0.023782073294211337,0.034406975521429795,0.023782073294211337,0.03442061196042068,0.023782073294211337,0.03428026538314266
2024-07-10 00:00:00+00:00,0.0,0.0,0.0,0.0,0.0,0.0,0.0,0.0,0.0,0.0,0.0,0.0,0.0,0.0,0.0,0.0,0.0,0.0,0.0,0.0,0.0,0.0,0.0,0.0,-0.009041969970159158,-0.00910391632550378,-0.009017762558435227,0.0,0.0,0.0,0.0,0.0,0.0,-0.005775751250778338,0.008913611483357453,-0.005775751250778338,0.008686791251191872,-0.005775751250778338,0.008095261955405109
2024-07-11 00:00:00+00:00,0.0,0.0,0.0,0.0,0.0,0.0,0.0,0.0,0.0,0.0,0.0,0.0,0.0,0.0,0.0,0.0,0.0,0.0,0.0,0.0,0.0,0.0,0.0,0.0,-0.029615529579313793,-0.02982028909336687,-0.02875730465591697,0.0,0.0,0.0,0.0,0.0,0.0,-0.00644261503425847,-0.019356551286812018,-0.00644261503425847,-0.019302633557804816,-0.00644261503425847,-0.018839582183898473
2024-07-12 00:00:00+00:00,0.0,0.0,0.0,0.0,0.0,0.0,0.0,0.0,0.0,0.0,0.0,0.0,0.0,0.0,0.0,0.0,0.0,0.0,0.0,0.0,0.0,0.0,0.0,0.0,0.0179113808165674,0.01803902512851252,0.01838381809244649,0.0,0.0,0.0,0.0,0.0,0.0,0.00991022617938353,0.024533822661863658,0.00991022617938353,0.02450981118247131,0.00991022617938353,0.024759268329220152
2024-07-13 00:00:00+00:00,0.0,0.0,0.0,0.0,0.0,0.0,0.0,0.0,0.0,0.0,0.0,0.0,0.0,0.0,0.0,0.0,0.0,0.0,0.0,0.0,0.0,0.0,0.0,0.0,0.008625043633694984,0.008685420319975323,0.008914119731096903,0.0,0.0,0.0,0.0,0.0,0.0,0.022717527819063887,0.015856905014689282,0.022717527819063887,0.015931952642516567,0.022717527819063887,0.015898188757212717
2024-07-14 00:00:00+00:00,0.0,0.0,0.0,0.0,0.0,0.0,0.0,0.0,0.0,0.0,0.0,0.0,0.0,0.0,0.0,0.0,0.0,0.0,0.0,0.0,0.0,0.0,0.0,0.0,0.025106784804546534,0.02528102298586221,0.02455245568952913,0.0,0.0,0.0,0.0,0.0,0.0,0.026742950308807467,0.03043421707040972,0.026742950308807467,0.030375922246263398,0.026742950308807467,0.030256170837401397
2024-07-15 00:00:00+00:00,0.0,0.0,0.0,0.0,0.0,0.0,0.0,0.0,0.0,0.0,0.0,0.0,0.0,0.0,0.0,0.029072596716013033,0.021872596716012938,0.0,0.029072596716013255,0.021872596716012938,0.0,0.029072596716013033,0.02187259671601316,0.0,0.035144688472134034,0.0291832217158301,0.05685380570598264,0.0417294629513294,0.034529462951329304,0.0,0.04172946295132918,0.034529462951329304,0.0,0.06493738860506504,0.0690497911830994,0.06493738860506504,0.06868101240648605,0.06493738860506504,0.06830290339479017
2024-07-16 00:00:00+00:00,0.0,0.0,0.0,0.0,0.0,0.0,0.0,0.0,0.0,0.0,0.0,0.0,0.0,0.0,0.0,0.012709251117064335,0.012798799078656664,0.005829203131127558,0.012709251117064113,0.012798799078656664,0.005829203131127558,0.012709251117064335,0.012798799078656442,0.00582920313112778,0.008816743751447031,0.008867833304343486,0.0028957907966924434,0.015019221987126796,0.01512375105292918,0.008439372301248138,0.015019221987126796,0.01512375105292918,0.008439372301248582,0.00512422101278065,0.0018190219359757176,0.00512422101278065,0.001994925852513374,0.00512422101278065,0.0015681748888514147
2024-07-17 00:00:00+00:00,0.0,0.0,0.0,0.0,0.0,0.0,0.0,0.0,0.0,0.0,0.0,0.0,0.0,0.0,0.0,0.0009808066069580956,0.0009876299302447045,0.0016843140295124126,0.0009808066069580956,0.0009876299302442604,0.0016843140295119685,0.0009808066069580956,0.0009876299302442604,0.0016843140295121906,-0.017714355379306435,-0.017816100820934655,-0.017147335825863474,0.02433812399476243,0.02450498610934071,0.02329499797547041,0.02433812399476243,0.02450498610934093,0.02329499797547019,-0.015412437648825161,-0.011848046728243133,-0.015412437648825161,-0.011722802340229821,-0.01541243764882505,-0.011369965793335268
2024-07-18 00:00:00+00:00,0.0,0.0,0.0,0.0,0.0,0.0,0.0,0.0,0.0,0.0,0.0,0.0,0.0,0.0,0.0,-0.03796110908092187,-0.03822493821229633,-0.038340704135413683,-0.037961109080921984,-0.03822493821229633,-0.03834070413541346,-0.03796110908092187,-0.03822493821229611,-0.03834070413541346,-0.014324628500023362,-0.014408396889383557,-0.014945300114838078,-0.017633825205037756,-0.017751830935820223,-0.020208387670527017,-0.017633825205037534,-0.017751830935820445,-0.02020838767052746,-0.001606439865549092,-0.009475041392075667,-0.001606439865549092,-0.00952780164149436,-0.001606439865549092,-0.009620698768935232
2024-07-19 00:00:00+00:00,0.0,0.0,0.0,0.0,0.0,0.0,0.0,0.0,0.0,0.0,0.0,0.0,0.0,0.0,0.0,0.01783559221599007,0.017964475881050657,0.017775285951881825,0.01783559221599007,0.01796447588105088,0.017775285951881603,0.01783559221599007,0.01796447588105088,0.017775285951881603,0.03262151250707479,0.03281506728488681,0.03222938046411161,0.006582730438916329,0.006627578266464429,0.00746629800906784,0.006582730438916329,0.006627578266464429,0.00746629800906784,0.04258562371235031,0.03797363454186331,0.04258562371235031,0.037955985609250176,0.04258562371235031,0.0370896475013327
2024-07-20 00:00:00+00:00,0.0,0.0,0.0,0.0,0.0,0.0,0.0,0.0,0.0,0.0,0.0,0.0,0.0,0.0,0.0,0.003387155635155903,0.0034111999758505984,0.0034760414893664215,0.003387155635156125,0.0034111999758503764,0.0034760414893666436,0.003387155635155903,0.0034111999758505984,0.0034760414893664215,0.004467056294858773,0.004492718777187266,0.0042671306949959575,0.004222338035728024,0.00425091522519927,0.00432102492469566,0.004222338035727802,0.004250915225199492,0.00432102492469566,0.006839099766878132,0.008922527546352477,0.006839099766878132,0.008900845332678653,0.006839099766878132,0.009080183956057475
2024-07-21 00:00:00+00:00,0.0,0.0,0.0,0.0,0.0,0.0,0.0,0.0,0.0,0.0,0.0,0.0,0.0,0.0,0.0,0.015867593084019305,0.015979849153321624,0.015585473170383501,0.015867593084019305,0.01597984915332118,0.01558547317038328,0.015867593084019305,0.0159798491533214,0.01558547317038328,0.023142371483461543,0.023274725859610434,0.02263104684495243,0.006575706914132118,0.006620023544027687,0.007000657882183736,0.006575706914132118,0.006620023544027465,0.007000657882183736,0.015148778739985547,0.02197140192792335,0.015148778739985325,0.022048438914114676,0.015148778739985325,0.022222606678347967
2024-07-22 00:00:00+00:00,-0.003084577475654604,-0.004524577475654601,0.0,-0.02974571588882935,-0.036945715888829334,0.0,-0.003084577475654493,-0.00452457747565449,0.0,-0.02974571588882946,-0.036945715888829445,0.0,-0.029745715888829682,-0.036945715888829334,0.0,-0.03416855221051951,-0.04587691495904622,-0.031060151534652025,-0.03416855221051951,-0.04587691495904589,-0.031060151534652025,-0.03416855221051929,-0.045876914959046,-0.031060151534651914,-0.043393023651950524,-0.049392106363904675,-0.03201713097381054,-0.04580803746157569,-0.046114728015101414,-0.04370642876663411,-0.0458080374615758,-0.04611472801510108,-0.043706428766634,-0.009138285464866613,-0.04312424813887783,-0.009138285464866613,-0.04295026670582924,-0.009138285464866613,-0.04283094358860662
2024-07-23 00:00:00+00:00,-0.004287373194565514,-0.004293575072844447,-0.005758266288514169,-0.021616109023962715,-0.021777715682632204,-0.029008932731862336,-0.004287373194565514,-0.004293575072844447,-0.005758266288513947,-0.021616109023962493,-0.021777715682632093,-0.029008932731862225,-0.021616109023962493,-0.021777715682632315,-0.029008932731862225,-0.021714738869101913,-0.02198120515984714,-0.03351410143935585,-0.021714738869101913,-0.02198120515984736,-0.03351410143935585,-0.021714738869102024,-0.021981205159847694,-0.03351410143935607,-0.024412797744102988,-0.024566861862631684,-0.03055550712236077,-0.0017455971335207376,-0.0017578491222960402,-0.0025602527059073177,-0.0017455971335205156,-0.0017578491222961512,-0.0025602527059075397,-0.023964219305955603,-0.03163154832389359,-0.023964219305955603,-0.03143989211960341,-0.023964219305955603,-0.031188311060125873
2024-07-24 00:00:00+00:00,-0.0015235233899365541,-0.0015257367382633946,-0.0015350552755986069,-0.0024223854115118515,-0.002440898864143781,-0.002900791644733669,-0.0015235233899365541,-0.0015257367382633946,-0.0015350552755986069,-0.0024223854115119625,-0.002440898864143781,-0.002900791644734002,-0.0024223854115120735,-0.002440898864143559,-0.002900791644734002,-0.0024336835933705947,-0.002464219061254269,-0.0029138680767448744,-0.0024336835933707057,-0.002464219061254047,-0.0029138680767450964,-0.0024336835933704837,-0.002464219061253936,-0.0029138680767446523,-0.016761677431023747,-0.016870121030263974,-0.01656539939244417,-0.009735725074377588,-0.009804178465496527,-0.00843426290193594,-0.009735725074377921,-0.009804178465496749,-0.00843426290193583,-0.008687391604756178,-0.023982775878787388,-0.008687391604756067,-0.02392329359896961,-0.008687391604756178,-0.024231096669824814
2024-07-25 00:00:00+00:00,0.0011427612118835029,0.0011444239324032157,0.0011514243227190857,-0.02243839426447558,-0.022610302750833422,-0.022486014049098113,0.0011427612118832808,0.0011444239324032157,0.0011514243227193077,-0.02243839426447547,-0.022610302750833422,-0.02248601404909789,-0.02243839426447558,-0.0226103027508332,-0.02248601404909778,-0.022543303885197763,-0.022826853817207726,-0.02258767461573674,-0.022543303885197763,-0.022826853817207726,-0.02258767461573663,-0.022543303885197763,-0.022826853817207726,-0.022587674615736852,-0.019482497948833277,-0.019610707443569186,-0.019223456077503198,-0.017094879345715186,-0.017216266188764484,-0.017260202542486502,-0.017094879345715075,-0.017216266188764262,-0.01726020254248639,0.006563310814118539,-0.020236587274098272,0.006563310814118317,-0.020300388333572283,0.006563310814118539,-0.020638277301722074
2024-07-26 00:00:00+00:00,0.005663543495542989,0.005671774546170294,0.0057064286373511575,0.03438690047906068,0.03465644519135558,0.034955946327595244,0.005663543495542989,0.005671774546170294,0.005706428637350935,0.03438690047906068,0.03465644519135558,0.034955946327595466,0.03438690047906068,0.0346564451913558,0.034955946327595244,0.034551382732704417,0.03499612242461758,0.03511763637968812,0.034551382732704417,0.03499612242461758,0.03511763637968812,0.034551382732704194,0.03499612242461758,0.03511763637968812,0.037856163590919145,0.038110268812714176,0.03812608458778732,0.04229203975536855,0.04259760661351053,0.03979568333372674,0.04229203975536855,0.04259760661351053,0.03979568333372696,0.032352707832855376,0.0437431931395007,0.032352707832855376,0.04360083667194958,0.032352707832855376,0.043567620815605945
2024-07-27 00:00:00+00:00,-6.526771126924569e-05,-6.536203243390215e-05,-6.5759123280551e-05,-0.005337415118812361,-0.005377851529515865,-0.005365012079396547,-6.526771126924569e-05,-6.536203243390215e-05,-6.575912328066202e-05,-0.005337415118812583,-0.005377851529516087,-0.005365012079396769,-0.005337415118812361,-0.005377851529516087,-0.005365012079396547,-0.005362092833117282,-0.005428779047520593,-0.005388986230213222,-0.005362092833117282,-0.005428779047520593,-0.005388986230213,-0.005362092833116949,-0.005428779047520593,-0.005388986230212889,-0.006229795535963811,-0.0062700771901009755,-0.006238900753423038,-0.014747696347331418,-0.014849897332059325,-0.014109971206787919,-0.014747696347331418,-0.014849897332059325,-0.014109971206787919,-0.0003631996193397269,0.0001813164321031735,-0.0003631996193397269,0.0002882928483154412,-0.00036319961933961586,9.050958719059032e-05
2024-07-28 00:00:00+00:00,0.0009125111562029442,0.0009138299513533621,0.000919382064094254,0.0036601621528673522,0.003688041578191692,0.003509285375544957,0.0009125111562029442,0.0009138299513533621,0.000919382064094254,0.0036601621528675743,0.003688041578191692,0.003509285375544957,0.0036601621528673522,0.003688041578191692,0.003509285375544735,0.0036771762641776284,0.003723157463597193,0.0035250519719773887,0.0036771762641774064,0.003723157463597415,0.0035250519719773887,0.0036771762641774064,0.003723157463597415,0.0035250519719773887,-0.0031415541151958992,-0.003161995470207457,-0.003135819705905707,-0.012533887793139464,-0.012622056462986975,-0.011923931029207857,-0.012533887793139242,-0.012622056462987308,-0.011923931029207857,0.005079425579691987,-0.013718901088565882,0.005079425579692209,-0.013793510122755759,0.005079425579692209,-0.014036576164785153
2024-07-29 00:00:00+00:00,-0.0038933189328730355,-0.0038989405653611087,-0.003922607412398915,-0.010814998723385427,-0.01124515209880872,-0.010452426488733568,-0.0038933189328729245,-0.0038989405653611087,-0.003922607412398915,-0.010814998723385316,-0.01124515209880872,-0.01045242648873368,-0.010814998723385316,-0.01124515209880872,-0.010452426488733346,-0.018529390402917567,-0.021856083327197573,-0.010499222427936439,-0.018529390402917678,-0.021856083327197462,-0.010499222427936439,-0.018529390402917567,-0.021856083327197795,-0.01049922242793655,-0.008755385934619442,-0.011881630715195768,-0.003920740312306825,0.00961990671683699,0.006491470820749745,0.013198298550545662,0.00961990671683699,0.006491470820749967,0.013198298550545662,-0.021582022234824083,-0.007653959957953926,-0.021582022234824083,-0.007581880071751423,-0.021582022234824083,-0.0072586187796565005
2024-07-30 00:00:00+00:00,-0.0015969309673236065,-0.0015992458298760281,-0.0016089915948220845,-0.00590544673524751,-0.0059080049264823575,-0.00639695870231638,-0.0015969309673237175,-0.0015992458298760281,-0.0016089915948221956,-0.00590544673524751,-0.0059080049264821355,-0.006396958702316158,-0.005905446735247288,-0.0059080049264822465,-0.00639695870231638,-0.007838720746606631,-0.007865356404820556,-0.01132561624217554,-0.007838720746606742,-0.007865356404820334,-0.011325616242175651,-0.007838720746606742,-0.007865356404820223,-0.011325616242175651,-0.01676197321154571,-0.01681498407138704,-0.019644225799637538,0.0010146116194051924,0.0010367303910052694,-0.001700282742522763,0.0010146116194049704,0.0010367303910052694,-0.0017002827425226519,-0.00901238478421551,-0.01796978595321408,-0.009012384784215621,-0.017860042957728917,-0.00901238478421551,-0.01783515771831612
2024-07-31 00:00:00+00:00,-0.0041465891211660555,-0.004152609518714656,-0.00417795620208794,-0.02491880486175635,-0.02492966363795668,-0.025174605515437598,-0.0041465891211661665,-0.004152609518714656,-0.00417795620208794,-0.024918804861756683,-0.024929663637956456,-0.02517460551543771,-0.024918804861756683,-0.024929663637956567,-0.025174605515437598,-0.027626026053641062,-0.027720642371488857,-0.02782490321560893,-0.027626026053641173,-0.027720642371488857,-0.02782490321560882,-0.027626026053641173,-0.027720642371488857,-0.02782490321560882,-0.02793052575128896,-0.028020368610754187,-0.02868806941252333,-0.020189612762457343,-0.020265577946722124,-0.02065881034798922,-0.020189612762457232,-0.020265577946722124,-0.02065881034798933,-0.0235766592795974,-0.026848963558739336,-0.0235766592795974,-0.026804184268748754,-0.0235766592795974,-0.026570096347978134
2024-08-01 00:00:00+00:00,0.00181110046552857,0.0018137409518304004,0.0018248581044488787,-0.00936971687270538,-0.00937390427027418,-0.009132904819219023,0.0018111004655287921,0.0018137409518304004,0.0018248581044488787,-0.009369716872704936,-0.009373904270274402,-0.009132904819218912,-0.009369716872705158,-0.009373904270274513,-0.009132904819219134,-0.012084810306718485,-0.012127379595863852,-0.01184150233929293,-0.012084810306718374,-0.012127379595863963,-0.011841502339293042,-0.012084810306718374,-0.012127379595864074,-0.011841502339293042,-0.005848936561523632,-0.005868292944315678,-0.005496302080842064,-0.01467602236551746,-0.014765084190092037,-0.014933998687791439,-0.01467602236551735,-0.01476508419009226,-0.014933998687791439,0.010502460779060474,-0.011612071488798614,0.010502460779060474,-0.01483030992406098,0.010502460779060474,-0.007952545388124177
2024-08-02 00:00:00+00:00,-0.010310812250387436,-0.01032581763982554,-0.010388993469802932,-0.06751066132382766,-0.06754111784718919,-0.06776282988047289,-0.010310812250387436,-0.01032581763982554,-0.01038899346980282,-0.06751066132382799,-0.06754111784718941,-0.06776282988047289,-0.06751066132382777,-0.06754111784718897,-0.06776282988047277,-0.06695801137808333,-0.06719676950234965,-0.0672155877659314,-0.06695801137808322,-0.06719676950234976,-0.0672155877659315,-0.06695801137808322,-0.06719676950234965,-0.0672155877659315,-0.08517025944061807,-0.08545378442542262,-0.08495311374258496,-0.0718675535410983,-0.07229321765017027,-0.07287598088043867,-0.07186755354109842,-0.07229321765017016,-0.07287598088043856,-0.05927749862226217,-0.07887828424995669,-0.05927749862226228,-0.07884307989029815,-0.05927749862226228,-0.08182791370158515
2024-08-03 00:00:00+00:00,-0.002000480930861692,-0.0020034226185802195,-0.0020158087179835693,-0.007098161966956895,-0.014205678691067924,-0.030080969388420864,-0.0020004809308618032,-0.0020034226185802195,-0.0020158087179835693,-0.007098161966956562,-0.014205678691068035,-0.030080969388420975,-0.007098161966956895,-0.014205678691068147,-0.030080969388420864,-0.007160224646933,-0.014327439999659797,-0.030525926760006206,-0.007160224646933,-0.014327439999659797,-0.030525926760006317,-0.007160224646933222,-0.014327439999659908,-0.030525926760006095,-0.007515631524331434,-0.014666012388790284,-0.044841331097393855,-0.037310471510001664,-0.014161161029228708,-0.03797266122478704,-0.037310471510001775,-0.01416116102922893,-0.03797266122478715,-0.012099535543779738,-0.04305942325375112,-0.012099535543779738,-0.04299964860537997,-0.012099535543779849,-0.043112261565648735
2024-08-04 00:00:00+00:00,-0.006862035848836934,-0.006872146661929035,-0.0069147193179737165,0.0,0.0,-0.04649631950962607,-0.006862035848836934,-0.006872146661928924,-0.0069147193179738276,0.0,0.0,-0.04649631950962585,0.0,0.0,-0.04649631950962607,0.0,0.0,-0.0070115240035534265,0.0,0.0,-0.0070115240035532045,0.0,0.0,-0.0070115240035533155,0.0,0.0,-0.0072752479040112394,-0.006378085614347051,0.0,-0.04520165874254678,-0.006378085614346607,0.0,-0.04520165874254689,-0.0419280252980927,-0.05972697297787233,-0.0419280252980927,-0.059723166541353234,-0.0419280252980927,-0.05978687776905134
2024-08-05 00:00:00+00:00,-0.0012620991708341966,-0.0025289225486599953,-0.011226696325571717,0.0,0.0,-0.007285859320979582,-0.0012620991708341966,-0.0025289225486601064,-0.011226696325571828,0.0,0.0,-0.007285859320980026,0.0,0.0,-0.007285859320979693,0.0,0.0,0.0,0.0,0.0,0.0,0.0,0.0,0.0,0.0,0.0,0.0,0.0,0.0,-0.006947212394445401,0.0,0.0,-0.006947212394445179,-0.07056189516944067,-0.08399554990464464,-0.07056189516944067,-0.08400965991799869,-0.07056189516944067,-0.0842230189959875
2024-08-06 00:00:00+00:00,0.0,0.0,-0.001172343261465758,0.0,0.0,0.0,0.0,0.0,-0.001172343261465425,0.0,0.0,0.0,0.0,0.0,0.0,0.0,0.0,0.0,0.0,0.0,0.0,0.0,0.0,0.0,0.0,0.0,0.0,0.0,0.0,0.0,0.0,0.0,0.0,0.03736799710970673,0.05964448811885692,0.03736799710970673,0.05963227402955895,0.03736799710970673,0.05957132485580874
2024-08-07 00:00:00+00:00,0.0,0.0,0.0,0.0,0.0,0.0,0.0,0.0,0.0,0.0,0.0,0.0,0.0,0.0,0.0,0.0,0.0,0.0,0.0,0.0,0.0,0.0,0.0,0.0,0.0,0.0,0.0,0.0,0.0,0.0,0.0,0.0,0.0,-0.01605728510236215,-0.029200049992290755,-0.016057285102362262,-0.029135920575217744,-0.016057285102362262,-0.02876758673862634
2024-08-08 00:00:00+00:00,0.0,0.0,0.0,0.0,0.0,0.0,0.0,0.0,0.0,0.0,0.0,0.0,0.0,0.0,0.0,0.0,0.0,0.0,0.0,0.0,0.0,0.0,0.0,0.0,0.0,0.0,0.0,0.0,0.0,0.0,0.0,0.0,0.0,0.11890672570768546,0.1352326680427316,0.11890672570768546,0.13512179394174706,0.11890672570768546,0.13504522529707863
2024-08-09 00:00:00+00:00,0.0,0.0,0.0,0.0,0.0,0.0,0.0,0.0,0.0,0.0,0.0,0.0,0.0,0.0,0.0,0.0,0.0,0.0,0.0,0.0,0.0,0.0,0.0,0.0,0.0,0.0,0.0,0.0,0.0,0.0,0.0,0.0,0.0,-0.013668942095674375,-0.02634350479266745,-0.013668942095674375,-0.02635184530539547,-0.013668942095674375,-0.026414980445507275
2024-08-10 00:00:00+00:00,0.0,0.0,0.0,0.0,0.0,0.0,0.0,0.0,0.0,0.0,0.0,0.0,0.0,0.0,0.0,0.0,0.0,0.0,0.0,0.0,0.0,0.0,0.0,0.0,0.0,0.0,0.0,0.0,0.0,0.0,0.0,0.0,0.0,0.0011976248613054796,0.0053512209419464,0.0011976248613052576,0.00539174014714594,0.0011976248613052576,0.005263964817145528
2024-08-11 00:00:00+00:00,0.0,0.0,0.0,0.0,0.0,0.0,0.0,0.0,0.0,0.0,0.0,0.0,0.0,0.0,0.0,0.0,0.0,0.0,0.0,0.0,0.0,0.0,0.0,0.0,0.0,0.0,0.0,0.0,0.0,0.0,0.0,0.0,0.0,-0.03630966232553967,-0.06438614173276647,-0.03630966232553967,-0.0643708101633711,-0.03630966232553967,-0.06429841441435613
2024-08-12 00:00:00+00:00,0.0,0.0,0.0,0.0,0.0,0.0,0.0,0.0,0.0,0.0,0.0,0.0,0.0,0.0,0.0,0.0,0.0,0.0,0.0,0.0,0.0,0.0,0.0,0.0,0.0,0.0,0.0,0.0,0.0,0.0,0.0,0.0,0.0,0.010835541885229949,0.05284461170911481,0.010835541885229949,0.052792828824328675,0.010835541885229949,0.052805806479170325
2024-08-13 00:00:00+00:00,0.0,0.0,0.0,0.0,0.0,0.0,0.0,0.0,0.0,0.0,0.0,0.0,0.0,0.0,0.0,0.0,0.0,0.0,0.0,0.0,0.0,0.0,0.0,0.0,0.0,0.0,0.0,0.0,0.0,0.0,0.0,0.0,0.0,0.020964211191672133,0.010652868882359723,0.020964211191672133,0.010689936110851672,0.020964211191672133,0.010475111259141245
2024-08-14 00:00:00+00:00,0.0,0.0,0.0,0.0,0.0,0.0,0.0,0.0,0.0,0.0,0.0,0.0,0.0,0.0,0.0,0.0,0.0,0.0,0.0,0.0,0.0,0.0,0.0,0.0,0.0,0.0,0.0,0.0,0.0,0.0,0.0,0.0,0.0,-0.03155889978728843,-0.02696182618918197,-0.03155889978728843,-0.026960048717339036,-0.03155889978728843,-0.02682777669947345
2024-08-15 00:00:00+00:00,0.0,0.0,0.0,0.0,0.0,0.0,0.0,0.0,0.0,0.0,0.0,0.0,0.0,0.0,0.0,0.0,0.0,0.0,0.0,0.0,0.0,0.0,0.0,0.0,0.0,0.0,0.0,0.0,0.0,0.0,0.0,0.0,0.0,-0.01954332736645148,-0.028172966111619013,-0.01954332736645148,-0.02814530922445624,-0.01954332736645148,-0.028113707870203064
2024-08-16 00:00:00+00:00,0.0,0.0,0.0,0.0,0.0,0.0,0.0,0.0,0.0,0.0,0.0,0.0,0.0,0.0,0.0,0.0,0.0,0.0,0.0,0.0,0.0,0.0,0.0,0.0,0.0,0.0,0.0,0.0,0.0,0.0,0.0,0.0,0.0,0.023380180701211062,-0.0019012125425665882,0.023380180701211062,-0.0018989232323300964,0.02338018070121084,-0.0018644844480354417
2024-08-17 00:00:00+00:00,0.0,0.0,0.0,0.0,0.0,0.0,0.0,0.0,0.0,0.0,0.0,0.0,0.0,0.0,0.0,0.0,0.0,0.0,0.0,0.0,0.0,0.0,0.0,0.0,0.0,0.0,0.0,0.0,0.0,0.0,0.0,0.0,0.0,0.01033300112635649,0.015071714577161277,0.01033300112635649,0.015079002988160228,0.01033300112635649,0.015158145205341977
2024-08-18 00:00:00+00:00,0.0,0.0,0.0,0.0,0.0,0.0,0.0,0.0,0.0,0.0,0.0,0.0,0.0,0.0,0.0,0.0,0.0,0.0,0.0,0.0,0.0,0.0,0.0,0.0,0.0,0.0,0.0,0.0,0.0,0.0,0.0,0.0,0.0,-0.017808986563971008,-0.015720343948432247,-0.017808986563971008,-0.015729271360790165,-0.017808986563971008,-0.015693381589220068
2024-08-19 00:00:00+00:00,0.0,0.0,0.0,0.0,0.0,0.0,0.0,0.0,0.0,0.0,0.0,0.0,0.0,0.0,0.0,0.0,0.0,0.0,0.0,0.0,0.0,0.0,0.0,0.0,0.0,0.0,0.0,0.0,0.0,0.0,0.0,0.0,0.0,0.017364929266794338,0.019360717119011106,0.01736492926679456,0.01937810399341444,0.017364929266794338,0.019471563044530127
2024-08-20 00:00:00+00:00,0.0,0.0,0.0,0.0,0.0,0.0,0.0,0.0,0.0,0.0,0.0,0.0,0.0,0.0,0.0,0.0,0.0,0.0,0.0,0.0,0.0,0.0,0.0,0.0,0.0,0.0,0.0,0.0,0.0,0.0,0.0,0.0,0.0,-0.007318090171559821,-0.0009265446114286036,-0.007318090171559932,-0.0009203602482416029,-0.007318090171559821,-0.0009494902293476493
2024-08-21 00:00:00+00:00,0.0,0.0,0.0,0.0,0.0,0.0,0.0,0.0,0.0,0.0,0.0,0.0,0.0,0.0,0.0,0.0,0.0,0.0,0.0,0.0,0.0,0.0,0.0,0.0,0.0,0.0,0.0,0.0,0.0,0.0,0.0,0.0,0.0,0.03635678786612595,0.042565813228953475,0.03635678786612595,0.042574107538162265,0.03635678786612595,0.042453858631382735
2024-08-22 00:00:00+00:00,0.0,0.0,0.0,0.0,0.0,0.0,0.0,0.0,0.0,0.0,0.0,0.0,0.0,0.0,0.0,0.0,0.0,0.0,0.0,0.0,0.0,0.0,0.0,0.0,0.0,0.0,0.0,0.0,0.0,0.0,0.0,0.0,0.0,-0.012752586192238069,0.014893370402719652,-0.012752586192238069,0.014875314396014305,-0.012752586192238069,0.014870325975244514
2024-08-23 00:00:00+00:00,0.0,0.0,0.0,0.0,0.0,0.0,0.0,0.0,0.0,0.0,0.0,0.0,0.0,0.0,0.0,0.0,0.0,0.0,0.0,0.0,0.0,0.0,0.0,0.0,0.0,0.0,0.0,0.0,0.0,0.0,0.0,0.0,0.0,0.06133203407763976,0.08083931810270784,0.06133203407763976,0.08077417229328798,0.06133203407763976,0.08083584706692504
2024-08-24 00:00:00+00:00,0.0,0.0,0.0,0.0,0.0,0.0,0.0,0.0,0.0,0.0,0.0,0.0,0.0,0.0,0.0,0.0,0.0,0.0,0.0,0.0,0.0,0.0,0.0,0.0,0.0,0.0,0.0,0.0,0.0,0.0,0.0,0.0,0.0,0.001449754332878861,0.017184989464542166,0.001449754332878861,0.01719295789579367,0.001449754332878861,0.017209623915512617
2024-08-25 00:00:00+00:00,0.0,0.0,0.0,0.0,0.0,0.0,0.0,0.0,0.0,0.0,0.0,0.0,0.0,0.0,0.0,0.0,0.0,0.0,0.0,0.0,0.0,0.0,0.0,0.0,0.0,0.0,0.0,0.0,0.0,0.0,0.0,0.0,0.0,0.0011265256593095963,-0.015830211543214734,0.0011265256593095963,-0.015837633752581848,0.0011265256593095963,-0.015708553117327773
2024-08-26 00:00:00+00:00,-0.005390221953272989,-0.006830221953272875,0.0,0.0,0.0,0.0,-0.005390221953272878,-0.006830221953272875,0.0,0.0,0.0,0.0,0.0,0.0,0.0,0.0,0.0,0.0,0.0,0.0,0.0,0.0,0.0,0.0,0.0,0.0,0.0,0.0,0.0,0.0,0.0,0.0,0.0,-0.02197490410015701,-0.04195814257561192,-0.02197490410015701,-0.04193269130875854,-0.02197490410015701,-0.0419082801332028
2024-08-27 00:00:00+00:00,-0.009577926053693897,-0.00959181311894941,-0.011180294770424481,0.0,0.0,0.0,-0.009577926053694119,-0.00959181311894941,-0.011180294770424481,0.0,0.0,0.0,0.0,0.0,0.0,0.0,0.0,0.0,0.0,0.0,0.0,0.0,0.0,0.0,0.0,0.0,0.0,0.0,0.0,0.0,0.0,0.0,0.0,-0.05411139401654974,-0.057093701014642506,-0.05411139401654985,-0.05708162813036344,-0.05411139401654985,-0.05705865900234652
2024-08-28 00:00:00+00:00,-0.0011198448737551603,-0.0011214842651121604,-0.0011406441845798199,0.0,0.0,0.0,-0.0011198448737549382,-0.0011214842651120493,-0.0011406441845798199,0.0,0.0,0.0,0.0,0.0,0.0,0.0,0.0,0.0,0.0,0.0,0.0,0.0,0.0,0.0,0.0,0.0,0.0,0.0,0.0,0.0,0.0,0.0,0.0,-0.006624535411049015,-0.018855867675666937,-0.006624535411048904,-0.01885715697112622,-0.006624535411049015,-0.01883045246318915
2024-08-29 00:00:00+00:00,0.0009070788166407606,0.000908408221088175,0.0009239455803871088,0.0,0.0,0.0,0.0009070788166405386,0.000908408221088175,0.0009239455803873309,0.0,0.0,0.0,0.0,0.0,0.0,0.0,0.0,0.0,0.0,0.0,0.0,0.0,0.0,0.0,0.0,0.0,0.0,0.0,0.0,0.0,0.0,0.0,0.0,0.0053956347165968754,-0.009636964403353043,0.0053956347165968754,-0.009643077700142277,0.0053956347165968754,-0.00960179651509152
2024-08-30 00:00:00+00:00,-0.0007159823883047256,-0.0007170307716297675,-0.0007292835017462806,0.0,0.0,0.0,-0.0007159823883046146,-0.0007170307716296564,-0.0007292835017463917,0.0,0.0,0.0,0.0,0.0,0.0,0.0,0.0,0.0,0.0,0.0,0.0,0.0,0.0,0.0,0.0,0.0,0.0,0.0,0.0,0.0,0.0,0.0,0.0,-0.004239909831587951,-0.0036104297704430133,-0.00423990983158784,-0.0035438893551840156,-0.00423990983158784,-0.003544283044058627
2024-08-31 00:00:00+00:00,-0.0004110525776467311,-0.000411654896774194,-0.00041869445165254593,0.0,0.0,0.0,-0.0004110525776467311,-0.000411654896774305,-0.00041869445165254593,0.0,0.0,0.0,0.0,0.0,0.0,0.0,0.0,0.0,0.0,0.0,0.0,0.0,0.0,0.0,0.0,0.0,0.0,0.0,0.0,0.0,0.0,0.0,0.0,-0.002442788588658429,-0.014516042105487736,-0.002442788588658429,-0.014513743305157312,-0.002442788588658318,-0.014559429421004966
2024-09-01 00:00:00+00:00,-0.004754023693485099,-0.0047609926770023625,-0.004842442716885165,0.0,0.0,0.0,-0.004754023693485099,-0.0047609926770024735,-0.004842442716885054,0.0,0.0,0.0,0.0,0.0,0.0,0.0,0.0,0.0,0.0,0.0,0.0,0.0,0.0,0.0,0.0,0.0,0.0,0.0,0.0,0.0,0.0,0.0,0.0,-0.028309583595408916,-0.04469858052042297,-0.028309583595408916,-0.04835093156859649,-0.028309583595408916,-0.0438379632003687
2024-09-02 00:00:00+00:00,-0.0013337540354849686,-0.002649113986669338,0.00536579066266607,0.0,0.0,0.0,-0.0013337540354849686,-0.002649113986669005,0.005365790662665848,0.0,0.0,0.0,0.0,0.0,0.0,0.0,0.0,0.0,0.0,0.0,0.0,0.0,0.0,0.0,0.0,0.0,0.0,0.0,0.0,0.0,0.0,0.0,0.0,0.032126738686538925,0.04398638961130796,0.032126738686538925,0.044179580837364174,0.032126738686538925,0.04096899295946588
2024-09-03 00:00:00+00:00,0.0,0.0,-0.0013744252194051176,0.0,0.0,0.0,0.0,0.0,-0.0013744252194048956,0.0,0.0,0.0,0.0,0.0,0.0,0.0,0.0,0.0,0.0,0.0,0.0,0.0,0.0,0.0,0.0,0.0,0.0,0.0,0.0,0.0,0.0,0.0,0.0,-0.028254900293085194,-0.05079419746349012,-0.028254900293085083,-0.051007813615454256,-0.028254900293085083,-0.05228070819232655
2024-09-04 00:00:00+00:00,0.0,0.0,0.0,0.0,0.0,0.0,0.0,0.0,0.0,0.0,0.0,0.0,0.0,0.0,0.0,0.0,0.0,0.0,0.0,0.0,0.0,0.0,0.0,0.0,0.0,0.0,0.0,0.0,0.0,0.0,0.0,0.0,0.0,0.008737952601792776,0.02569580687268891,0.008737952601792776,0.02580577612861279,0.008737952601792554,0.02650298444290211
2024-09-05 00:00:00+00:00,0.0,0.0,0.0,0.0,0.0,0.0,0.0,0.0,0.0,0.0,0.0,0.0,0.0,0.0,0.0,0.0,0.0,0.0,0.0,0.0,0.0,0.0,0.0,0.0,0.0,0.0,0.0,0.0,0.0,0.0,0.0,0.0,0.0,-0.0312946128236532,-0.027483936501724315,-0.0312946128236532,-0.027607900860251666,-0.0312946128236532,-0.028212785944855323
2024-09-06 00:00:00+00:00,0.0,0.0,0.0,0.0,0.0,0.0,0.0,0.0,0.0,0.0,0.0,0.0,0.0,0.0,0.0,0.0,0.0,0.0,0.0,0.0,0.0,0.0,0.0,0.0,0.0,0.0,0.0,0.0,0.0,0.0,0.0,0.0,0.0,-0.03929727502376379,-0.019799871014613668,-0.03929727502376379,-0.01991404916551931,-0.03929727502376379,-0.020459788396818834
2024-09-07 00:00:00+00:00,0.0,0.0,0.0,0.0,0.0,0.0,0.0,0.0,0.0,0.0,0.0,0.0,0.0,0.0,0.0,0.0,0.0,0.0,0.0,0.0,0.0,0.0,0.0,0.0,0.0,0.0,0.0,0.0,0.0,0.0,0.0,0.0,0.0,0.003824281033497412,0.0135654346732208,0.003824281033497412,0.013630117689971577,0.003824281033497412,0.013909036076812598
2024-09-08 00:00:00+00:00,0.0,0.0,0.0,0.0,0.0,0.0,0.0,0.0,0.0,0.0,0.0,0.0,0.0,0.0,0.0,0.0,0.0,0.0,0.0,0.0,0.0,0.0,0.0,0.0,0.0,0.0,0.0,0.0,0.0,0.0,0.0,0.0,0.0,0.013383107754901369,0.02143966882405457,0.013383107754901591,0.02152789274083622,0.013383107754901369,0.02193536007667518
2024-09-09 00:00:00+00:00,0.0,0.0,0.0,0.0,0.0,0.0,0.0,0.0,0.0,0.0,0.0,0.0,0.0,0.0,0.0,0.0,0.0,0.0,0.0,0.0,0.0,0.0,0.0,0.0,0.0,0.0,0.0,0.0,0.0,0.0,0.0,0.0,0.0,0.03959085375642002,0.04596970574750325,0.03959085375642002,0.04618053239156983,0.0395908537564198,0.047241829662018064
2024-09-10 00:00:00+00:00,0.0,0.0,0.0,0.0,0.0,0.0,0.0,0.0,0.0,0.0,0.0,0.0,0.0,0.0,0.0,0.0,0.0,0.0,0.0,0.0,0.0,0.0,0.0,0.0,0.0,0.0,0.0,0.0,0.0,0.0,0.0,0.0,0.0,0.010370719617764701,0.012297818029957552,0.010370719617764701,0.012364125679266591,0.010370719617764923,0.012395793340611139
2024-09-11 00:00:00+00:00,0.0,0.0,0.0,0.0,0.0,0.0,0.0,0.0,0.0,0.0,0.0,0.0,0.0,0.0,0.0,0.0,0.0,0.0,0.0,0.0,0.0,0.0,0.0,0.0,0.0,0.0,0.0,0.0,0.0,0.0,0.0,0.0,0.0,-0.005079313092293591,-0.013681442919908249,-0.005079313092293702,-0.013727077526382248,-0.0050793130922938134,-0.014101458902772479
2024-09-12 00:00:00+00:00,0.0,0.0,0.0,0.0,0.0,0.0,0.0,0.0,0.0,0.0,0.0,0.0,0.0,0.0,0.0,0.0,0.0,0.0,0.0,0.0,0.0,0.0,0.0,0.0,0.0,0.0,0.0,0.0,0.0,0.0,0.0,0.0,0.0,0.013682856579427138,0.025950686989640204,0.013682856579427138,0.02605344842041757,0.013682856579427138,0.0268699624984976
2024-09-13 00:00:00+00:00,0.0,0.0,0.0,0.0,0.0,0.0,0.0,0.0,0.0,0.0,0.0,0.0,0.0,0.0,0.0,0.0,0.0,0.0,0.0,0.0,0.0,0.0,0.0,0.0,0.0,0.0,0.0,0.0,0.0,0.0,0.0,0.0,0.0,0.04138135187694569,0.02147668475386655,0.04138135187694569,0.021580495506686503,0.04138135187694547,0.021984221807126447
2024-09-14 00:00:00+00:00,0.0,0.0,0.0,0.0,0.0,0.0,0.0,0.0,0.0,0.0,0.0,0.0,0.0,0.0,0.0,0.0,0.0,0.0,0.0,0.0,0.0,0.0,0.0,0.0,0.0,0.0,0.0,0.0,0.0,0.0,0.0,0.0,0.0,-0.008770575133354885,-0.004637844316382034,-0.008770575133354885,-0.0046441538944089755,-0.008770575133354885,-0.004627550938415381
2024-09-15 00:00:00+00:00,0.0,0.0,0.0,0.0,0.0,0.0,0.0,0.0,0.0,0.0,0.0,0.0,0.0,0.0,0.0,0.0,0.0,0.0,0.0,0.0,0.0,0.0,0.0,0.0,0.0,0.0,0.0,0.0,0.0,0.0,0.0,0.0,0.0,-0.014830614031945077,-0.027171501485878435,-0.014830614031945077,-0.02730532263571439,-0.014830614031945188,-0.02734901336155149
2024-09-16 00:00:00+00:00,0.0,0.0,0.0,0.0,0.0,0.0,0.0,0.0,0.0,0.0,0.0,0.0,0.0,0.0,0.0,0.0,0.0,0.0,0.0,0.0,0.0,0.0,0.0,0.0,0.0,0.0,0.0,0.0,0.0,0.0,0.0,0.0,0.0,-0.015452367996998784,-0.026071955810927805,-0.015452367996998895,-0.026154653371178505,-0.015452367996998673,-0.026864420238417286
2024-09-17 00:00:00+00:00,0.0,0.0,0.0,0.0,0.0,0.0,0.0,0.0,0.0,0.0,0.0,0.0,0.0,0.0,0.0,0.0,0.0,0.0,0.0,0.0,0.0,0.0,0.0,0.0,0.0,0.0,0.0,0.0,0.0,0.0,0.0,0.0,0.0,0.036143191530483065,0.029437971396161,0.036143191530483065,0.029576060405252846,0.036143191530483065,0.031039988196733148
2024-09-18 00:00:00+00:00,0.0,0.0,0.0,0.0,0.0,0.0,0.0,0.0,0.0,0.0,0.0,0.0,0.0,0.0,0.0,0.0,0.0,0.0,0.0,0.0,0.0,0.0,0.0,0.0,0.0,0.0,0.0,0.0,0.0,0.0,0.0,0.0,0.0,0.024150509180502766,0.034635201838257634,0.024150509180502766,0.03474897583413572,0.024150509180502766,0.03530977493131515
2024-09-19 00:00:00+00:00,0.0,0.0,0.0,0.0,0.0,0.0,0.0,0.0,0.0,0.0,0.0,0.0,0.0,0.0,0.0,0.0,0.0,0.0,0.0,0.0,0.0,0.0,0.0,0.0,0.0,0.0,0.0,0.0,0.0,0.0,0.0,0.0,0.0,0.0192808128584514,0.03538912343886991,0.019280812858451624,0.035517349624299754,0.0192808128584514,0.03650306790677216
2024-09-20 00:00:00+00:00,0.0,0.0,0.0,0.0,0.0,0.0,0.0,0.0,0.0,0.0,0.0,0.0,0.0,0.0,0.0,0.0,0.0,0.0,0.0,0.0,0.0,0.0,0.0,0.0,0.0,0.0,0.0,0.0,0.0,0.0,0.0,0.0,0.0,0.003979501951552278,0.024914980058732494,0.003979501951552278,0.02499680743997179,0.003979501951552278,0.025118977336100246
2024-09-21 00:00:00+00:00,0.0,0.0,0.0,0.0,0.0,0.0,0.0,0.0,0.0,0.0,0.0,0.0,0.0,0.0,0.0,0.0,0.0,0.0,0.0,0.0,0.0,0.0,0.0,0.0,0.0,0.0,0.0,0.0,0.0,0.0,0.0,0.0,0.0,0.0024054475595822744,0.020914999657375644,0.0024054475595820524,0.0209609576699179,0.0024054475595822744,0.021587165044352652
2024-09-22 00:00:00+00:00,0.0,0.0,0.0,0.0,0.0,0.0,0.0,0.0,0.0,0.0,0.0,0.0,0.0,0.0,0.0,0.0,0.0,0.0,0.0,0.0,0.0,0.0,0.0,0.0,0.0,0.0,0.0,0.0,0.0,0.0,0.0,0.0,0.0,0.00339189877205448,-0.013291967834008767,0.00339189877205448,-0.01333908222389657,0.00339189877205448,-0.014409705176317011
2024-09-23 00:00:00+00:00,-0.002123757995193043,-0.003563757995193262,0.0,0.0,0.0,0.0,-0.002123757995193154,-0.003563757995193151,0.0,0.0,0.0,0.0,0.0,0.0,0.0,0.0,0.0,0.0,0.0,0.0,0.0,0.0,0.0,0.0,0.0,0.0,0.0,0.0,0.0,0.0,0.0,0.0,0.0,-0.003755879030464593,0.03375856329259164,-0.003755879030464593,0.0339290933544687,-0.003755879030464593,0.03661812203554682
2024-09-24 00:00:00+00:00,0.002650009367245021,0.002653839028720739,0.001214522461332912,0.0,0.0,0.0,0.002650009367245021,0.002653839028720517,0.001214522461333134,0.0,0.0,0.0,0.0,0.0,0.0,0.0,0.0,0.0,0.0,0.0,0.0,0.0,0.0,0.0,0.0,0.0,0.0,0.0,0.0,0.0,0.0,0.0,0.0,0.01474702658888627,0.0333239307523967,0.014747026588886047,0.03337208711535955,0.014747026588886047,0.033390628363318964
2024-09-25 00:00:00+00:00,-0.0032315031819792894,-0.0032361608286929355,-0.003241578223718844,0.0,0.0,0.0,-0.0032315031819790674,-0.0032361608286928245,-0.003241578223719177,0.0,0.0,0.0,0.0,0.0,0.0,0.0,0.0,0.0,0.0,0.0,0.0,0.0,0.0,0.0,0.0,0.0,0.0,0.0,0.0,0.0,0.0,0.0,0.0,-0.017768600248969535,-0.014541472422489488,-0.017768600248969535,-0.014635747813222633,-0.017768600248969535,-0.015061762815932522
2024-09-26 00:00:00+00:00,0.005809015267794093,0.0058174151307330835,0.005827185265409263,0.0,0.0,0.0,0.005809015267793871,0.0058174151307330835,0.005827185265409263,0.0,0.0,0.0,0.0,0.0,0.0,0.0,0.0,0.0,0.0,0.0,0.0,0.0,0.0,0.0,0.0,0.0,0.0,0.0,0.0,0.0,0.0,0.0,0.0,0.03241392605109805,0.0424495659644224,0.03241392605109805,0.04263332243041007,0.03241392605109783,0.04324526978984311
2024-09-27 00:00:00+00:00,0.0017266957458093035,0.001729178114870944,0.001732065381258474,0.0,0.0,0.0,0.0017266957458097476,0.001729178114871166,0.001732065381258474,0.0,0.0,0.0,0.0,0.0,0.0,0.0,0.0,0.0,0.0,0.0,0.0,0.0,0.0,0.0,0.0,0.0,0.0,0.0,0.0,0.0,0.0,0.0,0.0,0.009386563186733587,0.023698199974785394,0.009386563186733365,0.023802352456266274,0.009386563186733365,0.023636940800668027
2024-09-28 00:00:00+00:00,0.0001971969487650771,0.00019747995786345562,0.0001978091265955051,0.0,0.0,0.0,0.0001971969487650771,0.00019747995786323358,0.00019780912659572714,0.0,0.0,0.0,0.0,0.0,0.0,0.0,0.0,0.0,0.0,0.0,0.0,0.0,0.0,0.0,0.0,0.0,0.0,0.0,0.0,0.0,0.0,0.0,0.0,0.0010638556597608595,-0.010791901996039743,0.0010638556597608595,-0.01081702579600452,0.0010638556597608595,-0.011083645250936303
2024-09-29 00:00:00+00:00,-0.0007295327463289203,-0.000730579535549003,-0.0007317970584896916,0.0,0.0,0.0,-0.0007295327463288093,-0.000730579535549114,-0.0007317970584898026,0.0,0.0,0.0,0.0,0.0,0.0,0.0,0.0,0.0,0.0,0.0,0.0,0.0,0.0,0.0,0.0,0.0,0.0,0.0,0.0,0.0,0.0,0.0,0.0,-0.00393234089985306,0.003907882917260297,-0.003932340899853171,0.00387859789110534,-0.00393234089985306,0.003982192036958931
2024-09-30 00:00:00+00:00,-0.00648021094546769,-0.006489516044441923,-0.006500338850904064,0.0,0.0,0.0,-0.006480210945467468,-0.00648951604444159,-0.006500338850904064,0.0,0.0,0.0,0.0,0.0,0.0,0.0,0.0,0.0,0.0,0.0,0.0,0.0,0.0,0.0,0.0,0.0,0.0,0.0,0.0,0.0,0.0,0.0,0.0,-0.03504206782895303,-0.03988028885573447,-0.03504206782895303,-0.04004154437499796,-0.03504206782895303,-0.040768853938166094
2024-10-01 00:00:00+00:00,-0.007125394918956585,-0.0071356932853482435,-0.007147671608708883,0.0,0.0,0.0,-0.007125394918956918,-0.0071356932853483546,-0.007147671608708772,0.0,0.0,0.0,0.0,0.0,0.0,0.0,0.0,0.0,0.0,0.0,0.0,0.0,0.0,0.0,0.0,0.0,0.0,0.0,0.0,0.0,0.0,0.0,0.0,-0.039671412491854574,-0.05705724313651639,-0.03967141249185446,-0.05975298462107648,-0.039671412491854574,-0.05639818930428753
2024-10-02 00:00:00+00:00,-0.0004533252517567865,-0.00045398515370786985,-0.0004547527216901548,0.0,0.0,0.0,-0.0004533252517566755,-0.00045398515370798087,-0.0004547527216901548,0.0,0.0,0.0,0.0,0.0,0.0,0.0,0.0,0.0,0.0,0.0,0.0,0.0,0.0,0.0,0.0,0.0,0.0,0.0,0.0,0.0,0.0,0.0,0.0,-0.002609475242638659,-0.029912633212121897,-0.002609475242638659,-0.030037497817058778,-0.002609475242638548,-0.03322064276663805
2024-10-03 00:00:00+00:00,0.00032484507996066725,0.00032531816912650946,0.00032586844574633567,0.0,0.0,0.0,0.00032484507996066725,0.00032531816912650946,0.00032586844574633567,0.0,0.0,0.0,0.0,0.0,0.0,0.0,0.0,0.0,0.0,0.0,0.0,0.0,0.0,0.0,0.0,0.0,0.0,0.0,0.0,0.0,0.0,0.0,0.0,0.0018739474301832093,-0.019211909228701973,0.0018739474301832093,-0.019286239037138664,0.0018739474301832093,-0.01942012151436645
2024-10-04 00:00:00+00:00,0.003846229193133599,0.0038518288395910094,0.0038583420966982196,0.0,0.0,0.0,0.003846229193133821,0.0038518288395910094,0.0038583420966982196,0.0,0.0,0.0,0.0,0.0,0.0,0.0,0.0,0.0,0.0,0.0,0.0,0.0,0.0,0.0,0.0,0.0,0.0,0.0,0.0,0.0,0.0,0.0,0.0,0.022153596535286146,0.05085531087080142,0.022153596535286146,0.051078186392116365,0.022153596535286146,0.052191206416187796
2024-10-05 00:00:00+00:00,-0.00011223540574545332,-0.00011239817999997292,-0.00011258750941278706,0.0,0.0,0.0,-0.00011223540574545332,-0.0001123981799998619,-0.00011258750941278706,0.0,0.0,0.0,0.0,0.0,0.0,0.0,0.0,0.0,0.0,0.0,0.0,0.0,0.0,0.0,0.0,0.0,0.0,0.0,0.0,0.0,0.0,0.0,0.0,-0.0006348775847466737,-0.011007748793608885,-0.0006348775847465626,-0.01105851879994102,-0.0006348775847465626,-0.011317470989933076
2024-10-06 00:00:00+00:00,0.0021628669801407874,0.0021660041241895467,0.002169653066416144,0.0,0.0,0.0,0.0021628669801410094,0.0021660041241893246,0.002169653066416144,0.0,0.0,0.0,0.0,0.0,0.0,0.0,0.0,0.0,0.0,0.0,0.0,0.0,0.0,0.0,0.0,0.0,0.0,0.0,0.0,0.0,0.0,0.0,0.0,0.012241002564169046,0.028345529359174115,0.012241002564169046,0.028448408246957824,0.012241002564169046,0.02863333652449307
2024-10-07 00:00:00+00:00,-0.0017348673537123105,-0.0017373782643610447,-0.0017402987887975563,0.002161468778129727,-0.00503853122187059,0.0,-0.0017348673537123105,-0.0017373782643610447,-0.0017402987887973342,0.002161468778129727,-0.005038531221870146,0.0,0.002161468778129727,-0.005038531221870368,0.0,-0.013040688575704174,-0.020240688575704158,0.0,-0.005940892779941476,-0.013140892779941571,0.0,-0.005940892779941698,-0.013140892779941682,0.0,0.000682225349729837,-0.006517774650270258,0.0,0.0006822253497296149,-0.00651777465027048,0.0,0.0006822253497296149,-0.006517774650270147,0.0,-0.009720930425089036,-0.011820866884304837,-0.009720930425089036,-0.01187966050822653,-0.009720930425089036,-0.012944525142649987
2024-10-08 00:00:00+00:00,-0.00022274996337534603,-0.0002230729152542521,-0.00022344855346556614,-0.0017445774633808586,-0.001757202030392091,-0.008793283249363126,-0.00022274996337545705,-0.00022307291525403006,-0.0002234485534654551,-0.0017445774633805256,-0.001757202030392202,-0.008793283249363237,-0.0017445774633807476,-0.001757202030392202,-0.008793283249363126,-0.006651475375789029,-0.006700355363095323,-0.013838843639145004,-0.007953830899830816,-0.008011861050294722,-0.015165685925754735,-0.007953830899830705,-0.008011861050294833,-0.015165685925754846,-0.0045735191647662266,-0.00460666453681835,-0.011703008140556026,-0.0045735191647662266,-0.004606664536818239,-0.011703008140555915,-0.0045735191647661155,-0.004606664536818239,-0.011703008140555915,-0.0012581936930189386,-0.010836613260494565,-0.0012581936930187165,-0.010896380447893428,-0.0012581936930189386,-0.010596786931851288
2024-10-09 00:00:00+00:00,-0.004394897037025447,-0.004401270357676013,-0.004408683426312732,-0.028064415082813876,-0.028267859625009994,-0.027543958582314954,-0.004394897037025336,-0.004401270357676124,-0.004408683426312843,-0.028064415082814098,-0.028267859625010217,-0.027543958582315065,-0.028064415082814098,-0.028267859625009994,-0.027543958582315065,-0.03451751985073481,-0.03477289133459638,-0.03408672304843785,-0.028633890205852275,-0.02884448673973683,-0.02809937124742956,-0.02863389020585272,-0.02884448673973694,-0.02809937124742956,-0.04061990382905878,-0.0409156482476416,-0.04025722227656614,-0.04061990382905878,-0.04091564824764171,-0.04025722227656625,-0.04061990382905878,-0.04091564824764171,-0.04025722227656614,-0.024850125607634777,-0.031217917495675263,-0.024850125607634665,-0.03133010586904483,-0.024850125607634665,-0.03161186030353824
2024-10-10 00:00:00+00:00,-0.0008542703785144878,-0.0008555146870433683,-0.000856962012976914,-0.0020094005129990267,-0.0020243908014493384,-0.0016461706875429138,-0.0008542703785145989,-0.0008555146870433683,-0.000856962012976914,-0.0020094005129989156,-0.0020243908014491163,-0.0016461706875425808,-0.0020094005129990267,-0.0020243908014492273,-0.0016461706875426918,-0.002777898022816472,-0.0027991901771133865,-0.0023468926686029956,-0.004939440535378203,-0.004976848135338052,-0.004557962925003434,-0.004939440535377648,-0.004976848135337719,-0.004557962925003434,-0.005149833537334891,-0.005188927892338935,-0.0048045461746388796,-0.005149833537335002,-0.005188927892338824,-0.0048045461746386575,-0.005149833537335224,-0.005188927892339046,-0.0048045461746386575,-0.004931635563109382,0.002158473945051531,-0.004931635563109382,0.0021623435720712347,-0.004931635563109382,0.0020263575371137765
2024-10-11 00:00:00+00:00,0.006408484844807161,0.006417827273596188,0.006428694012496461,0.044006617520383706,0.04433557634600915,0.04267811381234532,0.006408484844807161,0.006417827273596188,0.006428694012496461,0.044006617520383706,0.04433557634600893,0.04267811381234554,0.044006617520383706,0.04433557634600915,0.04267811381234554,0.06878954904279788,0.06931829023495739,0.0678175624439119,0.056789638698289124,0.057221871780160694,0.05565647180035782,0.056789638698289346,0.05722187178016047,0.05565647180035804,0.061592798711437524,0.06206281205683628,0.060823236424008,0.061592798711437746,0.06206281205683628,0.060823236424008,0.061592798711437524,0.06206281205683628,0.060823236424008,0.037147270391789666,0.04760708386739809,0.037147270391789666,0.04778417802257828,0.037147270391789666,0.048453126257331336
2024-10-12 00:00:00+00:00,0.0019016413829091583,0.001904395958744587,0.0019075999066684446,0.024138310126635476,0.024311088883006482,0.02280760033811635,0.0019016413829091583,0.0019043959587443648,0.0019075999066684446,0.024138310126635476,0.02431108888300626,0.022807600338115908,0.024138310126635254,0.024311088883006482,0.022807600338115908,0.034866666305465754,0.035117291145932095,0.0335564084063833,0.02372602568715676,0.02389683350910743,0.022256194950982966,0.02372602568715676,0.023896833509107207,0.022256194950982966,0.04507047286026533,0.04539430665057487,0.04418531749396326,0.04507047286026533,0.04539430665057487,0.04418531749396326,0.045070472860265554,0.04539430665057487,0.04418531749396304,0.010696311106668022,0.02393194928632214,0.010696311106668022,0.024000029079124907,0.010696311106668022,0.024011184182301193
2024-10-13 00:00:00+00:00,-0.0009711831734242615,-0.0009725872829335902,-0.0009742204443573543,0.007114948360397166,0.007164667471897257,0.006340129088507895,-0.0009711831734240395,-0.0009725872829335902,-0.0009742204443573543,0.007114948360397166,0.007164667471897479,0.006340129088508117,0.007114948360397388,0.007164667471897257,0.006340129088508117,0.0069740026632894025,0.007022431744947211,0.005994578080602775,0.004774759048456589,0.004808331110656816,0.003780066624597511,0.004774759048456589,0.004808331110656816,0.003780066624597289,0.020577077644340358,0.02071850506288153,0.02012680747102369,0.02057707764434058,0.02071850506288153,0.020126807471023245,0.020577077644340358,0.020718505062881754,0.02012680747102369,-0.005415155884544776,0.006281659214250279,-0.005415155884544776,0.006272159197958205,-0.005415155884544776,0.005565724235415903
2024-10-14 00:00:00+00:00,0.009149224388383725,0.009162464959100447,0.00917786550650801,0.03996475445315384,0.037014629407688515,0.030013556159376842,0.009149224388383503,0.009162464959100669,0.00917786550650801,0.03996475445315384,0.03701462940768829,0.030013556159376398,0.03996475445315384,0.03701462940768829,0.03001355615937662,0.01975009139606776,0.014139920760986469,0.029789570983882463,0.0383346895990071,0.03539836792557338,0.039335447159101866,0.03833468959900688,0.03539836792557338,0.039335447159101866,0.010115122194834791,0.006785948585775969,0.023978553585450868,0.02275508922928826,0.022908311704028073,0.023978553585451312,0.010115122194835013,0.006785948585775969,0.02397855358545109,0.05124249546107662,0.04061289639149779,0.05124249546107662,0.040808721517377355,0.0512424954610764,0.04172058032353387
2024-10-15 00:00:00+00:00,0.0027898288121537274,0.0027938295389262624,0.002798482784999834,-0.02229422177462559,-0.022371966509544317,-0.026144883355341264,0.0027898288121537274,0.0027938295389262624,0.002798482784999834,-0.0222942217746257,-0.022371966509544428,-0.026144883355341375,-0.0222942217746257,-0.022371966509544206,-0.026144883355341264,-0.032110431545954166,-0.031856363863490444,-0.03832578918338836,-0.02501028132015304,-0.025124819761355055,-0.02907583516263612,-0.02501028132015315,-0.025124819761355055,-0.029075835162636232,-0.0337854467579235,-0.03389712513599241,-0.03703995693804818,-0.04044083271707577,-0.040707044523057956,-0.03983019508024399,-0.03378544675792361,-0.03389712513599252,-0.0370399569380484,0.014999474008051239,-0.019289515014104364,0.014999474008051239,-0.01934673662933384,0.014999474008051239,-0.019568520541391576
2024-10-16 00:00:00+00:00,0.0015492769869234202,0.001551492522632758,0.0015540693904012581,0.019259423272376397,0.019324155803734033,0.0186079703956179,0.0015492769869234202,0.001551492522632758,0.0015540693904014802,0.019259423272376397,0.019324155803734255,0.018607970395618123,0.019259423272376397,0.019324155803734255,0.0186079703956179,-0.0005501004898031958,0.00010710671222291523,-1.840325246427188e-05,0.02123036605389439,0.021405805216049956,0.021660646111294257,0.02123036605389461,0.021405805216049734,0.021660646111294257,-0.011987585789836608,-0.012028601268626815,-0.01209454034213231,-0.008492339566957274,-0.008550614705946535,-0.008752245526664648,-0.011987585789836719,-0.012028601268626704,-0.01209454034213242,0.008229465854218576,-0.0030470078415121282,0.008229465854218576,-0.0030424728983382554,0.008229465854218576,-0.002986751800224674
2024-10-17 00:00:00+00:00,-0.0005777535655687727,-0.0005785784992506926,-0.0005795379669029099,-0.02637261664130386,-0.026484562845668025,-0.02598118938549976,-0.0005777535655685506,-0.0005785784992509146,-0.000579537966903021,-0.02637261664130397,-0.026484562845668025,-0.02598118938549976,-0.02637261664130397,-0.026484562845667914,-0.02598118938549976,-0.01894711607059818,-0.01897468687372128,-0.018991839747499406,-0.028442910182736036,-0.02866520409136697,-0.029087819192286535,-0.028442910182735925,-0.028665204091366858,-0.029087819192286424,-0.013806637594211968,-0.013854452093317038,-0.014042348300616792,-0.018641769718007795,-0.018770794328851315,-0.018455514258913785,-0.013806637594211857,-0.013854452093316705,-0.014042348300616792,-0.00304858387503093,-0.014149825197362187,-0.00304858387503093,-0.014216029263868446,-0.00304858387503093,-0.014617646526360328
2024-10-18 00:00:00+00:00,0.002871449613502053,0.0028755519279635156,0.002880323275208818,0.028732879830720925,0.028892173506031016,0.02908173000830283,0.002871449613502053,0.0028755519279635156,0.00288032327520904,0.028732879830720925,0.028892173506031016,0.02908173000830261,0.028732879830720925,0.028892173506030794,0.02908173000830261,0.028078786064958283,0.028321083502537592,0.028355403357920528,0.03146922375245231,0.03168850861987704,0.032337111609853864,0.03146922375245231,0.03168850861987704,0.032337111609853864,0.021312454439466277,0.021387299670748483,0.021571235037099123,0.0253683925474939,0.025547332740766038,0.024993044840190715,0.021312454439466277,0.02138729967074826,0.021571235037099123,0.015189089160567715,0.03121029957018262,0.015189089160567493,0.031344381672084864,0.015189089160567493,0.031905325973413
2024-10-19 00:00:00+00:00,-0.00017445951527761405,-0.00017470804330077527,-0.00017499710037260918,0.00016231645060882371,0.00020221682795940055,-0.00012523315326196105,-0.00017445951527761405,-0.00017470804330077527,-0.0001749971003727202,0.00016231645060882371,0.0002022168279591785,-0.00012523315326151696,0.00016231645060904576,0.0002022168279596226,-0.00012523315326162798,-0.0006666330712746804,-0.0002698617297524075,-0.0009678627388808314,0.0021226278511707886,0.0021605012043128813,0.001687963896532807,0.0021226278511707886,0.0021605012043126592,0.001687963896532807,-0.01946891386539007,-0.019535853284172622,-0.019693646491793393,-0.01831600326416727,-0.018441979885246984,-0.017935125357252724,-0.01946891386539007,-0.01953585328417251,-0.019693646491793393,-0.000911640308063788,-0.0035675174428878575,-0.000911640308063788,-0.0035709337517018103,-0.0009116403080638991,-0.0033559386823964754
2024-10-20 00:00:00+00:00,0.001821347315055677,0.0018239423867165705,0.0018269606548761974,0.027560299356426787,0.02775579384595095,0.0279654599620498,0.001821347315055677,0.0018239423867163485,0.0018269606548761974,0.027560299356426787,0.02775579384595095,0.027965459962049577,0.027560299356426787,0.027755793845950505,0.027965459962049577,0.02368174446433602,0.023368554912525097,0.023336428353646577,0.020856111695564117,0.021023691288116986,0.021453449585468576,0.02085611169556434,0.02102369128811743,0.021453449585468576,0.01335955425100166,0.013406403265993072,0.013915606134793812,0.014969894671199357,0.015074791416207933,0.014619137282646966,0.013359554251001438,0.013406403265993072,0.013915606134793812,0.009524494933205174,0.021274254706785678,0.009524494933205174,0.021348047060653075,0.009524494933205174,0.021365330625727763
2024-10-21 00:00:00+00:00,-0.004659246111069826,-0.004665872559615147,-0.004673579586320198,-0.02606647788325045,-0.026210603214957162,-0.02670877126764859,-0.004659246111069715,-0.004665872559614925,-0.004673579586320198,-0.02606647788325045,-0.02621060321495705,-0.02670877126764859,-0.02606647788325056,-0.026210603214957162,-0.02670877126764859,-0.03242192068007488,-0.038442453651176156,-0.031598672557728746,-0.02880465662320919,-0.03185373603101682,-0.027917006827599455,-0.02880465662320908,-0.03185373603101682,-0.027917006827599344,-0.02453091706143473,-0.02761397610945182,-0.03470297085515628,-0.044478857170030084,-0.05043704587072939,-0.045586027874740975,-0.02453091706143451,-0.027613976109452043,-0.03470297085515628,-0.024178995653979518,-0.035418848416273296,-0.02417899565397963,-0.03554039143035137,-0.024178995653979518,-0.0359175885713654
2024-10-22 00:00:00+00:00,9.518025325561119e-05,9.531625458070181e-05,9.547443598512118e-05,-0.01198744081518377,-0.012030075227917547,-0.013117794235300906,9.518025325561119e-05,9.531625458047976e-05,9.547443598534322e-05,-0.011987440815183659,-0.012030075227917436,-0.013117794235300684,-0.011987440815183437,-0.012030075227917325,-0.013117794235300795,-0.011932695897729606,-0.01203079932515616,-0.018555904650230826,-0.011647889651840604,-0.011730736825571686,-0.01597140676389186,-0.011647889651840715,-0.011730736825571686,-0.01597140676389186,-0.006655670341266573,-0.00667439808955661,-0.010277223091863186,-0.013409514833162661,-0.013493639992408046,-0.018995367970411348,-0.006655670341266573,-0.006674398089556721,-0.010277223091863186,0.000503814991651419,-0.008112595305299952,0.000503814991651419,-0.008151101827721718,0.000503814991651419,-0.008259096234643715
2024-10-23 00:00:00+00:00,-0.0021849544840043533,-0.002188076227995661,-0.0021917070875034916,-0.009991246717030888,-0.010055593586973166,-0.009053166564613191,-0.0021849544840043533,-0.002188076227995772,-0.0021917070875036027,-0.009991246717030777,-0.010055593586973277,-0.009053166564613302,-0.009991246717030777,-0.0100555935869735,-0.009053166564613191,-0.009591460883036307,-0.009649233673029611,-0.009105441267005965,-0.009405867263304502,-0.009481995353416206,-0.009079478435710775,-0.009405867263304613,-0.009481995353416428,-0.009079478435710553,-0.00830770627697619,-0.008347031812412253,-0.007480579600369852,-0.003795941100252387,-0.003820080830343464,-0.0038850653773900845,-0.008307706276976079,-0.008347031812412031,-0.007480579600369852,-0.011560835190459806,-0.015468413787569801,-0.011560835190459806,-0.015546678081651777,-0.011560835190459695,-0.01620293778549431
2024-10-24 00:00:00+00:00,0.004373265463908593,0.004379527449170917,0.004386810731418667,0.018682491731573547,0.018822421330117134,0.017183338684942262,0.004373265463908593,0.004379527449170917,0.004386810731418889,0.018682491731573325,0.018822421330117134,0.017183338684942262,0.018682491731573547,0.018822421330117356,0.017183338684942262,0.01819083804556798,0.018313473749863585,0.017283470287007274,0.018252860427620865,0.01850279711701508,0.01723373745635559,0.018252860427620865,0.01850279711701508,0.01723373745635559,0.0024318877190787624,0.0024256837556126953,0.0013862299794786814,2.3410112554689277e-05,2.3559556616703503e-05,-0.00016828337326868503,0.0024318877190785404,0.0024256837556124733,0.0013862299794786814,0.02335891999397588,0.0098904566445146,0.02335891999397588,0.009955400940560244,0.02335891999397588,0.010145165464057193
2024-10-25 00:00:00+00:00,-0.004456660455662509,-0.0044630140267901686,-0.004470403732418582,-0.058398689847077634,-0.05873134893388732,-0.05959644383595053,-0.004456660455662398,-0.0044630140267900575,-0.004470403732418693,-0.05839868984707752,-0.05873134893388754,-0.05959644383595042,-0.05839868984707741,-0.05873134893388754,-0.05959644383595031,-0.058035706997015435,-0.05848401478072873,-0.05993782690049976,-0.05754747164784968,-0.05811633200065125,-0.05976827897941017,-0.05754747164784979,-0.05811633200065125,-0.05976827897941006,-0.08705231889480258,-0.08753726289577624,-0.08898211826658098,-0.08700956389423686,-0.08756499720508248,-0.08778407232341523,-0.08705231889480247,-0.08753726289577612,-0.08898211826658076,-0.023362732192396263,-0.07741201858194091,-0.023362732192396263,-0.07770434564870643,-0.023362732192396263,-0.07872266875652523
2024-10-26 00:00:00+00:00,0.0012596293761075739,0.0012614331983167304,0.0012635312151454414,0.019683693862207585,0.019825584564707288,0.0198567117013142,0.0012596293761075739,0.0012614331983167304,0.0012635312151454414,0.019683693862207585,0.019825584564707288,0.0198567117013142,0.019683693862207363,0.01982558456470751,0.0198567117013142,0.019550930274857103,0.019704749859984494,0.019977708081992507,0.01953058690778997,0.019736383169111527,0.019917604239233944,0.01953058690778997,0.019736383169111527,0.01991760423923372,-0.0074240003198448035,-0.014479352055757233,0.027327873918848278,-0.007427927083662356,-0.014649403306881803,0.02388829535388437,-0.0074240003198449145,-0.014479352055757011,0.027327873918848056,0.006731064346451321,0.02220191329156962,0.006731064346451321,0.022296509448360258,0.006731064346451321,0.02286511621215226
2024-10-27 00:00:00+00:00,0.00261304351028091,0.002616780742656699,0.0026211274824972097,0.010479716263077421,0.01058827262695039,0.009466992134713026,0.0026130435102811322,0.002616780742656477,0.0026211274824972097,0.010479716263077421,0.01058827262695039,0.009466992134713026,0.010479716263077421,0.01058827262695039,0.009466992134713248,0.010300564116206834,0.010367363527386875,0.009523549137392617,0.010452786893347499,0.010593666879470165,0.009495456642166333,0.01045278689334772,0.010593666879469943,0.009495456642166333,0.0,0.0,-0.0069983515566569565,0.0,0.0,-0.0072071717657815615,0.0,0.0,-0.0069983515566566235,0.013887396631317994,0.016193795137108502,0.013887396631318216,0.01627562358657797,0.013887396631318216,0.016833128467296232
2024-10-28 00:00:00+00:00,0.005548667158744358,0.005556582272595589,0.005565788192876342,0.03120239688403248,0.027620048287548604,0.012229585866499137,0.005548667158744136,0.005556582272595811,0.005565788192876342,0.031202396884032257,0.027620048287548604,0.012229585866499137,0.031202396884032257,0.027620048287548604,0.012229585866499137,0.005874635925596783,-0.0028341580161875823,0.012301957715021183,0.006921779072112999,-0.001685574338849305,0.012266010822756579,0.006921779072112777,-0.001685574338849083,0.012266010822756579,0.0,0.0,0.0,0.0,0.0,0.0,0.0,0.0,0.0,0.029161274294009276,0.017166183267866675,0.029161274294009276,0.017237718684367076,0.029161274294009276,0.017938709164197153
2024-10-29 00:00:00+00:00,0.007797724961495334,0.007808786865662443,0.007821652539607094,0.06052603219300923,0.060737013427687,0.05683043442637947,0.007797724961495334,0.007808786865662443,0.007821652539607094,0.06052603219300923,0.06073701342768678,0.05683043442637992,0.06052603219300923,0.06073701342768678,0.056830434426379695,0.041469340069248295,0.04183150117767798,0.031247146136977433,0.04958815673011174,0.05001564801954306,0.03969455613561346,0.049588156730111965,0.05001564801954306,0.03969455613561346,0.0,0.0,0.0,0.0,0.0,0.0,0.0,0.0,0.0,0.040041044269176096,0.04625099432245827,0.040041044269176096,0.04641306388161359,0.040041044269176096,0.04680786093829603
2024-10-30 00:00:00+00:00,-0.0011093802200137226,-0.0011109418000799787,-0.0011127579704857116,-0.011180585619516625,-0.011217327252389886,-0.01059572500705086,-0.0011093802200137226,-0.0011109418000800897,-0.0011127579704857116,-0.011180585619516736,-0.011217327252389775,-0.010595725007051304,-0.011180585619516403,-0.011217327252389886,-0.010595725007051193,-0.019574346345062388,-0.019738429678404112,-0.0188418399421717,-0.018596464983555383,-0.018749145608956685,-0.0178498643414714,-0.018596464983555494,-0.01874914560895702,-0.01784986434147129,0.0,0.0,0.0,0.0,0.0,0.0,0.0,0.0,0.0,-0.005520021835877631,-0.015928464078159732,-0.005520021835877631,-0.016009739670053036,-0.00552002183587752,-0.016119665065144506
2024-10-31 00:00:00+00:00,-0.005879184960619455,-0.00588746979261201,-0.005897105364867206,-0.039582950059820265,-0.039714503198039264,-0.03951201597238174,-0.005879184960619344,-0.005887469792611899,-0.005897105364867206,-0.039582950059820154,-0.039714503198039264,-0.03951201597238141,-0.039582950059820265,-0.039714503198039264,-0.03951201597238163,-0.040068655925086794,-0.040411297453937345,-0.04067830423776886,-0.047088828952124406,-0.04748282455571762,-0.04780369323313005,-0.04708882895212452,-0.047482824555717396,-0.04780369323312994,0.0,0.0,0.0,0.0,0.0,0.0,0.0,0.0,0.0,-0.02938322033778784,-0.04202417506687084,-0.02938322033778784,-0.04216798677771072,-0.02938322033778773,-0.042820883862329295
2024-11-01 00:00:00+00:00,-0.002033043506507126,-0.00203592539854458,-0.0020392772081598842,-0.005568340019369011,-0.005587611648583013,-0.005372467910703227,-0.002033043506507237,-0.002035925398544469,-0.0020392772081601063,-0.005568340019368789,-0.005587611648582902,-0.005372467910703227,-0.005568340019369122,-0.005587611648583013,-0.005372467910703116,-0.0026466832777750637,-0.002670269157077798,-0.0020867554635082275,-0.008401626496805426,-0.00847542780170707,-0.007943886998862393,-0.008401626496805314,-0.008475427801707291,-0.007943886998862393,0.0,0.0,0.0,0.0,0.0,0.0,0.0,0.0,0.0,-0.010406874400533561,-0.014845378508800522,-0.010406874400533561,-0.017185527174049642,-0.010406874400533672,-0.012195347781045918
2024-11-02 00:00:00+00:00,-0.00030214501002256977,-0.0003025741821938155,-0.0003030733377404893,-0.008616093194457108,-0.008646080437958892,-0.008862473615103061,-0.00030214501002256977,-0.0003025741821939265,-0.00030307333774037826,-0.008616093194457108,-0.008646080437959114,-0.008862473615103283,-0.008616093194456886,-0.00864608043795878,-0.008862473615103061,-0.004169513776204448,-0.004206769820878975,-0.004463117806007166,-0.007262340370177589,-0.007326679293390148,-0.007596612102718003,-0.0072623403701777,-0.007326679293390148,-0.007596612102718114,0.0,0.0,0.0,0.0,0.0,0.0,0.0,0.0,0.0,-0.0015597268872874492,-0.017843741396087576,-0.0015597268872874492,-0.017839272832396724,-0.0015597268872875603,-0.02019432396778409
2024-11-03 00:00:00+00:00,-0.0017315756689201267,-0.001734035974365833,-0.0017368974745582966,-0.014007964067166756,-0.014057142246854948,-0.013276056784171542,-0.0017315756689199047,-0.001734035974365833,-0.0017368974745582966,-0.014007964067166756,-0.014057142246854948,-0.013276056784171764,-0.014007964067166978,-0.014057142246855059,-0.013276056784171875,-0.03505955368392044,-0.03537414631547986,-0.035453359116934036,-0.038045158827809455,-0.03838469827743263,-0.03849241738739806,-0.038045158827809455,-0.03838469827743263,-0.03849241738739828,0.0,0.0,0.0,0.0,0.0,0.0,0.0,0.0,0.0,-0.00894996376818924,-0.0344534342640469,-0.00894996376818935,-0.03440769522581666,-0.00894996376818924,-0.03448226787726949
2024-11-04 00:00:00+00:00,-0.002600639351552969,-0.0026043408827917114,-0.0026086460347539697,-0.013236156713025138,-0.013621092997455841,-0.01389215738340166,-0.00260063935155308,-0.0026043408827917114,-0.0026086460347540807,-0.013236156713025249,-0.01362109299745573,-0.013892157383401438,-0.013236156713024916,-0.013621092997455952,-0.013892157383401549,0.0032291197725489162,-0.002191738284140987,-0.00514979205411259,-0.013440213904263087,-0.016571026006070633,-0.004053492681476367,-0.013440213904262976,-0.016571026006070633,-0.004053492681476478,0.0,0.0,0.0,0.0,0.0,0.0,0.0,0.0,0.0,-0.013539782403316214,-0.023577685012349026,-0.013539782403316325,-0.02358537537559946,-0.013539782403316436,-0.023669687886283652
2024-11-05 00:00:00+00:00,0.004407568502141412,0.004413858244934676,0.004421173735243533,0.04527552022293024,0.04529317206122219,0.04594677909621403,0.004407568502141412,0.004413858244934898,0.004421173735243311,0.045275520222930465,0.04529317206122219,0.04594677909621403,0.04527552022293002,0.04529317206122241,0.04594677909621403,0.020050275317640365,0.018635417464872628,0.014583543987451986,0.055025325102818545,0.0554393039208374,0.053063772349153826,0.055025325102818545,0.0554393039208374,0.053063772349153604,0.0,0.0,0.0,0.0,0.0,0.0,0.0,0.0,0.0,0.02320171756862255,0.052809042839173426,0.023201717568622326,0.052778731107046006,0.02320171756862255,0.052936411530069005
2024-11-06 00:00:00+00:00,0.01747709586464441,0.017501926646103616,0.017530806504403085,0.11619415013915968,0.11623748851597626,0.11651759120791794,0.01747709586464441,0.017501926646103616,0.017530806504403307,0.11619415013915946,0.11623748851597626,0.11651759120791816,0.11619415013915968,0.11623748851597626,0.11651759120791838,0.051578445018849894,0.04864647723222415,0.04884833370942743,0.11092246171150721,0.11173653721910881,0.11206899137482651,0.11092246171150699,0.11173653721910859,0.11206899137482651,0.0,0.0,0.0,0.0,0.0,0.0,0.0,0.0,0.0,0.09031066695320145,0.14505681517655034,0.09031066695320167,0.14505424760276164,0.09031066695320167,0.1454653153340657
2024-11-07 00:00:00+00:00,0.0007496259975496855,0.0007506727175403682,0.0007518900585823385,0.018840021914059202,0.018846317166891335,0.018280827332357807,0.0007496259975496855,0.0007506727175403682,0.0007518900585821164,0.018840021914059202,0.018846317166891557,0.018280827332357585,0.018840021914059202,0.018846317166891557,0.018280827332357363,-0.003267574514816629,-0.0028928491475062046,-0.002957126494956941,0.0056034245002423155,0.00568681553060002,0.0057877087951476724,0.005603424500242538,0.00568681553060002,0.0057877087951476724,0.0,0.0,0.0,0.0,0.0,0.0,0.0,0.0,0.0,0.0036148376892271017,0.01612852060220238,0.0036148376892271017,0.016182250336723047,0.0036148376892271017,0.015836408077192665
2024-11-08 00:00:00+00:00,0.0017715943343381557,0.001774066196621904,0.0017769409793959579,0.015390432505683727,0.015395479977680093,0.014446049132987193,0.0017715943343381557,0.001774066196621904,0.0017769409793959579,0.015390432505683282,0.015395479977680093,0.014446049132987415,0.015390432505683505,0.015395479977680315,0.014446049132987415,0.012474103073519371,0.0115233878766976,0.011641941990601756,0.009355666510592497,0.00940067935903377,0.008454568786666838,0.009355666510592497,0.00940067935903377,0.008454568786666394,0.0,0.0,0.0,0.0,0.0,0.0,0.0,0.0,0.0,0.0085185721812433,0.012850598284505743,0.008518572181243522,0.01286779983052555,0.0085185721812433,0.01269273818369876
2024-11-09 00:00:00+00:00,0.0004083378405841387,0.00040890657542158593,0.00040956801210390026,0.06223921733142723,0.06225931992028211,0.06579789473730013,0.0004083378405841387,0.00040890657542158593,0.0004095680121036782,0.062239217331427454,0.06225931992028211,0.06579789473730036,0.06223921733142723,0.062259319920281886,0.06579789473730036,0.0209932998544069,0.019141371490468018,0.019409954427791476,0.062454902616987606,0.06266703327761691,0.06422358502725833,0.062454902616987606,0.06266703327761713,0.06422358502725856,0.0,0.0,0.0,0.0,0.0,0.0,0.0,0.0,0.0,0.001950324899600675,0.05583614578699758,0.001950324899600675,0.05585516467732221,0.001950324899600675,0.055523015519826746
2024-11-10 00:00:00+00:00,0.010148546212939813,0.010162675377646702,0.010179107527952702,0.09696455298668738,0.09699403589468658,0.09665413848810034,0.010148546212939813,0.010162675377646702,0.01017910752795248,0.09696455298668738,0.09699403589468636,0.09665413848810012,0.09696455298668738,0.0969940358946868,0.09665413848810012,0.07958523025542408,0.07356873023549504,0.07433937655746825,0.09621801156675214,0.09655275660550555,0.09357909914125462,0.09621801156675236,0.09655275660550577,0.09357909914125462,0.0,0.0,0.0,0.0,0.0,0.0,0.0,0.0,0.0,0.0483974281265227,0.06576878758938043,0.0483974281265227,0.0658604811682224,0.0483974281265227,0.06547222879976133
2024-11-11 00:00:00+00:00,0.0183675945088424,0.018061758589455357,0.02263930237149081,0.09712414761242716,0.0964875808764003,0.11354770437995443,0.0183675945088424,0.01806175858945558,0.02263930237149081,0.09712414761242694,0.09648758087640052,0.11354770437995443,0.09712414761242738,0.09648758087640052,0.1135477043799542,0.09665722229651252,0.09156377241358626,0.0955501700277841,0.09661144793088283,0.09360926049789287,0.11271921112625782,0.09661144793088328,0.09360926049789287,0.11271921112625782,0.0,0.0,0.0,0.0,0.0,0.0,0.0,0.0,0.0,0.10371654872401592,0.08850970049942042,0.10371654872401592,0.08847481598537987,0.10371654872401592,0.08883281588768699
2024-11-12 00:00:00+00:00,-0.0016159408476182913,-0.0016164262849721611,-0.001935648718967009,-0.0017327061795570087,-0.0017379071785014188,-0.00414955339887535,-0.0016159408476182913,-0.0016164262849722721,-0.001935648718966898,-0.0017327061795568977,-0.001737907178501641,-0.004149553398875017,-0.0017327061795570087,-0.0017379071785015299,-0.004149553398874906,-0.002962535975109537,-0.0029763128816301387,-0.011311208978217802,-0.0022830965398275005,-0.002386726851011489,-0.008248750346787626,-0.0022830965398275005,-0.0023867268510116,-0.008248750346787515,0.0,0.0,0.0,0.0,0.0,0.0,0.0,0.0,0.0,-0.0082831356687052,-0.019498352276665187,-0.0082831356687052,-0.019491232239303824,-0.00828313566870531,-0.019076909824050636
2024-11-13 00:00:00+00:00,0.005411454804894245,0.005413083067095981,0.004994533302894011,0.0207446317102411,0.02075793904116363,0.0191829920862161,0.005411454804894245,0.005413083067095981,0.004994533302894011,0.0207446317102411,0.020757939041163853,0.019182992086215656,0.0207446317102411,0.020757939041163853,0.0191829920862161,0.02157049308296899,0.021671103436552652,0.020255266967500685,0.020985189331725884,0.021123090123118304,0.019197418087846252,0.020985189331725662,0.021123090123118082,0.019197418087846252,0.0,0.0,0.0,0.0,0.0,0.0,0.0,0.0,0.0,0.027925007011381897,-0.01770730626246153,0.027925007011381897,-0.017658534379772828,0.027925007011381897,-0.017992782963178078
2024-11-14 00:00:00+00:00,-0.006904007330592377,-0.006906073505187016,-0.006374736691560856,-0.03487154488661437,-0.034895892637784365,-0.03147406930403329,-0.006904007330592488,-0.006906073505187127,-0.006374736691560856,-0.03487154488661448,-0.03489589263778459,-0.03147406930403307,-0.03487154488661448,-0.03489589263778459,-0.03147406930403329,-0.036638040946870065,-0.03680530543122429,-0.03442166276348446,-0.03584965798681683,-0.03605483897926476,-0.03301262303977648,-0.03584965798681683,-0.03605483897926465,-0.03301262303977648,0.0,0.0,0.0,0.0,0.0,0.0,0.0,0.0,0.0,-0.034846799483102986,-0.02918500519140821,-0.034846799483102986,-0.02919598542714119,-0.034846799483102875,-0.02956540894511206
2024-11-15 00:00:00+00:00,0.00819658429772252,0.008199054362582281,0.0075641916046669255,0.04013523489607218,0.04016330624539721,0.03820596658108988,0.00819658429772252,0.008199054362582281,0.0075641916046669255,0.04013523489607218,0.040163306245397434,0.0382059665810901,0.04013523489607218,0.04016330624539721,0.0382059665810901,0.04204877050753941,0.04224807207404879,0.04132905086043315,0.040940296597214765,0.04120816081900913,0.039411623262838535,0.04094029659721454,0.04120816081900891,0.03941162326283831,0.0,0.0,0.0,0.0,0.0,0.0,0.0,0.0,0.0,0.04256861658522304,0.08061513694788758,0.04256861658522304,0.08063832848348129,0.04256861658522304,0.08048897920498654
2024-11-16 00:00:00+00:00,-0.0009230365628060122,-0.0009233124604969278,-0.0008523559813714554,-0.0025186744596594757,-0.0025202786573659264,-0.0009733817585280136,-0.0009230365628060122,-0.0009233124604971499,-0.0008523559813713444,-0.0025186744596594757,-0.0025202786573655933,-0.0009733817585282356,-0.0025186744596595867,-0.0025202786573657043,-0.0009733817585281246,-0.0026500361438270836,-0.0026620875606433447,-0.0011967197184203915,-0.0024442353705141917,-0.002479924969876701,-0.0008867686467191049,-0.0024442353705141917,-0.002479924969876701,-0.0008867686467191049,0.0,0.0,0.0,0.0,0.0,0.0,0.0,0.0,0.0,-0.00463570835231375,0.06048188429440038,-0.00463570835231375,0.0603880889739179,-0.00463570835231375,0.060299069677449024
2024-11-17 00:00:00+00:00,-0.0016405317436597455,-0.001641022555436411,-0.0015148025360037787,0.014288017682462462,0.014299392943422529,0.012946218787163177,-0.0016405317436597455,-0.001641022555436411,-0.0015148025360040007,0.014288017682462462,0.014299392943422307,0.012946218787163177,0.01428801768246224,0.014299392943422307,0.012946218787163177,0.015002052904252494,0.015070458979583368,0.015425466209992633,0.01396844241647055,0.014157726045049168,0.014160628086146598,0.013968442416470772,0.01415772604504939,0.01416062808614682,0.0,0.0,0.0,0.0,0.0,0.0,0.0,0.0,0.0,-0.00826987085960329,-0.02292552964461647,-0.008269870859603179,-0.02290855743996867,-0.008269870859603179,-0.022577205124264643
2024-11-18 00:00:00+00:00,0.0013890539429808335,0.0013894702011028048,0.0012824363137691197,0.019416720149281863,0.01586529549879856,0.006239460494832816,0.0013890539429810556,0.0013894702011030269,0.0012824363137693418,0.019416720149281863,0.015865295498798337,0.006239460494832594,0.019416720149282085,0.01586529549879878,0.006239460494832594,0.01887599676446894,0.015633476053311224,0.007687910491929406,0.018663168712178546,0.015441245919959545,0.007336929879333098,0.018663168712178546,0.015441245919959767,0.00733692987933332,0.0,0.0,0.0,0.0,0.0,0.0,0.0,0.0,0.0,0.007048985784213313,0.0630174116594393,0.007048985784213313,0.06264974542415858,0.007048985784213535,0.06306681484015586
2024-11-19 00:00:00+00:00,0.0041936946930807295,0.004194949674796833,0.003872217534278244,0.0035311276141123393,0.003544968214437061,0.0007797889620706489,0.0041936946930807295,0.004194949674796611,0.003872217534278022,0.0035311276141123393,0.003544968214437061,0.0007797889620704268,0.0035311276141121173,0.003544968214437061,0.0007797889620706489,0.004853544031764967,0.004857773982347657,0.0018922515136241547,0.0046737743688425315,0.004704332404946943,0.0014601040607740146,0.0046737743688425315,0.004704332404946943,0.0014601040607737925,0.0,0.0,0.0,0.0,0.0,0.0,0.0,0.0,0.0,0.021161993497590847,-0.013435777053115605,0.021161993497590847,-0.013379863541690518,0.021161993497590847,-0.013422261338977615
2024-11-20 00:00:00+00:00,0.004267025903621713,0.0042682974957621855,0.00394118908593466,-0.006442999986233766,-0.006464096390004892,-0.006454392953928023,0.004267025903621713,0.004268297495762408,0.00394118908593466,-0.006442999986233877,-0.006464096390004892,-0.006454392953928023,-0.006442999986233655,-0.006464096390004892,-0.006454392953928134,-0.005623974517706132,-0.005641236940218786,-0.005977603659119146,-0.005791440193327335,-0.005789147624909119,-0.006395908738858758,-0.005791440193327335,-0.005789147624909008,-0.006395908738858425,0.0,0.0,0.0,0.0,0.0,0.0,0.0,0.0,0.0,0.021174243034821183,-0.031501148490715725,0.021174243034821183,-0.03145346432900642,0.021174243034821183,-0.0320210455982598
2024-11-21 00:00:00+00:00,0.008783083132792191,0.00878568940513813,0.008115026012656346,0.06609386319930377,0.06634319656853482,0.06417800891162062,0.008783083132792413,0.008785689405137909,0.008115026012656346,0.06609386319930377,0.0663431965685346,0.06417800891162062,0.06609386319930355,0.0663431965685346,0.06417800891162084,0.0658110166939554,0.06619074273713577,0.06694185634703942,0.0642234900898131,0.06475010348154808,0.06441345080606742,0.0642234900898131,0.06475010348154786,0.0644134508060672,0.0,0.0,0.0,0.0,0.0,0.0,0.0,0.0,0.0,0.042862644164327834,0.05428907641363878,0.042862644164327834,0.05433891313247763,0.042862644164327834,0.054402301815235754
2024-11-22 00:00:00+00:00,0.001258754642926796,0.0012591249098992119,0.0011637822017820376,0.04720396714947017,0.04735934042851109,0.04644239358501934,0.001258754642926796,0.0012591249098992119,0.0011637822017818156,0.04720396714947017,0.04735934042851109,0.04644239358501934,0.047203967149470394,0.047359340428510865,0.04644239358501934,0.047561283418660505,0.04769757441053257,0.0466545744206468,0.04755135530433674,0.047691928019540475,0.04660383318573591,0.04755135530433674,0.0476919280195407,0.04660383318573591,0.0,0.0,0.0,0.0,0.0,0.0,0.0,0.0,0.0,0.005942151639150461,0.06304867540593762,0.005942151639150461,0.06298070703993575,0.005942151639150461,0.06200191416168188
2024-11-23 00:00:00+00:00,-0.0026763535036583574,-0.002677139772161774,-0.002474658629334381,0.007206911599074717,0.0072267632477642785,0.007450540089073199,-0.0026763535036585795,-0.002677139772161996,-0.002474658629334381,0.007206911599074717,0.0072267632477645005,0.007450540089072977,0.007206911599074495,0.0072267632477645005,0.007450540089072977,0.006254780952713812,0.006268713758077915,0.006545550440657744,0.006525991275363685,0.006505614029980622,0.007016895975453519,0.006525991275363685,0.006505614029980622,0.007016895975453741,0.0,0.0,0.0,0.0,0.0,0.0,0.0,0.0,0.0,-0.012575331462474248,0.03526066281612117,-0.012575331462474248,0.03520849634018153,-0.012575331462474248,0.03543266406728729
2024-11-24 00:00:00+00:00,0.0005374786087934957,0.0005376369350025278,0.0004968727563330333,-0.007865791763530527,-0.007890954184435972,-0.007588628739629066,0.0005374786087937178,0.0005376369350027499,0.0004968727563328112,-0.007865791763530527,-0.007890954184435972,-0.007588628739628955,-0.007865791763530527,-0.007890954184436305,-0.007588628739628955,-0.007639140855819404,-0.007670415146510123,-0.007614446501997607,-0.007592160479170662,-0.0076267385712572855,-0.007577030219218517,-0.007592160479170662,-0.0076267385712573965,-0.007577030219218517,0.0,0.0,0.0,0.0,0.0,0.0,0.0,0.0,0.0,0.002550758206510295,0.0122151471900529,0.002550758206510295,0.012266914235599335,0.002550758206510295,0.012817915156482007
2024-11-25 00:00:00+00:00,-0.00948039145377777,-0.00973053661136114,-0.010012108321018509,-0.0379612978376872,-0.0362223246817267,-0.035785020643773424,-0.009480391453777659,-0.00973053661136114,-0.010012108321018509,-0.03796129783768687,-0.0362223246817267,-0.03578502064377331,-0.0379612978376872,-0.03622232468172648,-0.035785020643773646,-0.03837836546853968,-0.03885744626874177,-0.03969492779019934,-0.036940303723572265,-0.037583816494124234,-0.03735086875495053,-0.03694030372357249,-0.037583816494124345,-0.03735086875495097,0.0,0.0,0.0,0.0,0.0,0.0,0.0,0.0,0.0,-0.051293107757381495,-0.04908483281780518,-0.05129310775738172,-0.04907550147543571,-0.051293107757381606,-0.049123759703673
2024-11-26 00:00:00+00:00,-0.0019843552703108225,-0.0019848565295298437,-0.0021530801885870643,-0.013951212153646253,-0.01355298726503451,-0.015232213828176855,-0.0019843552703110445,-0.0019848565295298437,-0.0021530801885868422,-0.013951212153646475,-0.0135529872650344,-0.015232213828177077,-0.013951212153646475,-0.01355298726503451,-0.015232213828176744,-0.013277926135534468,-0.01335358154713806,-0.013989482211256954,-0.012969849513662424,-0.013071315713984233,-0.013476573471965625,-0.012969849513662313,-0.013071315713984122,-0.013476573471965625,0.0,0.0,0.0,0.0,0.0,0.0,0.0,0.0,0.0,-0.011510428869846212,0.010441343220499277,-0.011510428869846212,0.010454140674847512,-0.011510428869846212,0.010437696584361555
2024-11-27 00:00:00+00:00,0.007469849480346014,0.007471740158750739,0.00810636313863311,0.0498347328407156,0.04828790360553237,0.05106347482000184,0.007469849480346014,0.007471740158750739,0.008106363138632888,0.04983473284071582,0.04828790360553237,0.051063474820002064,0.049834732840716045,0.048287903605532145,0.051063474820002064,0.047219981825358914,0.04748935532844789,0.04868825435727264,0.0461149740066944,0.04647491058673525,0.04682069705365044,0.0461149740066944,0.04647491058673503,0.04682069705365066,0.0,0.0,0.0,0.0,0.0,0.0,0.0,0.0,0.0,0.04374709152248557,0.0510597184129673,0.04374709152248579,0.05100401054953552,0.04374709152248579,0.050911208983233536
2024-11-28 00:00:00+00:00,-0.0005266534736414474,-0.0005267857852329083,-0.0005711693034555765,0.0016346205849617768,0.0017143497104781247,0.0009355466825704539,-0.0005266534736414474,-0.0005267857852327973,-0.0005711693034554655,0.0016346205849617768,0.0017143497104779026,0.0009355466825702319,0.0016346205849617768,0.0017143497104781247,0.0009355466825702319,0.0020722350561053204,0.002022237644337732,0.001470930392057257,0.0023013043537287725,0.002232095582964666,0.0018224577884125015,0.0023013043537287725,0.002232095582964888,0.0018224577884122795,0.0,0.0,0.0,0.0,0.0,0.0,0.0,0.0,0.0,-0.002977138688952219,0.0033727535767926753,-0.00297713868895233,0.0033594066613023,-0.002977138688952219,0.0033897331764056737
2024-11-29 00:00:00+00:00,0.003366466614629804,0.003367312820614199,0.0036511826705345474,0.05109771303785848,0.05043898398167568,0.05130487626142499,0.003366466614630026,0.003367312820614199,0.0036511826705347694,0.05109771303785826,0.05043898398167568,0.05130487626142499,0.05109771303785848,0.05043898398167568,0.051304876261425214,0.05114419608330589,0.05124812400580536,0.05098353829102642,0.05062847221686684,0.050788447613654863,0.05020320955217916,0.05062847221686706,0.05078844761365464,0.05020320955217916,0.0,0.0,0.0,0.0,0.0,0.0,0.0,0.0,0.0,0.01907719530744245,0.05280163074608746,0.01907719530744245,0.052691279843449346,0.01907719530744245,0.05259322460537752
2024-11-30 00:00:00+00:00,-0.001884637816477297,-0.0018851099553220951,-0.0020434496089413168,0.016493436089852542,0.016845194859251622,0.015268113800348315,-0.001884637816477297,-0.001885109955321873,-0.002043449608941428,0.016493436089852986,0.016845194859251622,0.015268113800348315,0.016493436089852542,0.016845194859251844,0.015268113800348315,0.015545654009237797,0.015540319729751229,0.01508483710591979,0.01591008765064461,0.01585622115403562,0.01569040990473325,0.01591008765064461,0.01585622115403562,0.01569040990473347,0.0,0.0,0.0,0.0,0.0,0.0,0.0,0.0,0.0,-0.010515274504526384,0.018499722143151764,-0.010515274504526384,0.01855319322610316,-0.010515274504526384,0.01849716152506553
2024-12-01 00:00:00+00:00,0.0014693871532969194,0.0014697559589214038,0.001593460772776334,0.04928653148797957,0.04900961124370262,0.04848914398998394,0.0014693871532969194,0.0014697559589214038,0.0015934607727761119,0.04928653148797957,0.049009611243703066,0.04848914398998394,0.04928653148797979,0.049009611243702844,0.04848914398998394,0.04927660603960904,0.049317946587358774,0.0485454018123761,0.04918690425049865,0.049238638721644135,0.04844312578087573,0.04918690425049821,0.04923863872164391,0.04844312578087573,0.0,0.0,0.0,0.0,0.0,0.0,0.0,0.0,0.0,0.008269906459744902,0.01626445508779817,0.00826990645974468,0.008327763885312311,0.00826990645974468,0.04628131534521018
2024-12-02 00:00:00+00:00,-0.002575397624194009,-0.002576043081840007,-0.0027925157209883755,0.012801908153741826,0.010652586961024335,0.02832861849625168,-0.002575397624194009,-0.002576043081839785,-0.0027925157209883755,0.012801908153741604,0.010652586961024335,0.02832861849625168,0.012801908153741604,0.010652586961024335,0.02832861849625168,0.013428407396589126,0.012453858607790469,0.029028556947970907,0.012620195722897964,0.011330049562489064,0.02998776798021341,0.012620195722897964,0.011330049562489508,0.029987767980213187,0.0,0.0,0.0,0.0,0.0,0.0,0.0,0.0,0.0,-0.014396917723644376,0.04789608743543439,-0.014396917723644265,0.048086271039499806,-0.014396917723644376,0.03760608282051092
2024-12-03 00:00:00+00:00,0.00011364187609652632,0.0001136704310895631,0.00012324924790041436,-0.018535147892392523,-0.018585155257059394,-0.017842374408242767,0.00011364187609630427,0.00011367043108934105,0.00012324924790041436,-0.0185351478923923,-0.018585155257059616,-0.017842374408242767,-0.018535147892392523,-0.018585155257059283,-0.017842374408242767,-0.018359711150734204,-0.01840507674446301,-0.016880052563571057,-0.018365358711153967,-0.018414709975037913,-0.017390975224517602,-0.018365358711153523,-0.018414709975038246,-0.017390975224517602,0.0,0.0,0.0,0.0,0.0,0.0,0.0,0.0,0.0,0.0006428973714438513,0.034400316188719415,0.0006428973714438513,0.03427987035931257,0.0006428973714438513,0.03560421099712574
2024-12-04 00:00:00+00:00,0.005202484467374591,0.005203791556171566,0.005642252313440288,0.010053020707359472,0.010727616142078622,0.012073894364200921,0.005202484467374369,0.005203791556171566,0.005642252313440288,0.01005302070735925,0.0107276161420784,0.012073894364201143,0.010053020707359472,0.0107276161420784,0.012073894364200921,0.008278000977976152,0.008417160237514043,0.010340020181313081,0.009142511584337543,0.009233766486860695,0.011324450709075728,0.009142511584337543,0.009233766486860917,0.011324450709075728,0.0,0.0,0.0,0.0,0.0,0.0,0.0,0.0,0.0,0.029416045032072846,0.022601176237852627,0.029416045032073068,0.022515729920845606,0.029416045032072846,0.02319706056119375
2024-12-05 00:00:00+00:00,-0.003121802542112584,-0.0031225828133747413,-0.0033842090478164444,-0.011494965103557298,-0.011879946321807444,-0.010800213931575264,-0.003121802542112473,-0.0031225828133746303,-0.0033842090478165554,-0.01149496510355752,-0.011879946321807444,-0.010800213931575264,-0.011494965103557186,-0.011879946321807444,-0.010800213931575597,-0.010997625518729626,-0.011049817255262773,-0.009459605355072176,-0.01149987864472446,-0.011532468223294456,-0.010037841845750628,-0.011499878644724348,-0.011532468223294678,-0.010037841845750406,0.0,0.0,0.0,0.0,0.0,0.0,0.0,0.0,0.0,-0.017236200588498396,0.00725830886258505,-0.017236200588498396,0.007377978415993969,-0.017236200588498396,0.007872680538486554
2024-12-06 00:00:00+00:00,0.005238500586910444,0.005239814012341748,0.005680323669039922,0.033229398817675726,0.03392932535485649,0.03060099103375591,0.005238500586910222,0.005239814012341748,0.005680323669039922,0.033229398817675726,0.03392932535485649,0.03060099103375613,0.033229398817675726,0.03392932535485649,0.03060099103375613,0.03152547551745832,0.031661458712332946,0.029708032518910743,0.03239943679037971,0.03249643538271263,0.030697061712928075,0.03239943679037949,0.03249643538271263,0.030697061712928075,0.0,0.0,0.0,0.0,0.0,0.0,0.0,0.0,0.0,0.029338374883287832,0.0548702092820994,0.029338374883287832,0.05491387358225941,0.029338374883287832,0.054000019745744865
2024-12-07 00:00:00+00:00,6.94980642510501e-05,6.951539835720055e-05,7.532652879804758e-05,0.021310553470874627,0.021362952411231984,0.019182690617285614,6.94980642510501e-05,6.951539835720055e-05,7.532652879804758e-05,0.021310553470874627,0.021362952411232206,0.01918269061728539,0.021310553470874627,0.021362952411232206,0.019182690617285614,0.021396229794051314,0.021432321512308672,0.01943915852009015,0.021404995818291805,0.02144885444681277,0.019437015031500193,0.021404995818292027,0.02144885444681277,0.019437015031500193,0.0,0.0,0.0,0.0,0.0,0.0,0.0,0.0,0.0,0.00038011299276652366,-0.009026187933924845,0.00038011299276652366,-0.009037374312818813,0.00038011299276652366,-0.009162043042747925
2024-12-08 00:00:00+00:00,0.0022798429694861344,0.0022804115650785217,0.00247102790681053,0.0057818777978568825,0.006051997890708538,0.006029664852376104,0.0022798429694861344,0.0022804115650785217,0.002471027906810752,0.0057818777978566605,0.006051997890708316,0.006029664852376104,0.0057818777978568825,0.006051997890708316,0.006029664852376104,0.005658025496779517,0.005693023814381526,0.005779953242596392,0.006009774865868511,0.006032608094452829,0.006185456327402861,0.006009774865868733,0.006032608094452829,0.006185456327403083,0.0,0.0,0.0,0.0,0.0,0.0,0.0,0.0,0.0,0.012465510622908349,0.002174445362931321,0.012465510622908349,0.002218657936303048,0.012465510622908349,0.0022442038041505796
2024-12-09 00:00:00+00:00,-0.0070306255315508714,-0.0070323749885746745,-0.007618752203099377,-0.08205588531530394,-0.08298448938139735,-0.07553840390115996,-0.00703062553155076,-0.0070323749885745634,-0.007618752203099266,-0.08205588531530383,-0.08298448938139735,-0.07553840390115996,-0.08205588531530383,-0.08298448938139735,-0.07553840390116007,-0.09800928101124251,-0.10105242408099324,-0.07737239690842956,-0.08110803374996034,-0.0813144638793849,-0.07854033263434113,-0.08110803374996034,-0.08131446387938512,-0.07854033263434113,0.0,0.0,0.0,0.0,0.0,0.0,0.0,0.0,0.0,-0.03805466153245973,-0.14779253616231092,-0.038054661532459844,-0.1476978957453411,-0.038054661532459844,-0.1476150457518276
2024-12-10 00:00:00+00:00,-0.0012211748747230633,-0.001221480896323901,-0.0013241129916254923,-0.0024818992204932444,-0.0026643759365877484,-0.0039854714446589945,-0.0012211748747231743,-0.001221480896324123,-0.0013241129916256034,-0.0024818992204932444,-0.0026643759365879705,-0.0039854714446588835,-0.0024818992204933554,-0.0026643759365879705,-0.0039854714446588835,0.010880110239745111,0.010858730174636344,-0.0031387614848070733,-0.002067488487910607,-0.0021122031484088755,-0.004396514264071172,-0.002067488487910607,-0.0021122031484086534,-0.004396514264071283,0.0,0.0,0.0,0.0,0.0,0.0,0.0,0.0,0.0,-0.006823028989216717,-0.009268236013416531,-0.006823028989216717,-0.009254363839202084,-0.006823028989216606,-0.009722753588921162
2024-12-11 00:00:00+00:00,0.008361664284247894,0.008363762246916595,0.009067439692483248,0.0382793480176562,0.039394468188041376,0.03610966820518424,0.008361664284247894,0.008363762246916595,0.009067439692483248,0.0382793480176562,0.0393944681880416,0.03610966820518424,0.03827934801765642,0.0393944681880416,0.03610966820518402,0.02529027558629493,0.025538118996907055,0.02580253833445223,0.03785048657438139,0.037972015404868165,0.0388770113836685,0.03785048657438139,0.03797201540486839,0.0388770113836685,0.0,0.0,0.0,0.0,0.0,0.0,0.0,0.0,0.0,0.0469823535424303,0.0761050077489327,0.0469823535424303,0.07613951372511885,0.04698235354243008,0.07667153269689497
2024-12-12 00:00:00+00:00,-0.0021393685965769293,-0.0021399009173517225,-0.0023183216936125683,-0.007602727951764643,-0.007857228182417297,-0.0069734194363556545,-0.0021393685965769293,-0.0021399009173517225,-0.0023183216936126794,-0.007602727951764643,-0.007857228182417297,-0.0069734194363557656,-0.007602727951764865,-0.007857228182417186,-0.0069734194363556545,-0.011601428964239546,-0.01165277463430947,-0.006888396561224641,-0.008178343575520497,-0.00818753722857457,-0.007549955457684665,-0.008178343575520608,-0.00818753722857446,-0.007549955457684665,0.0,0.0,0.0,0.0,0.0,0.0,0.0,0.0,0.0,-0.011577228972795006,0.01717183332658001,-0.011577228972795006,0.017211062203353666,-0.011577228972795006,0.018060784337142755
2024-12-13 00:00:00+00:00,0.0025586782859912116,0.002559316305304815,0.002773202978942013,0.009517724141980821,0.009830053463485866,0.008727236531915317,0.0025586782859912116,0.002559316305304815,0.0027732029789422352,0.009517724141980821,0.009830053463485866,0.008727236531915317,0.009517724141980821,0.009830053463485644,0.008727236531915317,0.01607891872695566,0.01616656584283649,0.01006171434396741,0.009652293158662228,0.009673230114709552,0.008671155100833605,0.009652293158662228,0.00967323011470933,0.008671155100833383,0.0,0.0,0.0,0.0,0.0,0.0,0.0,0.0,0.0,0.013978540738637024,0.013464176557104635,0.013978540738637024,0.01354888544791355,0.013978540738637024,0.0127345070947118
2024-12-14 00:00:00+00:00,-5.24929063413504e-05,-5.250596229755544e-05,-5.6881844933021064e-05,-0.011454724567643182,-0.01148881799846313,-0.010629084425150759,-5.24929063413504e-05,-5.250596229755544e-05,-5.6881844933132086e-05,-0.011454724567643293,-0.01148881799846313,-0.010629084425150648,-0.01145472456764296,-0.01148881799846313,-0.010629084425150648,-0.012890862905854727,-0.012961262801779116,-0.007386303948279438,-0.011221716919880498,-0.011256218622303527,-0.011297463674386554,-0.011221716919880498,-0.011256218622303527,-0.011297463674386443,0.0,0.0,0.0,0.0,0.0,0.0,0.0,0.0,0.0,-0.00028354879656877774,-0.040284055170123456,-0.0002835487965689998,-0.040284358738635895,-0.00028354879656877774,-0.04012591074156546
2024-12-15 00:00:00+00:00,0.0055630981831413795,0.005564481901151552,0.00602825599052581,0.019353640186838827,0.020035204462690137,0.01819793715783402,0.0055630981831413795,0.005564481901151552,0.00602825599052581,0.019353640186838827,0.02003520446269036,0.018197937157834465,0.019353640186838827,0.02003520446269036,0.018197937157834465,0.017819380088948567,0.01796073670132614,0.014857478750327946,0.019413050668838805,0.01946652735001453,0.019385078789654342,0.019413050668839027,0.01946652735001453,0.01938507878965412,0.0,0.0,0.0,0.0,0.0,0.0,0.0,0.0,0.0,0.03005690631724911,0.0329587742932147,0.030056906317248888,0.03291396893340748,0.03005690631724911,0.03308265127024823
2024-12-16 00:00:00+00:00,0.0029988061644232733,0.0029995479345492626,0.0032480484964059197,-0.0006155876169028351,-0.0002759756454843165,-0.0002672602237251409,0.0029988061644232733,0.0029995479345494847,0.0032480484964059197,-0.0006155876169029462,-0.0002759756454843165,-0.00026726022372525193,-0.0006155876169031682,-0.0002759756454842055,-0.00026726022372525193,-0.01265573648763929,-0.018109239969643642,0.004653459479934785,-0.002106876117330847,-0.004890321225099026,-0.0011921515782946646,-0.002106876117330847,-0.004890321225098804,-0.0011921515782947756,0.0,0.0,0.0,0.0,0.0,0.0,0.0,0.0,0.0,0.01581699789444979,-0.028705883058090742,0.01581699789444979,-0.028628664748681643,0.015816997894450013,-0.028736762535019444
2024-12-17 00:00:00+00:00,6.728746655704221e-05,6.730406068311545e-05,-0.00016027681588270948,0.004320039404705156,0.004306790048643316,0.003722363801185846,6.728746655682016e-05,6.730406068289341e-05,-0.00016027681588270948,0.004320039404705156,0.004306790048643316,0.003722363801185402,0.004320039404705378,0.004306790048643316,0.003722363801185846,0.004714165280624849,0.004723168452433368,-0.0005880911181251891,0.003902494036774007,0.003884109846361561,3.392764713106011e-05,0.003902494036773785,0.003884109846361561,3.392764713128216e-05,0.0,0.0,0.0,0.0,0.0,0.0,0.0,0.0,0.0,0.0003504247557089002,-0.025479542896151286,0.0003504247557089002,-0.025469953600924744,0.0003504247557089002,-0.026227220398465256
2024-12-18 00:00:00+00:00,-0.010833059923746613,-0.010835731343439403,-0.010157399551676383,-0.06815749055909603,-0.06946183955263474,-0.06622613023491597,-0.010833059923746391,-0.010835731343439514,-0.010157399551676272,-0.06815749055909615,-0.06946183955263496,-0.06622613023491575,-0.06815749055909603,-0.06946183955263485,-0.06622613023491586,-0.06007379389419265,-0.060714868913149034,-0.05719646163700043,-0.0689686339111627,-0.06932842155993069,-0.06736779381698366,-0.0689686339111627,-0.06932842155993069,-0.06736779381698355,0.0,0.0,0.0,0.0,0.0,0.0,0.0,0.0,0.0,-0.056401260295774525,-0.09458377795555262,-0.056401260295774414,-0.09453480113491641,-0.056401260295774525,-0.09475482058707285
2024-12-19 00:00:00+00:00,-0.005083226999197166,-0.005084494248502547,-0.0047629316254576,-0.04929821220205466,-0.05006206685017289,-0.04918701451102214,-0.005083226999197277,-0.005084494248502547,-0.0047629316254578224,-0.04929821220205466,-0.05006206685017267,-0.04918701451102214,-0.04929821220205466,-0.05006206685017267,-0.04918701451102225,-0.03345479380132754,-0.03384128794871932,-0.032785559446885215,-0.050175403164409604,-0.05048471182482839,-0.05033882468623663,-0.050175403164409604,-0.0504847118248285,-0.05033882468623685,0.0,0.0,0.0,0.0,0.0,0.0,0.0,0.0,0.0,-0.02774338239970886,-0.08171529183470372,-0.02774338239970886,-0.08163555587390459,-0.02774338239970875,-0.0823103409163346
2024-12-20 00:00:00+00:00,0.0007222701172857615,0.0007224510995449407,0.0006765419005616558,0.009426434916429693,0.009551434326791952,0.00886274945247556,0.0007222701172857615,0.0007224510995451627,0.0006765419005618778,0.009426434916429471,0.00955143432679173,0.008862749452475338,0.009426434916429693,0.00955143432679173,0.008862749452475338,0.0302747754730206,-0.014066355698946542,0.030224848761552403,0.011168160771423796,-0.01377932230219081,0.01084888182140542,0.011168160771424018,-0.013779322302190922,0.01084888182140542,0.0,0.0,0.0,0.0,0.0,0.0,0.0,0.0,0.0,0.004033902486140439,0.03782084090356164,0.004033902486140439,0.0378032514942106,0.004033902486140661,0.03799695275476522
2024-12-21 00:00:00+00:00,-0.0009829116795839754,-0.0009831577940893066,-0.0009207238506875326,-0.02128186227224338,-0.021465887772382453,-0.021666974958833962,-0.0009829116795840864,-0.0009831577940894176,-0.0009207238506876436,-0.021281862272243157,-0.021465887772382453,-0.02166697495883374,-0.021281862272243157,-0.02146588777238234,-0.02166697495883363,-0.030262185138732023,0.0,-0.030302986400509657,-0.01844187638939976,0.0,-0.018394494195464017,-0.01844187638939987,0.0,-0.018394494195463906,0.0,0.0,0.0,0.0,0.0,0.0,0.0,0.0,0.0,-0.005471487751240067,-0.049698582885143394,-0.005471487751240178,-0.049722156054597066,-0.005471487751240178,-0.05000374237490324
2024-12-22 00:00:00+00:00,-0.003940389128906818,-0.0039413767469536065,-0.003690854937755561,-0.006700986157912037,-0.013872109628733198,-0.013950152632527524,-0.003940389128906818,-0.0039413767469536065,-0.003690854937755339,-0.006700986157912148,-0.013872109628733309,-0.013950152632527524,-0.006700986157912148,-0.01387210962873342,-0.013950152632527635,-0.0068268877298525155,0.0,-0.002391377870101352,-0.006860819966037934,0.0,-0.013339465287243613,-0.006860819966037934,0.0,-0.013339465287243613,0.0,0.0,0.0,0.0,0.0,0.0,0.0,0.0,0.0,-0.02203361346612076,-0.0011642346514578739,-0.02203361346612076,-0.0011858839269245358,-0.02203361346612076,-0.001148747122162841
2024-12-23 00:00:00+00:00,-0.0005967952076746386,-0.000596945380147651,-0.0005588617737367629,0.0,0.0,-0.006619810304123397,-0.0005967952076746386,-0.00059694538014754,-0.000558861773736985,0.0,0.0,-0.006619810304123619,0.0,0.0,-0.006619810304123619,0.0,0.0,0.044814056008723124,0.0,0.0,-0.006741581801734342,0.0,0.0,-0.006741581801734564,0.0,0.0,0.0,0.0,0.0,0.0,0.0,0.0,0.0,-0.0033988605261980886,0.07232486088038881,-0.0033988605261980886,0.07232827741342773,-0.0033988605261980886,0.07279640836127399
2024-12-24 00:00:00+00:00,0.007076446754054944,0.00707822847455164,0.006626402880795412,0.0,0.0,0.0,0.007076446754054944,0.007078228474551418,0.006626402880795412,0.0,0.0,0.0,0.0,0.0,0.0,0.0,0.0,-0.014899799327590557,0.0,0.0,0.0,0.0,0.0,0.0,0.0,0.0,0.0,0.0,0.0,0.0,0.0,0.0,0.0,0.040415003245939385,0.0370586189722919,0.04041500324593916,0.03702105317286075,0.040415003245939385,0.03631491396580544
2024-12-25 00:00:00+00:00,0.001379343186251214,0.0013796880388150523,0.0012921979549298523,0.0,0.0,0.0,0.001379343186250992,0.0013796880388150523,0.0012921979549298523,0.0,0.0,0.0,0.0,0.0,0.0,0.0,0.0,-0.006785204031217518,0.0,0.0,0.0,0.0,0.0,0.0,0.0,0.0,0.0,0.0,0.0,0.0,0.0,0.0,0.0,0.0076252755352304025,-0.02042285746953254,0.0076252755352304025,-0.020446179442752843,0.0076252755352304025,-0.02034963776815213
2024-12-26 00:00:00+00:00,-0.006736501848083276,-0.006738183734955938,-0.006311447078044652,0.0,0.0,0.0,-0.006736501848083054,-0.006738183734956049,-0.006311447078044652,0.0,0.0,0.0,0.0,0.0,0.0,0.0,0.0,-0.02815831645258926,0.0,0.0,0.0,0.0,0.0,0.0,0.0,0.0,0.0,0.0,0.0,0.0,0.0,0.0,0.0,-0.03700984073082558,-0.06882224742483367,-0.03700984073082558,-0.06882006066129576,-0.03700984073082558,-0.06862597979973795
2024-12-27 00:00:00+00:00,-0.00276246613757547,-0.002763160514964391,-0.0025870550112234714,0.0,0.0,0.0,-0.002762466137575692,-0.002763160514964391,-0.0025870550112235824,0.0,0.0,0.0,0.0,0.0,0.0,0.0,0.0,-0.011955853924951132,0.0,0.0,0.0,0.0,0.0,0.0,0.0,0.0,0.0,0.0,0.0,0.0,0.0,0.0,0.0,-0.015653893419940057,-0.007600102406566611,-0.015653893419939946,-0.007641076204827013,-0.015653893419939946,-0.007542384222492982
2024-12-28 00:00:00+00:00,0.0017737378001352333,0.0017741848847396824,0.0016608168314460325,0.0,0.0,0.0,0.0017737378001352333,0.0017741848847399044,0.0016608168314460325,0.0,0.0,0.0,0.0,0.0,0.0,0.0,0.0,0.020758269586798495,0.0,0.0,0.0,0.0,0.0,0.0,0.0,0.0,0.0,0.0,0.0,0.0,0.0,0.0,0.0,0.01018276260569917,0.03449361645876747,0.010182762605698947,0.034482209199873104,0.010182762605698947,0.03466059806480137
2024-12-29 00:00:00+00:00,-0.0028942238037473755,-0.0028949520236910553,-0.0027102751560312832,0.0,0.0,0.0,-0.0028942238037473755,-0.0028949520236911663,-0.0027102751560312832,0.0,0.0,0.0,0.0,0.0,0.0,0.0,0.0,-0.01586231323288978,0.0,0.0,0.0,0.0,0.0,0.0,0.0,0.0,0.0,0.0,0.0,0.0,0.0,0.0,0.0,-0.016476994521859578,-0.044342499112576816,-0.016476994521859467,-0.0443321371137938,-0.016476994521859467,-0.04444131991864353
2024-12-30 00:00:00+00:00,-0.0013860771100558944,-0.002772853751054849,-0.0016343259130942034,0.0,0.0,0.0,-0.0017455709514235807,-0.001746011432290584,-0.0016343259130940924,0.0,0.0,0.0,0.0,0.0,0.0,0.0,0.0,-0.00142481754870738,0.0,0.0,0.0,0.0,0.0,0.0,0.0,0.0,0.0,0.0,0.0,0.0,0.0,0.0,0.0,-0.010074885091224228,-0.007024977155347556,-0.010074885091224228,-0.0070244491404021225,-0.010074885091224228,-0.007006689967282709
2024-12-31 00:00:00+00:00,0.0,0.0,-0.0012867881964160333,0.0,0.0,0.0,0.0013606813575886,0.0013610253151992158,0.001273823335010027,0.0,0.0,0.0,0.0,0.0,0.0,0.0,0.0,-0.002740938421013639,0.0,0.0,0.0,0.0,0.0,0.0,0.0,0.0,0.0,0.0,0.0,0.0,0.0,0.0,0.0,0.007919503100332514,-0.013209159845474328,0.007919503100332514,-0.013228781815243229,0.007919503100332514,-0.013566735502051341
2025-01-01 00:00:00+00:00,0.0,0.0,0.0,0.0,0.0,0.0,0.0019069151447317356,0.0019073965259841508,0.0017853435793462324,0.0,0.0,0.0,0.0,0.0,0.0,0.0,0.0,0.0,0.0,0.0,0.0,0.0,0.0,0.0,0.0,0.0,0.0,0.0,0.0,0.0,0.0,0.0,0.0,0.011026496713271161,0.04613815309930702,0.011026496713271161,0.042690762381905945,0.011026496713271383,0.05033651530479211
2025-01-02 00:00:00+00:00,0.0,0.0,0.0,0.0,0.0,0.0,0.004658692939693454,0.0046598667402428795,0.004362216590683365,0.0,0.0,0.0,0.0,0.0,0.0,0.0,0.0,0.0,0.0,0.0,0.0,0.0,0.0,0.0,0.0,0.0,0.0,0.0,0.0,0.0,0.0,0.0,0.0,0.02669531854001317,0.03507632677950534,0.02669531854001317,0.03519422944330586,0.02669531854001317,0.032136529710071526
2025-01-03 00:00:00+00:00,0.0,0.0,0.0,0.0,0.0,0.0,0.002269811095710006,0.0022703803428834046,0.002125989098444636,0.0,0.0,0.0,0.0,0.0,0.0,0.0,0.0,0.0,0.0,0.0,0.0,0.0,0.0,0.0,0.0,0.0,0.0,0.0,0.0,0.0,0.0,0.0,0.0,0.012727341587000618,0.07226568977635761,0.012727341587000396,0.07243419728112355,0.012727341587000396,0.07251727745368441
2025-01-04 00:00:00+00:00,0.0,0.0,0.0,0.0,0.0,0.0,0.00013466979427612102,0.00013470349168209772,0.0001261548174120719,0.0,0.0,0.0,0.0,0.0,0.0,0.0,0.0,0.0,0.0,0.0,0.0,0.0,0.0,0.0,0.0,0.0,0.0,0.0,0.0,0.0,0.0,0.0,0.0,0.0007473263518338324,0.003306246907654131,0.0007473263518338324,0.003311180123604096,0.0007473263518338324,0.003181976934475639
2025-01-05 00:00:00+00:00,0.0,0.0,0.0,0.0,0.0,0.0,0.00024874020998622015,0.0002488024419882162,0.0002330147091029744,0.0,0.0,0.0,0.0,0.0,0.0,0.0,0.0,0.0,0.0,0.0,0.0,0.0,0.0,0.0,0.0,0.0,0.0,0.0,0.0,0.0,0.0,0.0,0.0,0.001379495030284561,0.00032873010856548923,0.001379495030284561,0.00030761930086820044,0.001379495030284561,-4.995562328169445e-05
2025-01-06 00:00:00+00:00,0.005756072300659998,0.004316072300660112,0.0,0.011178391908199137,0.003978391908199486,0.0,0.007221143620069093,0.007222949819568836,0.006764725068743704,0.011178391908198915,0.003978391908199264,0.0,0.011178391908199359,0.003978391908199264,0.0,-0.016401862442340875,-0.020721862442340977,0.0,-0.016401862442340986,-0.020721862442340644,0.0,-0.016401862442340986,-0.020721862442340866,0.0,-0.016961051281153217,-0.024161051281153423,0.0,0.0,0.0,0.0,-0.016961051281153328,-0.02416105128115309,0.0,0.0400027128893663,0.010444393615393954,0.0400027128893663,0.01046271756681083,0.0400027128893663,0.01059306153927797
2025-01-07 00:00:00+00:00,-0.009712880535459933,-0.00972680697590722,-0.010833263023320217,-0.06806193812324401,-0.06855004220838867,-0.07472335904574834,-0.009726803759966818,-0.009729219244585141,-0.009116143765954599,-0.0680619381232439,-0.06855004220838856,-0.07472335904574823,-0.0680619381232439,-0.06855004220838856,-0.07472335904574845,-0.0484005782381185,-0.04861409316301024,-0.05302487749594731,-0.048400578238118386,-0.04861409316301013,-0.05302487749594742,-0.048400578238118386,-0.04861409316301002,-0.05302487749594731,-0.0940177701302779,-0.09471145831092154,-0.10041492640352345,0.0,0.0,0.0,-0.0940177701302779,-0.09471145831092154,-0.10041492640352323,-0.052184794574000826,-0.09505229090366107,-0.052184794574000715,-0.09524747147130286,-0.052184794574000826,-0.0954378744237715
2025-01-08 00:00:00+00:00,-0.003501301330684825,-0.003506370847236484,-0.0033899207982993618,-0.005547067643386638,-0.005589775921793438,-0.0053975359324967,-0.0035063696765501584,-0.003507248978141919,-0.0032842104963431984,-0.005547067643386527,-0.005589775921793327,-0.0053975359324967,-0.005547067643386749,-0.005589775921793438,-0.005397535932496811,-0.021202053046733615,-0.021300363317177773,-0.021521073442857364,-0.021202053046733504,-0.021300363317178106,-0.021521073442857364,-0.021202053046733504,-0.021300363317177773,-0.021521073442857364,-0.02786366107913374,-0.02809075499742053,-0.027798487333867916,0.0,0.0,0.0,-0.02786366107913374,-0.02809075499742042,-0.027798487333867694,-0.019654539756666756,-0.03366940046030997,-0.019654539756666756,-0.03375307270363159,-0.019654539756666756,-0.03385105949192646
2025-01-09 00:00:00+00:00,-0.004590246796845943,-0.004596916378075244,-0.004443728938574587,-0.040393343442319374,-0.040706090206154344,-0.04036579891426184,-0.004596914837883936,-0.004598071675686266,-0.004304700391761229,-0.040393343442319485,-0.04070609020615468,-0.04036579891426162,-0.040393343442319374,-0.04070609020615479,-0.04036579891426173,-0.018660939785752007,-0.018749350532435538,-0.004294756866660809,-0.018660939785752118,-0.018749350532435316,-0.018853373959079156,-0.018660939785752118,-0.018749350532435538,-0.018853373959079378,-0.03743193297433878,-0.037745827589934056,-0.037379451552744136,0.0,0.0,0.0,-0.037431932974338555,-0.037745827589934056,-0.03737945155274447,-0.026191900954400382,-0.04112890709768724,-0.026191900954400493,-0.041262290126291123,-0.026191900954400493,-0.04097784992698772
2025-01-10 00:00:00+00:00,0.0039899676167591824,0.003995791771687296,0.0038620418337003137,0.02193370076823542,0.022110729292632803,0.021913330979296264,0.003995790426719159,0.0039968006334041295,0.00374068983310738,0.02193370076823542,0.022110729292633247,0.021913330979296264,0.02193370076823542,0.022110729292633025,0.021913330979296486,0.01811294963193122,0.01820040385163124,0.0,0.01811294963193122,0.01820040385163124,0.018378428119828705,0.01811294963193144,0.01820040385163102,0.018378428119828705,-0.0070288861522580515,-0.014261930295839442,0.030358028770592016,0.0,0.0,0.0,-0.0070288861522583845,-0.014261930295839553,0.030358028770592238,0.023271740417670994,0.030365714166435964,0.023271740417670994,0.03043536028132876,0.023271740417670994,0.030028401925667803
2025-01-11 00:00:00+00:00,-0.0002512443282531862,-0.00025160960995929127,-0.00024321995823251008,0.023806447320991797,0.023994434390402608,0.023997748138946617,-0.00025160952560543404,-0.00025167288372596186,-0.0002356060498578394,0.023806447320991575,0.023994434390402608,0.023997748138946617,0.023806447320991797,0.023994434390402608,0.023997748138946395,-0.008362075750336095,-0.008401728419102694,0.0,-0.008362075750335984,-0.008401728419102805,-0.008568686493432787,-0.008362075750335984,-0.008401728419102694,-0.008568686493432787,0.0,0.0,-0.007069291698833968,0.0,0.0,0.0,0.0,0.0,-0.007069291698834301,-0.0014377856748983842,0.0060679187844108196,-0.0014377856748986062,0.006109156387299253,-0.0014377856748984952,0.005772602889215106
2025-01-12 00:00:00+00:00,-0.00010225054140544643,-0.00010239923989530109,-9.898401676633473e-05,-0.00907220861658986,-0.009142168458599054,-0.009134001002057857,-0.00010239920555676907,-0.00010242499732449062,-9.588462949849941e-05,-0.00907220861658986,-0.009142168458599054,-0.009134001002057857,-0.009072208616590083,-0.009142168458599054,-0.009134001002057968,-0.014795189188128721,-0.0148659418993623,0.0,-0.01479518918812861,-0.014865941899362523,-0.015132759523055372,-0.014795189188128832,-0.0148659418993623,-0.015132759523055372,0.0,0.0,0.0,0.0,0.0,0.0,0.0,0.0,0.0,-0.0005858403033174309,-0.02085572515415446,-0.0005858403033173198,-0.020909074934865823,-0.0005858403033172088,-0.020533951431059072
2025-01-13 00:00:00+00:00,-0.001399975060523695,-0.0027996228316070626,-5.664447569775355e-06,-0.007162719939947326,-0.014478586467270627,-0.009327692835567447,-5.859904771865487e-06,-5.861380884653045e-06,-5.48706539449384e-06,-0.009682045736787659,-0.00996362548830032,-0.009327692835567447,-0.007162719939947215,-0.01447858646727096,-0.009327692835567225,-0.016156058185915367,-0.022998932659420435,0.0,-0.016156058185915034,-0.022998932659420435,-0.006673614780483783,-0.016156058185915145,-0.022998932659420657,-0.006673614780483894,0.0,0.0,0.0,-0.020973325579258018,-0.02817332557925789,0.0,0.0,0.0,0.0,-3.354155904988776e-05,-0.025897300039411597,-3.354155904988776e-05,-0.025959184574014915,-3.354155904988776e-05,-0.026114903007377177
2025-01-14 00:00:00+00:00,0.0,0.0,-0.0013493948452831805,0.0,0.0,-0.007136425447377137,0.003749824948002578,0.0037507695362670734,0.003511239147515832,0.03266772323743816,0.032849549194422956,0.032205085615642615,0.0,0.0,-0.007136425447377137,0.0013363255714144984,0.0013456865246948002,0.0,0.0013363255714144984,0.0013456865246945782,-0.005790793627875823,0.0013363255714144984,0.0013456865246945782,-0.005790793627875934,0.0,0.0,0.0,0.03473458935957652,0.034991928502421166,0.027324257223105608,0.0,0.0,0.0,0.02146424926552659,0.03656231432704504,0.02146424926552659,0.03664395126136899,0.02146424926552659,0.036640274366111836
2025-01-15 00:00:00+00:00,0.0,0.0,0.0,0.0,0.0,0.0,0.007321077257012032,0.007322914559444671,0.00685689733872108,0.0837195360388654,0.08412010330374686,0.08301559031408745,0.0,0.0,0.0,0.026999639700091782,0.027188517856947536,0.0,0.026999639700091782,0.027188517856947314,0.02599359507875043,0.026999639700092004,0.027188517856947536,0.02599359507875043,0.0,0.0,0.0,0.09636415471078918,0.09705395319300147,0.09619002963467982,0.0,0.0,0.0,0.0411795892389657,0.08383327321316636,0.0411795892389657,0.0840354793256719,0.0411795892389657,0.08368877708282962
2025-01-16 00:00:00+00:00,0.0,0.0,0.0,0.0,0.0,0.0,-0.0009661495136542575,-0.0009663902165342186,-0.0009053096897998492,-0.0009890697292124218,-0.0010481900508660935,-0.001139940089671554,0.0,0.0,0.0,0.0018275362836861486,0.0018399825651898016,0.0,0.0018275362836861486,0.0018399825651900237,0.0014026139325225007,0.0018275362836861486,0.0018399825651900237,0.0014026139325227227,0.0,0.0,0.0,0.00021241206740207907,0.00021379805044730027,-9.96911105767273e-05,0.0,0.0,0.0,-0.0052576737711176325,-0.0042290821802138945,-0.0052576737711176325,-0.004236482607808512,-0.005257673771117521,-0.004161701714397337
2025-01-17 00:00:00+00:00,0.0,0.0,0.0,0.0,0.0,0.0,0.007549311545336224,0.007551194171959041,0.007073489778041342,0.04329236006784476,0.04359571503159554,0.04317625761807742,0.0,0.0,0.0,0.006212927749801311,0.006255162657993862,0.0,0.006212927749800867,0.006255162657993862,0.006317943045128116,0.006212927749801089,0.00625516265799364,0.006317943045128116,0.0,0.0,0.0,0.030609023330955942,0.030808703696257655,0.0309647205255954,0.0,0.0,0.0,0.04125971752053226,0.06435050072239368,0.041259717520532035,0.06453004154662989,0.04125971752053226,0.06511859214495841
2025-01-18 00:00:00+00:00,0.0,0.0,0.0,0.0,0.0,0.0,0.0005957550970558945,0.0005959025513730953,0.0005584692889224474,0.0156463031649543,0.015773811217789424,0.015455459802339977,0.0,0.0,0.0,-0.021071214745394085,-0.021213564493470893,0.0,-0.02107121474539375,-0.021213564493470893,-0.02213987752625024,-0.021071214745394085,-0.02121356449347067,-0.022139877526250462,0.0,0.0,0.0,-0.01492944687617448,-0.015023929409859749,-0.015364461375126481,0.0,0.0,0.0,0.003150604666352974,-0.054828029943459144,0.003150604666352974,-0.0548802261684288,0.003150604666352974,-0.05496327575968041
2025-01-19 00:00:00+00:00,0.0,0.0,0.0,0.0,0.0,0.0,-0.005852114136425168,-0.005853561720488454,-0.005486059333852156,-0.052462603268281116,-0.05269055958216984,-0.05212577445175215,0.0,0.0,0.0,-0.028572391567388222,-0.028769600135991946,0.0,-0.028572391567388222,-0.028769600135992057,-0.028623243815536492,-0.02857239156738811,-0.02876960013599239,-0.02862324381553638,0.0,0.0,0.0,-0.07558055047327872,-0.07606616557520118,-0.07558698233372008,0.0,0.0,0.0,-0.03086963182841007,-0.08335601831713713,-0.03086963182841007,-0.08352157274537075,-0.03086963182841007,-0.08274802660639058
2025-01-20 00:00:00+00:00,0.00020968052055669872,-0.0012303194794432981,0.0,-0.002364003640259793,-0.00956400364026,0.0,0.001705966986069285,0.0017063914602386543,0.0015986686299132025,0.004887057933141925,0.004680414121106091,0.0038768532555639723,-0.002364003640259793,-0.00956400364026,0.0,0.010127703933422882,0.0029917973176465384,0.0,0.0010973847180291152,-0.006038526795862698,0.00244136714742349,0.010127703933422882,0.0029917973176465384,0.00244136714742349,0.0,0.0,0.0,0.023323962528742248,0.02348615982008173,0.023211087611578973,0.0,0.0,0.0,0.009231198189368905,0.011906998930518498,0.009231198189368905,0.01187987050618422,0.009231198189368905,0.011043678921598632
2025-01-21 00:00:00+00:00,0.007136472858866982,0.007146762038762189,0.005633162947491943,0.029387518899802734,0.02960115222578863,0.02211899117177696,0.007316493437739213,0.007318310807038042,0.006857050378693774,0.02815269110302432,0.028284987024520314,0.028846659275435282,0.029387518899802734,0.02960115222578885,0.02211899117177696,0.02724974672361058,0.027443633232563602,0.0,0.025400319186098086,0.02558268865158886,0.018345482539018132,0.027249746723610357,0.027443633232564046,0.019866931055639414,0.0,0.0,0.0,0.00996180663563817,0.010029492409027174,0.009771838913330555,0.0,0.0,0.0,0.03929524796165618,0.031946469376879394,0.03929524796165618,0.03202993557318501,0.0392952479616564,0.0323438628176127
2025-01-22 00:00:00+00:00,-0.004399572698430276,-0.004405870875690776,-0.004367050342474643,-0.00853399092516438,-0.008594245390522559,-0.008285408552163531,-0.00450974770594792,-0.004510859759540797,-0.004228484360383256,-0.007306039173168188,-0.0073981459141250205,-0.006611140963972528,-0.008533990925164714,-0.008594245390522781,-0.00828540855216342,-0.015559517095745101,-0.015667268572205684,0.0,-0.013124151144730867,-0.013216029559379727,-0.012835655637890131,-0.015559517095745323,-0.015667268572205795,-0.014987248124561092,0.0,0.0,0.0,-0.02140787106805586,-0.021551883078519074,-0.021692271044505662,0.0,0.0,0.0,-0.023475578107835404,-0.03294434053748807,-0.023475578107835404,-0.03300133168563901,-0.023475578107835293,-0.032547983988727935
2025-01-23 00:00:00+00:00,0.0004596952440059088,0.0004603562297071928,0.00045628219715188045,-0.005731939703535915,-0.005772761041808905,-0.005889473023795833,0.00047125917760304503,0.00047137591144141844,0.000441742938892542,-0.006205889401016185,-0.006202677662097811,-0.0065420853436142234,-0.005731939703535804,-0.005772761041808794,-0.005889473023795833,-0.0019403271550061385,-0.0019539780193443823,0.0,-0.011253134807390097,-0.011332969876400867,-0.011489701081217385,-0.0019403271550062495,-0.0019539780193441603,-0.0020774241787911985,0.0,0.0,0.0,-0.0026975456833122635,-0.002716091938849474,-0.0026606408044923535,0.0,0.0,0.0,0.0025007931638103553,0.0011426559035161432,0.0025007931638103553,0.0011161464933613363,0.0025007931638103553,0.0011020551713907256
2025-01-24 00:00:00+00:00,0.0016375000277690788,0.0016398534696955291,0.0016253478128955834,-0.0016078748363496098,-0.001619392176840151,-0.0015415676811334489,0.0016786730055211585,0.001679088627382752,0.0015735795927300789,-0.0013814412625238193,-0.0013837640522825767,-0.0013788633003665174,-0.0016078748363497208,-0.001619392176840373,-0.001541567681133671,-0.0034209890088257033,-0.003445103955164619,0.0,-0.004054870511860487,-0.004083967438686997,-0.0040923171325329966,-0.0034209890088255923,-0.003445103955164619,-0.0032980556469762723,0.0,0.0,0.0,-0.006685620020688732,-0.006731710402876789,-0.00690135934232794,0.0,0.0,0.0,0.008890044835593303,-0.01072774621794459,0.008890044835593303,-0.010753819398977571,0.008890044835593303,-0.011087123691044809
2025-01-25 00:00:00+00:00,-0.00020651383026459857,-0.00020681014941226206,-0.0002049837368034435,0.004068753471509812,0.004097945562724359,0.004168137106657088,-0.00021169767131035133,-0.00021174999757689328,-0.00019846514976462615,0.003870739044425253,0.003881371109956122,0.004160240306926077,0.004068753471510034,0.004097945562724581,0.004168137106657532,0.0032020538551449373,0.0032247035328125673,0.0,0.0023242577297033495,-0.014706122802387256,0.0022231861071462244,0.0032020538551451594,0.0032247035328123452,0.0032550662547503606,0.0,0.0,0.0,-0.009268380956648947,-0.009332709827023389,-0.009433227689960244,0.0,0.0,0.0,-0.0011131111059609067,-0.002068875485585542,-0.0011131111059610177,-0.0020737522809494147,-0.0011131111059610177,-0.0018498624541214426
2025-01-26 00:00:00+00:00,-0.003841515281472141,-0.003847028471538727,-0.003813047054806451,-0.033700876723112505,-0.03394168363678196,-0.034061539537449836,-0.003937964130281468,-0.003938937700761369,-0.0036917661499750176,-0.03222701710386622,-0.03234570921167046,-0.03362251746065681,-0.033700876723112505,-0.03394168363678196,-0.03406153953744995,-0.02561138190728074,-0.025791961300060118,0.0,-0.03610264336731195,0.0,-0.03657665048976866,-0.02561138190728096,-0.025791961300060007,-0.026000476031309616,0.0,0.0,0.0,-0.027122107439757404,-0.02731212671499139,-0.027347633466589305,0.0,0.0,0.0,-0.020724589138381266,-0.027217632230243538,-0.020724589138381266,-0.0273071894287088,-0.020724589138381266,-0.027406038625264917
2025-01-27 00:00:00+00:00,-0.000889356380852413,-0.0008906376789767911,-0.0008827404215389079,-0.007084609841915057,-0.007358837455933798,-0.006940984469247624,-0.0009117737127078973,-0.0009120000190603328,-0.0008545592166137039,-0.005986707396253177,-0.006020332543802631,-0.006567473697918547,-0.007084609841914835,-0.007358837455933909,-0.006940984469247957,-0.028126980491022024,-0.014542027338591668,0.0,-0.00720216366511528,0.0,-0.00368232130926871,-0.028126980491021802,-0.014542027338591668,-0.012430918823783443,0.0,0.0,0.0,-0.022602706604766376,-0.02576050049279055,-0.0073708548389607165,0.0,0.0,0.0,-0.004880707467605272,-0.026679852005233373,-0.004880707467605494,-0.026741716682174066,-0.004880707467605383,-0.026980228831002373
2025-01-28 00:00:00+00:00,-0.001373542987771259,-0.0013755236188638387,-0.0013633161163650875,-0.021590587884029677,-0.021596547487841344,-0.02183687274321444,-0.0014081964403552805,-0.00140854628012399,-0.0013197554613102458,-0.01939025969708319,-0.019497567129709403,-0.02023847065840556,-0.021590587884029677,-0.021596547487841233,-0.02183687274321411,-0.0071251139917716255,0.0,0.0,0.0,0.0,-0.007105736731604639,-0.0071251139917716255,0.0,-0.017531822747478,0.0,0.0,0.0,-0.03891714372837518,-0.039043243418756424,-0.04412599491937064,0.0,0.0,0.0,-0.0075681137092378226,-0.048408769179008826,-0.007568113709237934,-0.04851658347492582,-0.007568113709238045,-0.04843463654091784
2025-01-29 00:00:00+00:00,0.004375573885829542,0.004381892097213624,0.004342950574146576,0.011435882506222628,0.011439108805342268,0.011445364793426505,0.0044861219849376965,0.0044872380491156605,0.004204001306821636,0.010793551464777895,0.010864414630092911,0.010864064164159304,0.011435882506222406,0.011439108805342268,0.011445364793426505,0.0,0.0,0.0,0.0,0.0,0.0,0.0,0.0,-0.005710282724232352,0.0,0.0,0.0,-0.007168597326809301,-0.014392175683670239,0.0496179800853731,0.0,0.0,0.0,0.02425955178201189,0.027973608523073068,0.024259551782012112,0.028047610001019185,0.024259551782012112,0.02825388925232586
2025-01-30 00:00:00+00:00,0.001764748449908815,0.001767285581919964,0.001751647771160103,0.02480057666070623,0.024807494285169263,0.0249213309128562,0.0018091353816866995,0.0018095834505176267,0.0016958398034561117,0.023247858403693922,0.02334241378696089,0.024265426033700743,0.024800576660706453,0.024807494285169263,0.0249213309128562,0.0,0.0,0.0,0.0,0.0,0.0,0.0,0.0,0.0,0.0,0.0,0.0,0.0,0.0,-0.007348552876739967,0.0,0.0,0.0,0.009594374790657056,0.053579149960515826,0.009594374790657056,0.05370168211140691,0.009594374790657056,0.05295557931887984
2025-01-31 00:00:00+00:00,-0.004126072523013891,-0.004131994003029993,-0.00409549602243553,-0.012995593929774008,-0.012999131043654688,-0.012943189726986715,-0.004229664038389758,-0.004230709707689795,-0.003965233325595174,-0.01358778471328681,-0.013610129600272525,-0.014068731578381177,-0.012995593929773896,-0.012999131043654688,-0.012943189726986826,0.0,0.0,0.0,0.0,0.0,0.0,0.0,0.0,0.0,0.0,0.0,0.0,0.0,0.0,0.0,0.0,0.0,0.0,-0.022258174894197902,-0.0003030866686489775,-0.022258174894197902,-0.00032621639543650716,-0.022258174894197902,-0.0001371015809701337
2025-02-01 00:00:00+00:00,-0.00317646161486973,-0.003181039187483581,-0.0031528254594150873,-0.04832990612333332,-0.048343233704205346,-0.0484566523914306,-0.003256550409250103,-0.003257358923282161,-0.003052146437502845,-0.045782248780915746,-0.04595293078230722,-0.047581368377466626,-0.04832990612333343,-0.04834323370420546,-0.0484566523914306,0.0,0.0,0.0,0.0,0.0,0.0,0.0,0.0,0.0,0.0,0.0,0.0,0.0,0.0,0.0,0.0,0.0,0.0,-0.017453256604791134,-0.0816537648044271,-0.017453256604791356,-0.08563912653757344,-0.017453256604791356,-0.07993135258666084
2025-02-02 00:00:00+00:00,-0.005254481996072369,-0.005262078351007671,-0.005215259561054841,-0.007176128907744994,-0.01433644292054792,-0.06878724058575125,-0.005387397200180999,-0.005388739117366592,-0.005048211074935249,-0.06520034799175811,-0.06549995446224988,-0.06613529185834643,-0.007176128907744883,-0.01433644292054781,-0.06878724058575103,0.0,0.0,0.0,0.0,0.0,0.0,0.0,0.0,0.0,0.0,0.0,0.0,0.0,0.0,0.0,0.0,0.0,0.0,-0.029290570774225033,-0.12194158116810572,-0.029290570774224922,-0.12267249720457962,-0.029290570774225033,-0.12287846544796788
2025-02-03 00:00:00+00:00,-0.001400437735249227,-0.0028049640377549867,0.006730269389227939,0.0,0.0,-0.006974740073400487,0.006953615505156829,0.00695535692712812,0.006513600265507069,-0.006664963938985413,-0.013512055604478657,0.038360810654373356,0.0,0.0,-0.006974740073400709,0.0,0.0,0.0,0.0,0.0,0.0,0.0,0.0,0.0,0.0,0.0,0.0,0.0,0.0,0.0,0.0,0.0,0.0,0.03873684279497258,0.05059239393933468,0.03873684279497258,0.0509870022282477,0.03873684279497258,0.05063598466271113
2025-02-04 00:00:00+00:00,0.0,0.0,-0.001434224578305776,0.0,0.0,0.0,-0.006689267467065441,-0.006690931116019372,-0.006268719092238584,0.0,0.0,-0.007035424686460345,0.0,0.0,0.0,0.0,0.0,0.0,0.0,0.0,0.0,0.0,0.0,0.0,0.0,0.0,0.0,0.0,0.0,0.0,0.0,0.0,0.0,-0.03612401710227242,-0.07230379850089341,-0.03612401710227253,-0.07277516163107944,-0.03612401710227231,-0.07123940977655296
2025-02-05 00:00:00+00:00,0.0,0.0,0.0,0.0,0.0,0.0,-0.0021253473840836534,-0.0021258795274519127,-0.0019908857571870886,0.0,0.0,0.0,0.0,0.0,0.0,0.0,0.0,0.0,0.0,0.0,0.0,0.0,0.0,0.0,0.0,0.0,0.0,0.0,0.0,0.0,0.0,0.0,0.0,-0.01182800151950436,-0.03219070576405347,-0.011828001519504472,-0.03240711170639221,-0.01182800151950436,-0.03139802732373842
2025-02-06 00:00:00+00:00,0.0,0.0,0.0,0.0,0.0,0.0,-0.0001357225779671234,-0.00013575663251119696,-0.0001271188626956743,0.0,0.0,0.0,0.0,0.0,0.0,0.0,0.0,0.0,0.0,0.0,0.0,0.0,0.0,0.0,0.0,0.0,0.0,0.0,0.0,0.0,0.0,0.0,0.0,-0.0007627408296480009,-0.0468224339043295,-0.000762740829648112,-0.04715030003722631,-0.000762740829648112,-0.04581315853453416
2025-02-07 00:00:00+00:00,0.0,0.0,0.0,0.0,0.0,0.0,-5.071641798792825e-05,-5.072914511872195e-05,-4.750099796124729e-05,0.0,0.0,0.0,0.0,0.0,0.0,0.0,0.0,0.0,0.0,0.0,0.0,0.0,0.0,0.0,0.0,0.0,0.0,0.0,0.0,0.0,0.0,0.0,0.0,-0.0002851976220690222,-0.000921373211867138,-0.00028519762206913324,-0.0009402296385788711,-0.0002851976220689112,-0.0015349391232951648
2025-02-08 00:00:00+00:00,0.0,0.0,0.0,0.0,0.0,0.0,-0.00011202745745608755,-0.0001120555718316929,-0.00010492458118949166,0.0,0.0,0.0,0.0,0.0,0.0,0.0,0.0,0.0,0.0,0.0,0.0,0.0,0.0,0.0,0.0,0.0,0.0,0.0,0.0,0.0,0.0,0.0,0.0,-0.000630120571287085,0.017984334707281002,-0.000630120571287085,0.018120035858374406,-0.000630120571287196,0.018128261525790057
2025-02-09 00:00:00+00:00,0.0,0.0,0.0,0.0,0.0,0.0,-7.919974333026047e-07,-7.921962151824502e-07,-7.417771552553631e-07,0.0,0.0,0.0,0.0,0.0,0.0,0.0,0.0,0.0,0.0,0.0,0.0,0.0,0.0,0.0,0.0,0.0,0.0,0.0,0.0,0.0,0.0,0.0,0.0,-4.457055492901318e-06,-0.016952451795996026,-4.457055492901318e-06,-0.017064371691124403,-4.457055492790296e-06,-0.016684065395156766
2025-02-10 00:00:00+00:00,0.0,0.0,0.0,0.0,0.0,0.0,0.0017840032595524136,0.0017844510229811927,0.0016708801574403243,0.0,0.0,0.0,0.0,0.0,0.0,0.0,0.0,0.0,0.0,0.0,0.0,0.0,0.0,0.0,0.0,0.0,0.0,0.0,0.0,0.0,0.0,0.0,0.0,0.010039717724088737,0.022162334312092247,0.010039717724088959,0.022334708804486958,0.010039717724088959,0.021996117227939704
2025-02-11 00:00:00+00:00,0.0,0.0,0.0,0.0,0.0,0.0,-0.003071028532573461,-0.0030717979509256033,-0.0028766203834890147,0.0,0.0,0.0,0.0,0.0,0.0,0.0,0.0,0.0,0.0,0.0,0.0,0.0,0.0,0.0,0.0,0.0,0.0,0.0,0.0,0.0,0.0,0.0,0.0,-0.017141362957608153,-0.013157105573026406,-0.017141362957608153,-0.013243598150215252,-0.017141362957608153,-0.012695181623327723
2025-02-12 00:00:00+00:00,0.0,0.0,0.0,0.0,0.0,0.0,0.0038516022807795203,0.0038525702381757565,0.0036070773470215922,0.0,0.0,0.0,0.0,0.0,0.0,0.0,0.0,0.0,0.0,0.0,0.0,0.0,0.0,0.0,0.0,0.0,0.0,0.0,0.0,0.0,0.0,0.0,0.0,0.02180600429677848,0.04175864058674228,0.02180600429677848,0.04207236317700547,0.02180600429677848,0.040684370821780114
2025-02-13 00:00:00+00:00,0.0,0.0,0.0,0.0,0.0,0.0,-0.0022730123155126902,-0.0022735813605772037,-0.0021292252606651685,0.0,0.0,0.0,0.0,0.0,0.0,0.0,0.0,0.0,0.0,0.0,0.0,0.0,0.0,0.0,0.0,0.0,0.0,0.0,0.0,0.0,0.0,0.0,0.0,-0.01264263247639319,-0.023185423244504788,-0.01264263247639319,-0.023349091570316283,-0.01264263247639319,-0.023018859685745574
2025-02-14 00:00:00+00:00,0.0,0.0,0.0,0.0,0.0,0.0,0.001627273789691852,0.001627682103465089,0.0015241154543215174,0.0,0.0,0.0,0.0,0.0,0.0,0.0,0.0,0.0,0.0,0.0,0.0,0.0,0.0,0.0,0.0,0.0,0.0,0.0,0.0,0.0,0.0,0.0,0.0,0.00914605275699576,0.030397180187947903,0.00914605275699576,0.03062085411908888,0.00914605275699576,0.03014388619911701
2025-02-15 00:00:00+00:00,0.0,0.0,0.0,0.0,0.0,0.0,0.00016161000928827107,0.00016165049439931245,0.0001513806003574647,0.0,0.0,0.0,0.0,0.0,0.0,0.0,0.0,0.0,0.0,0.0,0.0,0.0,0.0,0.0,0.0,0.0,0.0,0.0,0.0,0.0,0.0,0.0,0.0,0.0009015575275439502,-0.021434669245962823,0.0009015575275439502,-0.02158867082521765,0.0009015575275439502,-0.020875312875649032
2025-02-16 00:00:00+00:00,0.0,0.0,0.0,0.0,0.0,0.0,-0.002714925594382578,-0.0027156056036243825,-0.002543105292379333,0.0,0.0,0.0,0.0,0.0,0.0,0.0,0.0,0.0,0.0,0.0,0.0,0.0,0.0,0.0,0.0,0.0,0.0,0.0,0.0,0.0,0.0,0.0,0.0,-0.015134285972490336,-0.016922905582911207,-0.015134285972490336,-0.01705639567193029,-0.015134285972490336,-0.016848270210157668
2025-02-17 00:00:00+00:00,0.0,0.0,0.0,0.0,0.0,0.0,-0.0014172409163216715,-0.002835193720423068,-0.0005835681050661012,0.0,0.0,0.0,0.0,0.0,0.0,0.0,0.0,0.0,0.0,0.0,0.0,0.0,0.0,0.0,0.0,0.0,0.0,0.0,0.0,0.0,0.0,0.0,0.0,-0.003517274470172027,-0.0021630140168535927,-0.003517274470172027,-0.002174970963043976,-0.003517274470172027,-0.0019620466964198613
2025-02-18 00:00:00+00:00,0.0,0.0,0.0,0.0,0.0,0.0,0.0,0.0,-0.0013234226509732938,0.0,0.0,0.0,0.0,0.0,0.0,0.0,0.0,0.0,0.0,0.0,0.0,0.0,0.0,0.0,0.0,0.0,0.0,0.0,0.0,0.0,0.0,0.0,0.0,-0.0018208052051643664,-0.03680535403886487,-0.0018208052051643664,-0.03711126260301645,-0.0018208052051643664,-0.037630877080185976
2025-02-19 00:00:00+00:00,0.0,0.0,0.0,0.0,0.0,0.0,0.0,0.0,0.0,0.0,0.0,0.0,0.0,0.0,0.0,0.0,0.0,0.0,0.0,0.0,0.0,0.0,0.0,0.0,0.0,0.0,0.0,0.0,0.0,0.0,0.0,0.0,0.0,0.010717057466263169,0.016031475214391744,0.010717057466263169,0.01616561424821139,0.010717057466263169,0.01580766338626738
2025-02-20 00:00:00+00:00,0.0,0.0,0.0,0.0,0.0,0.0,0.0,0.0,0.0,0.0,0.0,0.0,0.0,0.0,0.0,0.0,0.0,0.0,0.0,0.0,0.0,0.0,0.0,0.0,0.0,0.0,0.0,0.0,0.0,0.0,0.0,0.0,0.0,0.017749497759697253,0.03312480359990677,0.017749497759697253,0.03339300499757969,0.017749497759697253,0.03288869818327589
2025-02-21 00:00:00+00:00,0.0,0.0,0.0,0.0,0.0,0.0,0.0,0.0,0.0,0.0,0.0,0.0,0.0,0.0,0.0,0.0,0.0,0.0,0.0,0.0,0.0,0.0,0.0,0.0,0.0,0.0,0.0,0.0,0.0,0.0,0.0,0.0,0.0,-0.022269774838531098,-0.041835052033230125,-0.02226977483853121,-0.04216213133769975,-0.02226977483853132,-0.04069761480739176
2025-02-22 00:00:00+00:00,0.0,0.0,0.0,0.0,0.0,0.0,0.0,0.0,0.0,0.0,0.0,0.0,0.0,0.0,0.0,0.0,0.0,0.0,0.0,0.0,0.0,0.0,0.0,0.0,0.0,0.0,0.0,0.0,0.0,0.0,0.0,0.0,0.0,0.004420789618814203,0.02644389936088598,0.004420789618814203,0.026668214491608166,0.004420789618814203,0.02665456377836306
2025-02-23 00:00:00+00:00,0.0,0.0,0.0,0.0,0.0,0.0,0.0,0.0,0.0,0.0,0.0,0.0,0.0,0.0,0.0,0.0,0.0,0.0,0.0,0.0,0.0,0.0,0.0,0.0,0.0,0.0,0.0,0.0,0.0,0.0,0.0,0.0,0.0,-0.0032732766686007775,-0.006959573931225482,-0.0032732766686007775,-0.007013376367323687,-0.0032732766686008885,-0.006780844417065834
2025-02-24 00:00:00+00:00,0.0,0.0,0.0,0.0,0.0,0.0,0.0,0.0,0.0,0.0,0.0,0.0,0.0,0.0,0.0,0.0,0.0,0.0,0.0,0.0,0.0,0.0,0.0,0.0,0.0,0.0,0.0,0.0,0.0,0.0,0.0,0.0,0.0,-0.04939605871149877,-0.12409348401610099,-0.04939605871149899,-0.12506748769920772,-0.04939605871149877,-0.12237977000321965
2025-02-25 00:00:00+00:00,0.0,0.0,0.0,0.0,0.0,0.0,0.0,0.0,0.0,0.0,0.0,0.0,0.0,0.0,0.0,0.0,0.0,0.0,0.0,0.0,0.0,0.0,0.0,0.0,0.0,0.0,0.0,0.0,0.0,0.0,0.0,0.0,0.0,-0.03198616294772594,0.01941823376641394,-0.03198616294772583,0.01957604703007565,-0.03198616294772583,0.019150634427848034
2025-02-26 00:00:00+00:00,0.0,0.0,0.0,0.0,0.0,0.0,0.0,0.0,0.0,0.0,0.0,0.0,0.0,0.0,0.0,0.0,0.0,0.0,0.0,0.0,0.0,0.0,0.0,0.0,0.0,0.0,0.0,0.0,0.0,0.0,0.0,0.0,0.0,-0.050482853851056775,-0.00702560271254038,-0.050482853851056775,-0.0071445363359490255,-0.050482853851056775,-0.007236288846250605
2025-02-27 00:00:00+00:00,0.0,0.0,0.0,0.0,0.0,0.0,0.0,0.0,0.0,0.0,0.0,0.0,0.0,0.0,0.0,0.0,0.0,0.0,0.0,0.0,0.0,0.0,0.0,0.0,0.0,0.0,0.0,0.0,0.0,0.0,0.0,0.0,0.0,0.0061039012609174215,-0.0025525255442567785,0.006103901260917199,-0.0025776014470975106,0.0061039012609174215,-0.002627313804068665
2025-02-28 00:00:00+00:00,0.0,0.0,0.0,0.0,0.0,0.0,0.0,0.0,0.0,0.0,0.0,0.0,0.0,0.0,0.0,0.0,0.0,0.0,0.0,0.0,0.0,0.0,0.0,0.0,0.0,0.0,0.0,0.0,0.0,0.0,0.0,0.0,0.0,-0.0038695334096149336,0.0019823574674355804,-0.0038695334096147116,0.00199853781545678,-0.0038695334096149336,0.0015977430356732825
2025-03-01 00:00:00+00:00,0.0,0.0,0.0,0.0,0.0,0.0,0.0,0.0,0.0,0.0,0.0,0.0,0.0,0.0,0.0,0.0,0.0,0.0,0.0,0.0,0.0,0.0,0.0,0.0,0.0,0.0,0.0,0.0,0.0,0.0,0.0,0.0,0.0,0.02041608949612317,0.009461685941855702,0.020416089496122947,0.006221485196076015,0.020416089496122947,0.006164520408608709
2025-03-02 00:00:00+00:00,0.0,0.0,0.0,0.0,0.0,0.0,0.0,0.0,0.0,0.0,0.0,0.0,0.0,0.0,0.0,0.0,0.0,0.0,0.0,0.0,0.0,0.0,0.0,0.0,0.0,0.0,0.0,0.0,0.0,0.0,0.0,0.0,0.0,0.09587117972870107,0.12924756870853882,0.09587117972870107,0.1299622006534391,0.09587117972870085,0.12668699568033803
2025-03-03 00:00:00+00:00,0.0,0.0,0.0,0.0,0.0,0.0,0.0,0.0,0.0,0.0,0.0,0.0,0.0,0.0,0.0,0.0,0.0,0.0,0.0,0.0,0.0,0.0,0.0,0.0,0.0,0.0,0.0,0.0,0.0,0.0,0.0,0.0,0.0,-0.08597399599514033,-0.1575939302860575,-0.08597399599514055,-0.1582169799400236,-0.08597399599514044,-0.1586758224074717
2025-03-04 00:00:00+00:00,0.0,0.0,0.0,0.0,0.0,0.0,0.0,0.0,0.0,0.0,0.0,0.0,0.0,0.0,0.0,0.0,0.0,0.0,0.0,0.0,0.0,0.0,0.0,0.0,0.0,0.0,0.0,0.0,0.0,0.0,0.0,0.0,0.0,0.012637489539943259,-0.0060845458249230155,0.012637489539943259,-0.006057375174994384,0.012637489539943259,-0.00672495986705135
2025-03-05 00:00:00+00:00,0.0,0.0,0.0,0.0,0.0,0.0,0.0,0.0,0.0,0.0,0.0,0.0,0.0,0.0,0.0,0.0,0.0,0.0,0.0,0.0,0.0,0.0,0.0,0.0,0.0,0.0,0.0,0.0,0.0,0.0,0.0,0.0,0.0,0.03843864226413385,0.043998662360855034,0.03843864226413385,0.04429601976123765,0.03843864226413407,0.0449454900962909
2025-03-06 00:00:00+00:00,0.0,0.0,0.0,0.0,0.0,0.0,0.0,0.0,0.0,0.0,0.0,0.0,0.0,0.0,0.0,0.0,0.0,0.0,0.0,0.0,0.0,0.0,0.0,0.0,0.0,0.0,0.0,0.0,0.0,0.0,0.0,0.0,0.0,-0.007525959472087673,-0.023677120358506554,-0.007525959472087673,-0.023796307744237355,-0.007525959472087673,-0.023420317506625765
2025-03-07 00:00:00+00:00,0.0,0.0,0.0,0.0,0.0,0.0,0.0,0.0,0.0,0.0,0.0,0.0,0.0,0.0,0.0,0.0,0.0,0.0,0.0,0.0,0.0,0.0,0.0,0.0,0.0,0.0,0.0,0.0,0.0,0.0,0.0,0.0,0.0,-0.03519578389457079,-0.03136677651519315,-0.035195783894570676,-0.03164079220221827,-0.035195783894570676,-0.03137304793321338
2025-03-08 00:00:00+00:00,0.0,0.0,0.0,0.0,0.0,0.0,0.0,0.0,0.0,0.0,0.0,0.0,0.0,0.0,0.0,0.0,0.0,0.0,0.0,0.0,0.0,0.0,0.0,0.0,0.0,0.0,0.0,0.0,0.0,0.0,0.0,0.0,0.0,-0.006342890220475628,-0.009512218988477983,-0.006342890220475628,-0.009495504780904995,-0.006342890220475628,-0.009994227896714114
2025-03-09 00:00:00+00:00,0.0,0.0,0.0,0.0,0.0,0.0,0.0,0.0,0.0,0.0,0.0,0.0,0.0,0.0,0.0,0.0,0.0,0.0,0.0,0.0,0.0,0.0,0.0,0.0,0.0,0.0,0.0,0.0,0.0,0.0,0.0,0.0,0.0,-0.06388738507417457,-0.09817969701825524,-0.06388738507417469,-0.09851299843808847,-0.0638873850741748,-0.09880194863555358
2025-03-10 00:00:00+00:00,0.0,0.0,0.0,0.0,0.0,0.0,0.0,0.0,0.0,0.0,0.0,0.0,0.0,0.0,0.0,0.0,0.0,0.0,0.0,0.0,0.0,0.0,0.0,0.0,0.0,0.0,0.0,0.0,0.0,0.0,0.0,0.0,0.0,-0.026697424521218815,-0.06668178703445216,-0.026697424521218704,-0.06694641398922918,-0.026697424521218704,-0.06669269502061759
2025-03-11 00:00:00+00:00,0.0,0.0,0.0,0.0,0.0,0.0,0.0,0.0,0.0,0.0,0.0,0.0,0.0,0.0,0.0,0.0,0.0,0.0,0.0,0.0,0.0,0.0,0.0,0.0,0.0,0.0,0.0,0.0,0.0,0.0,0.0,0.0,0.0,0.05563455514699833,0.05977652557356694,0.055634555146998554,0.06004405016470393,0.055634555146998554,0.05955149477160093
2025-03-12 00:00:00+00:00,0.0,0.0,0.0,0.0,0.0,0.0,0.0,0.0,0.0,0.0,0.0,0.0,0.0,0.0,0.0,0.0,0.0,0.0,0.0,0.0,0.0,0.0,0.0,0.0,0.0,0.0,0.0,0.0,0.0,0.0,0.0,0.0,0.0,0.008984193478318803,0.03115859268425525,0.008984193478318803,0.031210338237956936,0.008984193478318803,0.03161752010628893
2025-03-13 00:00:00+00:00,0.0,0.0,0.0,0.0,0.0,0.0,0.0,0.0,0.0,0.0,0.0,0.0,0.0,0.0,0.0,0.0,0.0,0.0,0.0,0.0,0.0,0.0,0.0,0.0,0.0,0.0,0.0,0.0,0.0,0.0,0.0,0.0,0.0,-0.030911040154110392,-0.029958256026350938,-0.030911040154110503,-0.030052163060300896,-0.030911040154110392,-0.030112347279423246
2025-03-14 00:00:00+00:00,0.0,0.0,0.0,0.0,0.0,0.0,0.0,0.0,0.0,0.0,0.0,0.0,0.0,0.0,0.0,0.0,0.0,0.0,0.0,0.0,0.0,0.0,0.0,0.0,0.0,0.0,0.0,0.0,0.0,0.0,0.0,0.0,0.0,0.035857123597706764,0.04158404069541444,0.035857123597706764,0.04182388825449168,0.035857123597706764,0.042560634232052585
2025-03-15 00:00:00+00:00,0.0,0.0,0.0,0.0,0.0,0.0,0.0,0.0,0.0,0.0,0.0,0.0,0.0,0.0,0.0,0.0,0.0,0.0,0.0,0.0,0.0,0.0,0.0,0.0,0.0,0.0,0.0,0.0,0.0,0.0,0.0,0.0,0.0,0.004417335502567399,0.016968498513386887,0.004417335502567399,0.01702007245063153,0.004417335502567399,0.017394543077378533
2025-03-16 00:00:00+00:00,0.0,0.0,0.0,0.0,0.0,0.0,0.0,0.0,0.0,0.0,0.0,0.0,0.0,0.0,0.0,0.0,0.0,0.0,0.0,0.0,0.0,0.0,0.0,0.0,0.0,0.0,0.0,0.0,0.0,0.0,0.0,0.0,0.0,-0.02120757601587464,-0.044091078313155396,-0.02120757601587464,-0.04430755399552977,-0.02120757601587464,-0.04406487881137611
2025-03-17 00:00:00+00:00,0.0,0.0,0.0,0.0,0.0,0.0,0.0,0.0,0.0,0.0,0.0,0.0,0.0,0.0,0.0,0.0,0.0,0.0,0.0,0.0,0.0,0.0,0.0,0.0,0.0,0.0,0.0,0.0,0.0,0.0,0.0,0.0,0.0,0.01754826672667731,0.030956688758883466,0.01754826672667753,0.0311198196041913,0.01754826672667753,0.0311752676596615
2025-03-18 00:00:00+00:00,0.0,0.0,0.0,0.0,0.0,0.0,0.0,0.0,0.0,0.0,0.0,0.0,0.0,0.0,0.0,0.0,0.0,0.0,0.0,0.0,0.0,0.0,0.0,0.0,0.0,0.0,0.0,0.0,0.0,0.0,0.0,0.0,0.0,-0.0156245461925405,-0.015623450570208086,-0.0156245461925405,-0.015636147891238017,-0.0156245461925405,-0.015744562039166632
2025-03-19 00:00:00+00:00,0.0,0.0,0.0,0.0,0.0,0.0,0.0,0.0,0.0,0.0,0.0,0.0,0.0,0.0,0.0,0.0,0.0,0.0,0.0,0.0,0.0,0.0,0.0,0.0,0.0,0.0,0.0,0.0,0.0,0.0,0.0,0.0,0.0,0.050535219633281114,0.05317055378591018,0.050535219633281336,0.053435221678162614,0.050535219633281114,0.05332235142660524
2025-03-20 00:00:00+00:00,0.0,0.0,0.0,0.0,0.0,0.0,0.0,0.0,0.0,0.0,0.0,0.0,0.0,0.0,0.0,0.0,0.0,0.0,0.0,0.0,0.0,0.0,0.0,0.0,0.0,0.0,0.0,0.0,0.0,0.0,0.0,0.0,0.0,-0.031015231020617984,-0.033496139056254925,-0.031015231020617984,-0.03359283703658322,-0.031015231020617984,-0.03348294109397709
2025-03-21 00:00:00+00:00,0.0,0.0,0.0,0.0,0.0,0.0,0.0,0.0,0.0,0.0,0.0,0.0,0.0,0.0,0.0,0.0,0.0,0.0,0.0,0.0,0.0,0.0,0.0,0.0,0.0,0.0,0.0,0.0,0.0,0.0,0.0,0.0,0.0,-0.0014428019199029807,-0.01713448863012801,-0.0014428019199028697,-0.017225675400719842,-0.0014428019199029807,-0.017325894829592015
2025-03-22 00:00:00+00:00,0.0,0.0,0.0,0.0,0.0,0.0,0.0,0.0,0.0,0.0,0.0,0.0,0.0,0.0,0.0,0.0,0.0,0.0,0.0,0.0,0.0,0.0,0.0,0.0,0.0,0.0,0.0,0.0,0.0,0.0,0.0,0.0,0.0,-0.002497324592479311,0.008666286053272021,-0.002497324592479422,0.008720560234074082,-0.0024973245924792,0.009151917933951648
2025-03-23 00:00:00+00:00,0.0,0.0,0.0,0.0,0.0,0.0,0.0,0.0,0.0,0.0,0.0,0.0,0.0,0.0,0.0,0.0,0.0,0.0,0.0,0.0,0.0,0.0,0.0,0.0,0.0,0.0,0.0,0.0,0.0,0.0,0.0,0.0,0.0,0.02672457661430494,0.019040933935214666,0.02672457661430494,0.019081258271992807,0.02672457661430494,0.018920895269255444
2025-03-24 00:00:00+00:00,0.0,0.0,0.0,0.0,0.0,0.0,0.0,0.0,0.0,0.0,0.0,0.0,0.0,0.0,0.0,0.0,0.0,0.0,0.0,0.0,0.0,0.0,0.0,0.0,0.0,0.0,0.0,0.0,0.0,0.0,0.0,0.0,0.0,0.016617855076153765,0.038544629729134305,0.016617855076153765,0.038683780031584014,0.016617855076153765,0.03912549634614293
2025-03-25 00:00:00+00:00,0.0,0.0,0.0,0.0,0.0,0.0,0.0,0.0,0.0,0.0,0.0,0.0,0.0,0.0,0.0,0.0,0.0,0.0,0.0,0.0,0.0,0.0,0.0,0.0,0.0,0.0,0.0,0.0,0.0,0.0,0.0,0.0,0.0,-0.0010938761445196121,0.011092010184313494,-0.0010938761445196121,0.01105996119667374,-0.001093876144519501,0.011390646761099354
2025-03-26 00:00:00+00:00,0.0,0.0,0.0,0.0,0.0,0.0,0.0,0.0,0.0,0.0,0.0,0.0,0.0,0.0,0.0,0.0,0.0,0.0,0.0,0.0,0.0,0.0,0.0,0.0,0.0,0.0,0.0,0.0,0.0,0.0,0.0,0.0,0.0,-0.005740388535099061,-0.011249915308646607,-0.005740388535099061,-0.011473368923121563,-0.00574038853509895,-0.010987365878585731
2025-03-27 00:00:00+00:00,0.0,0.0,0.0,0.0,0.0,0.0,0.0,0.0,0.0,0.0,0.0,0.0,0.0,0.0,0.0,0.0,0.0,0.0,0.0,0.0,0.0,0.0,0.0,0.0,0.0,0.0,0.0,0.0,0.0,0.0,0.0,0.0,0.0,0.0033530815460183216,0.00113454012567904,0.0033530815460183216,0.0012707878452227206,0.0033530815460183216,0.0011436591922278083
2025-03-28 00:00:00+00:00,0.0,0.0,0.0,0.0,0.0,0.0,0.0,0.0,0.0,0.0,0.0,0.0,0.0,0.0,0.0,0.0,0.0,0.0,0.0,0.0,0.0,0.0,0.0,0.0,0.0,0.0,0.0,0.0,0.0,0.0,0.0,0.0,0.0,-0.03251274859122266,-0.0655286423250162,-0.03251274859122255,-0.06587789895995355,-0.03251274859122255,-0.06616046886972216
2025-03-29 00:00:00+00:00,0.0,0.0,0.0,0.0,0.0,0.0,0.0,0.0,0.0,0.0,0.0,0.0,0.0,0.0,0.0,0.0,0.0,0.0,0.0,0.0,0.0,0.0,0.0,0.0,0.0,0.0,0.0,0.0,0.0,0.0,0.0,0.0,0.0,-0.020916477249833476,-0.04481307169474069,-0.020916477249833476,-0.044997230149006695,-0.020916477249833476,-0.04575941648693482
2025-03-30 00:00:00+00:00,0.0,0.0,0.0,0.0,0.0,0.0,0.0,0.0,0.0,0.0,0.0,0.0,0.0,0.0,0.0,0.0,0.0,0.0,0.0,0.0,0.0,0.0,0.0,0.0,0.0,0.0,0.0,0.0,0.0,0.0,0.0,0.0,0.0,-0.002866849284824835,-0.010647186035990353,-0.002866849284824835,-0.01067851995549074,-0.002866849284824724,-0.010597062657805134
2025-03-31 00:00:00+00:00,0.0,0.0,0.0,0.0,0.0,0.0,0.0,0.0,0.0,0.0,0.0,0.0,0.0,0.0,0.0,0.0,0.0,0.0,0.0,0.0,0.0,0.0,0.0,0.0,0.0,0.0,0.0,0.0,0.0,0.0,0.0,0.0,0.0,0.0018735134434362255,-0.008412484277929844,0.0018735134434362255,-0.008494578974299505,0.0018735134434362255,-0.0077968439295336145
2025-04-01 00:00:00+00:00,0.0,0.0,0.0,0.0,0.0,0.0,0.0,0.0,0.0,0.0,0.0,0.0,0.0,0.0,0.0,0.0,0.0,0.0,0.0,0.0,0.0,0.0,0.0,0.0,0.0,0.0,0.0,0.0,0.0,0.0,0.0,0.0,0.0,0.031938834656903614,0.020214217097380027,0.031938834656903836,0.015639080815195605,0.031938834656903614,0.03626693994279462
2025-04-02 00:00:00+00:00,0.0,0.0,0.0,0.0,0.0,0.0,0.0,0.0,0.0,0.0,0.0,0.0,0.0,0.0,0.0,0.0,0.0,0.0,0.0,0.0,0.0,0.0,0.0,0.0,0.0,0.0,0.0,0.0,0.0,0.0,0.0,0.0,0.0,-0.03146974704935512,-0.06667153424040817,-0.031469747049355234,-0.06721230758850949,-0.031469747049355234,-0.07000533827719424
2025-04-03 00:00:00+00:00,0.0,0.0,0.0,0.0,0.0,0.0,0.0,0.0,0.0,0.0,0.0,0.0,0.0,0.0,0.0,0.0,0.0,0.0,0.0,0.0,0.0,0.0,0.0,0.0,0.0,0.0,0.0,0.0,0.0,0.0,0.0,0.0,0.0,0.008294936797248686,0.01137558009302464,0.008294936797248686,0.01136479854816641,0.008294936797248686,0.011611321477785763
2025-04-04 00:00:00+00:00,0.0,0.0,0.0,0.0,0.0,0.0,0.0,0.0,0.0,0.0,0.0,0.0,0.0,0.0,0.0,0.0,0.0,0.0,0.0,0.0,0.0,0.0,0.0,0.0,0.0,0.0,0.0,0.0,0.0,0.0,0.0,0.0,0.0,0.008245693112285846,0.00033854606090821804,0.008245693112286068,0.000596069303322011,0.008245693112286068,-0.0004391593053265641
2025-04-05 00:00:00+00:00,0.0,0.0,0.0,0.0,0.0,0.0,0.0,0.0,0.0,0.0,0.0,0.0,0.0,0.0,0.0,0.0,0.0,0.0,0.0,0.0,0.0,0.0,0.0,0.0,0.0,0.0,0.0,0.0,0.0,0.0,0.0,0.0,0.0,-0.004315636888839625,-0.0013807597411654715,-0.004315636888839514,-0.0015025354317995676,-0.004315636888839736,-0.0005213614136412303
2025-04-06 00:00:00+00:00,0.0,0.0,0.0,0.0,0.0,0.0,0.0,0.0,0.0,0.0,0.0,0.0,0.0,0.0,0.0,0.0,0.0,0.0,0.0,0.0,0.0,0.0,0.0,0.0,0.0,0.0,0.0,0.0,0.0,0.0,0.0,0.0,0.0,-0.06140847263266003,-0.1055493566747635,-0.061408472632659916,-0.1066244783497099,-0.06140847263266014,-0.10298228322124414
2025-04-07 00:00:00+00:00,0.0,0.0,0.0,0.0,0.0,0.0,0.0,0.0,0.0,0.0,0.0,0.0,0.0,0.0,0.0,-0.011341269393511877,-0.012781269393511874,0.0,-0.011341269393511988,-0.012781269393512096,0.0,-0.011341269393511988,-0.012781269393511985,0.0,-0.0135569037318225,-0.020756903731822485,0.0,-0.013556903731822278,-0.020756903731822485,0.0,-0.0135569037318225,-0.020756903731822596,0.0,0.0098156518854291,0.022185789554475255,0.0098156518854291,0.022375237816953497,0.0098156518854291,0.021326549409714124
2025-04-08 00:00:00+00:00,0.0,0.0,0.0,0.0,0.0,0.0,0.0,0.0,0.0,0.0,0.0,0.0,0.0,0.0,0.0,-0.02311119348714008,-0.023144904474978745,-0.025619104477611954,-0.02311119348714008,-0.023144904474978634,-0.025619104477612065,-0.02311119348714019,-0.023144904474978745,-0.025619104477612065,-0.05648581031393163,-0.0569011288755944,-0.0640938870781056,-0.05648581031393174,-0.05690112887559451,-0.06409388707810548,-0.05648581031393152,-0.0569011288755944,-0.06409388707810526,-0.03649696278784886,-0.05180346628891619,-0.036496962787848974,-0.05213005900880863,-0.03649696278784886,-0.05138903143653861
2025-04-09 00:00:00+00:00,0.0,0.0,0.0,0.0,0.0,0.0,0.0,0.0,0.0,0.0,0.0,0.0,0.0,0.0,0.0,0.022606492350944363,0.022640248441333055,0.023711956708216686,0.022606492350944363,0.022640248441333055,0.023711956708216686,0.022606492350944363,0.022640248441333055,0.023711956708216908,0.10973318101739604,0.11058868635202512,0.11016759091361417,0.10973318101739604,0.1105886863520249,0.11016759091361417,0.10973318101739604,0.11058868635202512,0.11016759091361394,0.08318653867641412,0.13936850818062085,0.08318653867641412,0.1407388051143077,0.08318653867641412,0.13704755576639482
2025-04-10 00:00:00+00:00,0.0,0.0,0.0,0.0,0.0,0.0,0.0,0.0,0.0,0.0,0.0,0.0,0.0,0.0,0.0,-0.012595698748815831,-0.012614090299266856,-0.01319736555445683,-0.012595698748815942,-0.012614090299266856,-0.013197365554456941,-0.012595698748815831,-0.012614090299266856,-0.013197365554457052,-0.03884815173880862,-0.039120862244957255,-0.03921401477197928,-0.038848151738808734,-0.039120862244957255,-0.0392140147719795,-0.038848151738808734,-0.039120862244957255,-0.03921401477197939,-0.03683539208000519,-0.02285436824069942,-0.03683539208000508,-0.023167480987787092,-0.03683539208000508,-0.021977980398815156
2025-04-11 00:00:00+00:00,0.0,0.0,0.0,0.0,0.0,0.0,0.0,0.0,0.0,0.0,0.0,0.0,0.0,0.0,0.0,0.0,0.0,0.0,0.0,0.0,0.0,0.0,0.0,0.0,0.038869573297050986,0.03915354333326637,0.03836419699123228,0.038869573297050986,0.03915354333326637,0.03836419699123228,0.03886957329705121,0.03915354333326637,0.0383641969912325,0.048120897512254235,0.0837555790555411,0.048120897512254235,0.0843233962461063,0.048120897512254235,0.08363796701074588
2025-04-12 00:00:00+00:00,0.0,0.0,0.0,0.0,0.0,0.0,0.0,0.0,0.0,0.0,0.0,0.0,0.0,0.0,0.0,0.0026033416725117497,0.00260719149161015,0.002729360274343229,0.0026033416725117497,0.00260719149161015,0.002729360274343229,0.0026033416725115277,0.00260719149161015,0.002729360274343229,0.0448503367084212,0.045165654683381184,0.0445869830364678,0.04485033670842098,0.045165654683381184,0.0445869830364678,0.0448503367084212,0.04516565468338141,0.0445869830364678,0.022673654873856863,0.06036691402612715,0.022673654873857085,0.060946147023333896,0.022673654873856863,0.059285132534942386
2025-04-13 00:00:00+00:00,0.0,0.0,0.0,0.0,0.0,0.0,0.0,0.0,0.0,0.0,0.0,0.0,0.0,0.0,0.0,-0.017137440425756267,-0.017162717353969015,-0.01796474554782801,-0.017137440425756267,-0.017162717353968904,-0.0179647455478279,-0.01713744042575638,-0.017162717353969015,-0.01796474554782801,-0.03065093798638696,-0.03085711567211069,-0.0313331129018638,-0.03065093798638696,-0.030857115672110913,-0.03133311290186369,-0.030650937986387183,-0.030857115672111135,-0.03133311290186336,-0.018035906927805767,-0.05027550714441065,-0.018035906927805656,-0.05057297688283924,-0.018035906927805656,-0.05038012756994459
2025-04-14 00:00:00+00:00,0.0,0.0,0.0,0.0,0.0,0.0,0.0,0.0,0.0,0.0,0.0,0.0,0.0,0.0,0.0,0.00904929445568392,0.0006600705609451918,0.0022173795747311154,0.026077670800638497,0.017688446905899546,0.0022173795747311154,0.026077670800638275,0.017688446905899546,0.0022173795747311154,0.029494263068677862,0.02354391063806638,-0.008089408860074032,-0.008377505609552083,-0.008435652274034644,-0.008089408860073921,-0.00837750560955186,-0.008435652274034533,-0.008089408860074032,0.010238368185950808,0.014748368384406074,0.010238368185950808,0.014764059815469688,0.010238368185950808,0.015173167600007531
2025-04-15 00:00:00+00:00,0.0,0.0,0.0,0.0,0.0,0.0,0.0,0.0,0.0,0.0,0.0,0.0,0.0,0.0,0.0,-0.03846089108820139,-0.038783335278813724,-0.046677475984768346,-0.02388004841969249,-0.024076901467812384,-0.03421385970473567,-0.023880048419692268,-0.024076901467812495,-0.03421385970473567,0.024806990498398518,0.02495123557921164,0.011819731032308933,-0.017333941669429143,-0.0174552767847882,-0.017434966301030363,-0.01733394166942892,-0.017455276784787976,-0.017434966301030252,-0.011355667477949027,-0.034333563610528306,-0.011355667477949027,-0.034612753228415394,-0.011355667477949027,-0.03381390385541716
2025-04-16 00:00:00+00:00,0.0,0.0,0.0,0.0,0.0,0.0,0.0,0.0,0.0,0.0,0.0,0.0,0.0,0.0,0.0,0.001114349085259203,0.0011240683896587278,0.0014160991508351817,-0.021216724232201,-0.021395937300439205,-0.01727515453669881,-0.021216724232201,-0.021395937300438983,-0.017275154536699144,-0.1753564430086163,-0.17635126517885358,-0.15276322511758855,0.012112138922876214,0.01219842837120022,0.012444422862034621,0.012112138922875992,0.01219842837120022,0.012444422862034399,0.0047703102889904425,-0.012886440180675085,0.0047703102889904425,-0.012963574916410425,0.0047703102889906646,-0.01392641299588604
2025-04-17 00:00:00+00:00,0.0,0.0,0.0,0.0,0.0,0.0,0.0,0.0,0.0,0.0,0.0,0.0,0.0,0.0,0.0,0.021445478789895667,0.021632315308919292,0.021312001644636425,0.001989836073573281,0.002007011266698555,0.001706504418945043,0.001989836073573059,0.002007011266698333,0.001706504418945265,-0.007464713373186216,-0.014696705611400795,0.06593237674080932,0.005135384039222979,0.005171528697015315,0.004830708958981855,0.005135384039222979,0.005171528697014871,0.004830708958981855,0.011106321743327596,0.014955399364368072,0.011106321743327818,0.01516055028783847,0.011106321743327596,0.015509590951097385
2025-04-18 00:00:00+00:00,0.0,0.0,0.0,0.0,0.0,0.0,0.0,0.0,0.0,0.0,0.0,0.0,0.0,0.0,0.0,-0.0008032599821578001,-0.0008101099341882856,-0.0007850249431807788,-0.010651875301196934,-0.010743632393451108,-0.0094605379640742,-0.010651875301196934,-0.010743632393451108,-0.00946053796407409,0.0,0.0,-0.007272824557271518,0.00711099164949025,0.007160783833989548,0.007032447509114581,0.007110991649490028,0.007160783833989548,0.007032447509114359,-0.0058320210795488325,0.005538838664526091,-0.0058320210795488325,0.005392566891715411,-0.0058320210795487215,0.00531169155282929
2025-04-19 00:00:00+00:00,0.0,0.0,0.0,0.0,0.0,0.0,0.0,0.0,0.0,0.0,0.0,0.0,0.0,0.0,0.0,0.018562934391793906,0.018721361683294857,0.018608116038057565,0.013017538185446043,0.013130891330597638,0.01387611826694779,0.013017538185446043,0.01313089133059786,0.01387611826694779,0.0,0.0,0.0,0.00636011783481405,0.006404335658776628,0.006420928338863652,0.00636011783481405,0.006404335658776628,0.006420928338863874,0.007204278810278186,0.025144008499742965,0.007204278810278186,0.025332721413352077,0.007204278810278186,0.024622836030136153
2025-04-20 00:00:00+00:00,0.0,0.0,0.0,0.0,0.0,0.0,0.0,0.0,0.0,0.0,0.0,0.0,0.0,0.0,0.0,-0.013902951010049458,-0.014019426607607022,-0.013696745070912675,-0.006675559228967454,-0.006732934772190946,-0.007563597941969813,-0.006675559228967454,-0.006732934772190835,-0.007563597941969924,0.0,0.0,0.0,0.00017654243268716563,0.00017776200852659407,0.00017163742264969528,0.00017654243268738767,0.00017776200852659407,0.00017163742264969528,0.0012030562683580381,0.0004933530763990834,0.0012030562683580381,0.00041261964811134533,0.0012030562683582602,0.0005497433445098565
2025-04-21 00:00:00+00:00,0.0035149944803387623,0.0020749944803386544,0.0,0.0028329852130855038,-0.004367014786914147,0.0,0.0,0.0,0.0,0.0,0.0,0.0,0.0,0.0,0.0,-0.028560614594751565,-0.03472231738357412,0.0034120905790833156,-0.028669053693011093,-0.0347697367921157,-0.006727800513046556,-0.028669053693011093,-0.03476973679211581,-0.006727800513046334,0.0,0.0,0.0,-0.03253741578097347,-0.04136956840407202,0.009203887204259908,-0.032537415780973244,-0.04136956840407191,0.009203887204259908,0.027527626479061373,-0.0007045125889263426,0.02752762647906115,-0.00057483341933251,0.02752762647906115,-0.0012110694117303256
2025-04-22 00:00:00+00:00,0.012565588635425673,0.012583645614928196,0.010850700649373879,0.10003138857451876,0.10075477360538132,0.0915174851546583,0.0,0.0,0.0,0.0,0.0,0.0,0.0,0.0,0.0,0.07199301177026518,0.07245258997260162,0.06310212647226399,0.07198843175630487,0.07244334288408472,0.06249378244622439,0.07198843175630487,0.07244334288408472,0.062493782446223944,0.0,0.0,0.0,0.020150797726114167,0.020336388691612806,0.009597835574236768,0.020150797726113723,0.020336388691612806,0.009597835574236768,0.06817743227508233,0.09122948751066984,0.0681774322750821,0.09197651563425602,0.06817743227508233,0.08802765528152268
2025-04-23 00:00:00+00:00,0.0005237109713345234,0.0005244542009905651,0.0005123898357515255,0.03058450634245058,0.030785436034043157,0.030061649800422252,0.0,0.0,0.0,0.0,0.0,0.0,0.0,0.0,0.0,0.0037179272262173324,0.00374005775862285,6.422349689438889e-05,0.0037177065846947244,0.0037396126612290193,9.592114087331183e-05,0.0037177065846947244,0.0037396126612290193,9.592114087375592e-05,0.0,0.0,0.0,-0.018914159145322573,-0.01908488852054957,-0.01971481483750359,-0.018914159145322573,-0.01908488852054957,-0.019714814837503147,0.002693576042554824,0.0357309736834901,0.002693576042554602,0.035904012324411205,0.002693576042554602,0.03573960116981523
2025-04-24 00:00:00+00:00,0.0005841739734584461,0.0005850025752245358,0.0005715522676743579,0.027031175567398424,0.027203457328317304,0.026239353486302353,0.0,0.0,0.0,0.0,0.0,0.0,0.0,0.0,0.0,0.020446059271665762,0.020567308598542722,0.021470104847961746,0.020444850388330993,0.020564870040243877,0.021939006599668298,0.020444850388331215,0.020564870040243877,0.021939006599668298,0.0,0.0,0.0,0.01937697445637876,0.019555284478466328,0.020327230904336746,0.01937697445637898,0.019555284478466328,0.020327230904336746,0.0029980503711719564,0.023810779422875905,0.0029980503711719564,0.023992691306979008,0.0029980503711719564,0.022935183003654824
2025-04-25 00:00:00+00:00,0.0014268216622386198,0.001428844305796817,0.001396011258345764,0.011806362720894192,0.011879617171919765,0.011423462180055077,0.0,0.0,0.0,0.0,0.0,0.0,0.0,0.0,0.0,-0.009069162643573603,-0.009121860780144764,-0.00898214204854697,-0.009068637168128113,-0.009120801042155624,-0.009546817338797808,-0.009068637168127891,-0.009120801042155513,-0.009546817338797697,0.0,0.0,0.0,0.0033573463118432567,0.0033876485807802226,0.0024429898526283633,0.0033573463118430347,0.0033876485807804446,0.0024429898526283633,0.007304995556357108,0.025903180929108816,0.007304995556357108,0.025880839931613497,0.007304995556357108,0.025574050955330385
2025-04-26 00:00:00+00:00,-8.743771458563643e-05,-8.756148828248378e-05,-8.55522401961295e-05,0.002230212176483448,0.0022438874251209384,0.0022569945438410954,0.0,0.0,0.0,0.0,0.0,0.0,0.0,0.0,0.0,-0.017261364226436426,-0.017362588096519027,-0.01670435092474576,-0.017260354934556132,-0.01736055241977974,-0.017194980141072125,-0.017260354934556243,-0.01736055241977974,-0.017194980141072236,0.0,0.0,0.0,0.004843041994020858,0.004886606068434718,0.006100697534003663,0.004843041994020858,0.004886606068434718,0.006100697534003663,-0.00044504844798431975,0.013031338241577428,-0.0004450484479845418,0.013078825212193834,-0.00044504844798443077,0.012909348446351832
2025-04-27 00:00:00+00:00,-0.0018382612259562059,-0.001840863630574896,-0.0017986182523477279,0.0014616171702219738,0.0014705594708996905,0.0013725622570985863,0.0,0.0,0.0,0.0,0.0,0.0,0.0,0.0,0.0,-0.03517864317302477,-0.03538858240832332,-0.034805098281864066,-0.035176550110166294,-0.03538435996991618,-0.03474909958407835,-0.03517655011016607,-0.03538435996991607,-0.034749099584078014,0.0,0.0,0.0,-0.05785554701092499,-0.058373437818932894,-0.0592221020350262,-0.05785554701092488,-0.058373437818933005,-0.059222102035026314,-0.00935989700278772,-0.036613557318960765,-0.009359897002787831,-0.036610164185977845,-0.009359897002787942,-0.03665801982338124
2025-04-28 00:00:00+00:00,0.0026229960125412344,0.0026267162052591164,0.0025663279375160997,0.0038056089242211044,0.0032117846939039296,0.0037961142485836152,0.0009822696047028234,-0.00045773039529728443,0.0,-0.0022854886719784195,-0.009485488671978182,0.0,-0.0022854886719784195,-0.009485488671978515,0.0,-0.00744157848677951,-0.01910385782514845,0.009867828084028973,-0.007441153949156565,-0.019102098091811848,0.009439438557562685,-0.007441153949156676,-0.01910209809181207,0.009439438557562463,0.0,0.0,0.0,0.03114857692775863,0.031444686677880584,0.030761900617182425,0.03114857692775863,0.031444686677880584,0.030761900617182647,0.013456945292612321,0.01768485996792668,0.0134569452926121,0.017695887638941254,0.013456945292612321,0.018053292917781016
2025-04-29 00:00:00+00:00,-0.0015992828716798746,-0.0016015451905664335,-0.00156481987791679,-0.007096659954728413,-0.007146149758274545,-0.007667981803487267,-0.0014793058349239496,-0.0014814370108301445,-0.0029010780686042903,-0.007826311557611487,-0.007883200621396691,-0.014917769509576684,-0.00782631155761182,-0.007883200621396469,-0.014917769509576462,-0.0121211455775464,-0.01226528688088624,-0.02358677743648363,-0.012121140117294149,-0.01226526431370456,-0.023501764170272277,-0.012121140117294149,-0.012265264313704338,-0.023501764170272166,0.0,0.0,0.0,-0.016271602420692588,-0.01642157051713511,-0.016805555767045455,-0.016271602420692588,-0.01642157051713511,-0.016805555767045788,-0.008117204743095852,-0.02486560567719953,-0.008117204743095852,-0.02499596184214159,-0.00811720474309574,-0.025023619760859983
2025-04-30 00:00:00+00:00,-0.0001838587467216657,-0.00018411924744321517,-0.00017989055966871614,-0.00415461559872643,-0.004174149943933503,-0.004182111628885932,-0.0001700453631728882,-0.00017029070408647318,-0.00016819175346605153,-0.004408842545759906,-0.004441144845255596,-0.004364432332574664,-0.004408842545759906,-0.004441144845255929,-0.004364432332574553,-0.00653789241238123,-0.006616604644818391,-0.006502547903895484,-0.006537889431098787,-0.00661659231960432,-0.006502121870926358,-0.006537889431098787,-0.00661659231960432,-0.006502121870926247,0.0,0.0,0.0,-0.005534569663457112,-0.005586430965639488,-0.005798780066270104,-0.00553456966345689,-0.005586430965639488,-0.005798780066270326,-0.0009393123597065678,-0.0012807179010073666,-0.0009393123597064568,-0.0012992013477404196,-0.0009393123597065678,-0.00170737243000052
2025-05-01 00:00:00+00:00,0.004864565569335122,0.0048714592103829,0.004759555720210029,0.01622330740738276,0.016318886285578094,0.016374270890476383,0.004499026591525457,0.004505518878479053,0.004449975902544034,0.017428516766762936,0.01755678004608341,0.017421787746627837,0.017428516766763158,0.01755678004608363,0.017421787746627837,0.02176125459818845,0.022024991860756682,0.02178743493975266,0.02176124460974127,0.022024950559987433,0.021785998131518935,0.021761244609741937,0.02202495055998721,0.021785998131518935,0.0,0.0,0.0,0.00782638575708261,0.007900134354886346,0.00767676600918854,0.00782638575708261,0.007900134354886346,0.0076767660091889844,0.024871276565698874,0.00836916430428003,0.024871276565698874,0.004882648324285643,0.024871276565698874,0.0173166360765733
2025-05-02 00:00:00+00:00,0.0008366440803111441,0.0008378239521500408,0.000818669259476712,-0.008448402800969701,-0.008466468778782765,-0.008605973535843359,0.0007740575531618443,0.0007751695410902482,0.0007656557695507882,-0.008764904767937787,-0.008828296185007245,-0.008874859247393063,-0.008764904767937898,-0.008828296185007245,-0.008874859247393174,-0.008436664712023534,-0.008536710045937257,-0.008532448083013788,-0.00843666092205686,-0.00853669438306448,-0.008531897394000287,-0.008436660922057082,-0.008536694383064591,-0.008531897394000287,0.0,0.0,0.0,0.01823548935143493,0.018405976809786395,0.01715976039178524,0.01823548935143471,0.018405976809786173,0.01715976039178524,0.004194043863049668,0.0018315255787393347,0.004194043863049668,0.0018409377139976257,0.004194043863049668,-0.001761153912520852
2025-05-03 00:00:00+00:00,-0.0022063339788315206,-0.002209442842205256,-0.002158970926488424,-0.010500136480275146,-0.01054212675984445,-0.010600544801719347,-0.0020414132194904733,-0.002044343581134478,-0.002019272243081849,-0.011065385972975905,-0.011146128238396225,-0.011098297481960784,-0.011065385972975794,-0.011146128238396114,-0.011098297481960673,-0.0161243709257608,-0.016317226497194692,-0.01617814540448026,-0.01612436362064784,-0.0163171963011135,-0.016177092272635085,-0.01612436362064784,-0.0163171963011135,-0.016177092272634974,0.0,0.0,0.0,-0.015507671330056816,-0.015650035487674296,-0.013717096633343528,-0.015507671330056816,-0.015650035487673852,-0.013717096633343528,-0.011023234235164603,-0.03254859374790586,-0.011023234235164603,-0.032789743762655865,-0.011023234235164603,-0.032907592258686
2025-05-04 00:00:00+00:00,-0.003287970236172222,-0.0032926134519969397,-0.003217235139751695,-0.013799523866028007,-0.013873585151619294,-0.013939305356212683,-0.0030416957449784787,-0.0030460709138907527,-0.0030086390475975167,-0.014782912613251598,-0.014891996914627947,-0.014786681835554316,-0.014782912613251487,-0.01489199691462828,-0.014786681835554316,-0.017784931492365152,-0.01800117672427981,-0.017804278510559435,-0.017784923302888722,-0.01800114285935972,-0.017803100466700306,-0.017784923302888722,-0.018001142859359498,-0.01780310046670064,0.0,0.0,0.0,-0.04075647849924524,-0.04113658141156673,-0.04150929292950356,-0.04075647849924524,-0.04113658141156673,-0.04150929292950345,-0.016573732077366454,-0.030099658258500805,-0.016573732077366343,-0.030302408993014285,-0.016573732077366343,-0.03099448939405014
2025-05-05 00:00:00+00:00,0.000958097378899625,0.000959454857426989,0.0009374190135476024,0.010702102213181464,0.010728299781225914,0.01086608846170467,0.00088611532907934,0.0008873938098918899,0.0008764560982144065,0.011114793146084656,0.010879995149070343,0.011194428381817945,0.011114793146084656,0.010879995149070565,0.011194428381817945,0.0038175625842173933,-0.002211532241568115,0.010226560090936587,0.0105088527095063,0.007369578092454532,0.01022587117204199,0.0105088527095063,0.00736957809245431,0.010225871172042211,0.0,0.0,0.0,-0.02057883946413086,-0.027384623078337222,-0.0038212980201232094,-0.02057883946413086,-0.02738462307833711,-0.0038212980201236535,0.004894744016153085,-0.002640936562039675,0.004894744016153307,-0.0026736074077132743,0.004894744016153085,-0.00215511066312013
2025-05-06 00:00:00+00:00,0.00436684474384208,0.0043730259692624784,0.004272684542472982,0.001671058513772472,0.001706224120535449,0.0015833765760522311,0.004039053276230664,0.004044875626479927,0.003995063535226606,0.001839622533644114,0.0018400501551976145,0.0018548172276782182,0.001839622533644114,0.0018400501551976145,0.0018548172276782182,0.004200243538942994,0.00422562284886796,-0.0013306515759374804,0.001524266953225828,0.0015290168642121404,-0.0012805269943043651,0.001524266953225828,0.0015290168642123625,-0.0012805269943043651,0.0,0.0,0.0,-0.006498717842991275,-0.006544147028712866,-0.013249953002294479,-0.006498717842991164,-0.006544147028712866,-0.013249953002294146,0.022222013450504896,0.006786959295711048,0.022222013450504896,0.006868127963334025,0.022222013450504896,0.006333905861010347
2025-05-07 00:00:00+00:00,0.00045261362504644964,0.00045325150567454564,0.0004428956540158957,-0.00241324012260824,-0.002425224314105523,-0.002446707594925046,0.0004187754516886688,0.0004193766902642615,0.00041423267423557064,-0.002627969507977501,-0.002628579259367436,-0.0026629759763033833,-0.0026279695079778342,-0.002628579259367325,-0.0026629759763033833,-0.0022329356205549322,-0.002246371009404835,-0.002272364359976242,-0.0004920885535166786,-0.0004936196556567518,-0.0004755527235021928,-0.0004920885535166786,-0.0004936196556567518,-0.0004755527235021928,0.0,0.0,0.0,-0.007428593594929533,-0.007480865135236936,-0.007457988678874039,-0.007428593594929422,-0.007480865135237158,-0.007457988678874039,0.002263030548485867,0.0014360183332018384,0.002263030548485867,0.0014401132094363778,0.002263030548485645,0.0016945404040582535
2025-05-08 00:00:00+00:00,0.012789184525376918,0.01280720050339812,0.012514712222816415,0.11945070404765068,0.12003929520058487,0.12107351371754871,0.011833443326640714,0.011850425554433608,0.011705130072465764,0.12647401624298538,0.12650343855977653,0.12572960927840104,0.1264740162429856,0.1265034385597763,0.12572960927840104,0.13628548591528822,0.13710735061922286,0.13576571822764483,0.13705525423246168,0.13748190351468925,0.13651157839749462,0.13705525423246168,0.13748190351468925,0.13651157839749506,0.0,0.0,0.0,0.11530841750150089,-0.01453701231149529,0.11558405495754243,0.11530841750150067,-0.014537012311495068,0.11558405495754243,0.0638293553813829,0.13610852866937018,0.0638293553813829,0.1370491346149887,0.0638293553813829,0.1374628548504424
2025-05-09 00:00:00+00:00,-0.0005432711836468318,-0.000544026806143072,-0.0005317559965316576,0.01728724573398055,0.017417879286646176,0.01763903522975241,-0.0005031471030766399,-0.0005038607151429675,-0.0004977544633284481,0.018141947595105457,0.01814569410551492,0.018296178806102903,0.018141947595105234,0.018145694105515142,0.018296178806102903,0.018672452936026263,0.018771479253492762,0.018822614425445527,0.023274846096829505,0.023338542902228143,0.02351845608928005,0.023274846096829727,0.023338542902228365,0.02351845608928005,0.0,0.0,0.0,0.01160591284505541,0.0,0.011412331957893374,0.011605912845055633,0.0,0.011412331957893374,-0.0025813171060851126,0.04124582924240139,-0.0025813171060851126,0.04152664359281233,-0.0025813171060852236,0.041758009027205834
2025-05-10 00:00:00+00:00,0.003740764486749315,0.003745970255932818,0.0036614329812072466,0.04423372620118826,0.044456747818277575,0.04478713608324236,0.0034643458252623383,0.0034692617737770437,0.003427197101659285,0.04630335611512604,0.04631274784465478,0.04635439295343691,0.04630335611512626,0.04631274784465478,0.046354392953436685,0.05154125486601657,0.05180955906244655,0.051759978278100416,0.07724237139642787,0.07744894132554836,0.07767586770980883,0.07724237139642764,0.07744894132554836,0.07767586770980883,0.0,0.0,0.0,0.0505970322622713,0.0,0.05009645978006283,0.0505970322622713,0.0,0.05009645978006305,0.017810313072645245,0.09285358421155432,0.017810313072645245,0.09307252493068918,0.017810313072645023,0.092109221034258
2025-05-11 00:00:00+00:00,-0.0013888904967098714,-0.001390816108486237,-0.0013595433353436048,-0.02199410288581294,-0.022096228848768273,-0.02225716838757319,-0.0012866146571234305,-0.0012884340668332106,-0.0012728652084440517,-0.02339869422238261,-0.023403230119673823,-0.023420572402845452,-0.02339869422238272,-0.023403230119673935,-0.02342057240284523,-0.023881794206870977,-0.023999990080625144,-0.023942839638621205,-0.03120863568468235,-0.03128609784179481,-0.03128812790767088,-0.03120863568468235,-0.031286097841795035,-0.031288127907671104,0.0,0.0,0.0,-0.047529003387547064,0.0,-0.04769637137300142,-0.04752900338754695,0.0,-0.047696371373001534,-0.006521295932625959,-0.03694298510415939,-0.006521295932625848,-0.03710299613951262,-0.006521295932625959,-0.03871338796811297
2025-05-12 00:00:00+00:00,-0.0025667660999730835,-0.00282653702815705,-0.002663578316904225,0.00608271327680221,0.005885135902412575,0.006183904723961575,-0.002520514473770441,-0.0025240833470672186,-0.0024935445862086514,0.0071578184313387805,0.006907883939831105,0.00752174219848345,0.0071578184313387805,0.006907883939831105,0.00752174219848345,0.005377807933723,0.0022172073754647137,-0.0024615322640104687,0.0052952556609691115,0.002045218855617481,-0.005793006436544679,0.0052952556609691115,0.002045218855617703,-0.005793006436544457,0.0,0.0,0.0,-0.007654695765317632,0.0,-0.007515336404251949,-0.007654695765317632,0.0,-0.00751533640425206,-0.012842717165996165,0.020195153111600472,-0.012842717165996165,0.020321691251712126,-0.012842717165996165,0.019519381135628455
2025-05-13 00:00:00+00:00,0.0023062706016288015,0.0023068714016072356,0.0021280145765294467,0.0311154657087247,0.03120271373076,0.03127859878317829,0.002514489149126664,0.0025180585003228284,0.0024875164758901835,0.03255345202655335,0.032565398832816506,0.0323646961208619,0.03255345202655335,0.032565398832816506,0.0323646961208619,0.03266872840187762,0.03285647271946157,0.029380611919714195,0.03221830212488097,0.03236444913531766,0.029000654450113572,0.03221830212488119,0.03236444913531766,0.02900065445011335,0.0,0.0,0.0,0.014788671419463828,0.0,0.01479080231986507,0.014788671419463828,0.0,0.01479080231986507,0.012945985227072798,0.022349745771846674,0.012945985227072798,0.022445870859297168,0.01294598522707302,0.02284064410189357
2025-05-14 00:00:00+00:00,-0.00101260740865583,-0.0010128705929920434,-0.0010233298925113044,-0.020533397654966534,-0.02059133311504935,-0.020806682034946955,-0.0011038000073736454,-0.0011053629308104274,-0.0010919890352457662,-0.021704020615003428,-0.021712515334333826,-0.021568268295192428,-0.021704020615003317,-0.021712515334333937,-0.02156826829519265,-0.02177457344698497,-0.02191370635112677,-0.021584498040592925,-0.0213879674360532,-0.02149091195710129,-0.021297502472579,-0.021387967436053312,-0.02149091195710129,-0.02129750247257889,0.0,0.0,0.0,-0.02817243511281886,0.0,-0.028059805390790005,-0.02817243511281886,0.0,-0.028059805390790005,-0.005624450572192297,-0.03929475398330451,-0.005624450572192297,-0.03953623897715419,-0.005624450572192297,-0.03987481500458134
2025-05-15 00:00:00+00:00,0.000417184183749697,0.00041729272301549436,0.0004216062657302899,-0.024251809439961414,-0.024358011342741626,-0.02458115775777836,0.00045479614375154576,0.00045544082405735153,0.00044992437652413564,-0.0261613369275,-0.026172090745147147,-0.02633969680116044,-0.0261613369275,-0.02617209074514726,-0.02633969680116044,-0.02700627385370813,-0.027142923806887098,-0.026255347782653815,-0.026728065648693233,-0.026839616880812933,-0.026049035269232523,-0.02672806564869301,-0.026839616880812933,-0.026049035269232856,0.0,0.0,0.0,-0.047882861978426394,0.0,-0.0480848321042715,-0.047882861978426394,0.0,-0.0480848321042715,0.002327964801519755,-0.04779453706857639,0.002327964801519755,-0.04807457591981168,0.002327964801519755,-0.04820973484808011
2025-05-16 00:00:00+00:00,-0.000495464531006462,-0.0004955933827871517,-0.0005007141581886421,-0.006240613869359257,-0.006256553804137921,-0.006318829240376189,-0.0005401136845374355,-0.000540878955192059,-0.0005343305994643943,-0.006618786478922001,-0.006621642339524003,-0.006526419665807803,-0.006618786478922334,-0.006621642339523892,-0.006526419665807692,-0.006612831742602632,-0.006662092909822337,-0.006533611509370929,-0.006463724099105339,-0.006498829335856771,-0.006423274523296718,-0.006463724099105228,-0.006498829335856771,-0.006423274523296607,0.0,0.0,0.0,-0.012072975255752905,0.0,-0.012075684344515447,-0.012072975255752905,0.0,-0.012075684344515447,-0.002759512972938749,-0.014073229758203798,-0.002759512972938638,-0.014237236967107325,-0.002759512972938638,-0.014830046003109998
2025-05-17 00:00:00+00:00,-0.0005866826407393555,-0.000586835290588561,-0.0005929018710778555,-0.007175920481816034,-0.007200245376521086,-0.007265075261284504,-0.0006395805527411591,-0.0006404872453873445,-0.0006327287986293006,-0.007476857096798795,-0.00747938606588594,-0.007616466327618143,-0.007476857096798684,-0.00747938606588594,-0.007616466327618032,-0.007637390906584218,-0.00766796090640709,-0.007611854802205276,-0.007606140809472528,-0.007634296391023199,-0.007588191347420725,-0.00760614080947275,-0.007634296391023199,-0.007588191347420503,0.0,0.0,0.0,-0.026352739998065533,0.0,-0.026643877250856707,-0.026352739998065422,0.0,-0.026643877250856818,-0.0032749748961424796,-0.02573886200664388,-0.0032749748961424796,-0.025875072150813527,-0.0032749748961424796,-0.0259582603423687
2025-05-18 00:00:00+00:00,0.0057365544452159245,0.005738047924473522,0.005797401854779061,0.0253422363633502,0.025453700747116503,0.025557769010641662,0.006254118690686594,0.00626299043897971,0.006187076605165709,0.02714432371127118,0.027156497701485316,0.027061173184979692,0.0271443237112714,0.027156497701485316,0.02706117318497947,0.02745464829988853,0.027648096332073102,0.027043082171640087,0.026901449107572972,0.02704259430827305,0.02663042405477256,0.026901449107573194,0.02704259430827327,0.02663042405477256,0.0,0.0,0.0,0.030529336909279614,0.0,0.03061591623813209,0.030529336909279392,0.0,0.030615916238132312,0.03210891472917066,0.05289760537473431,0.03210891472917066,0.05310717365639239,0.03210891472917066,0.05290240758231746
2025-05-19 00:00:00+00:00,-0.0014762098934686385,-0.0014765920236206043,-0.001491777741241096,-0.013078626797969783,-0.013144489310786267,-0.013239309669265786,-0.0016085689270394221,-0.0017676406382338694,-0.0015914316295094766,-0.014309135912047966,-0.014315985053009017,-0.014160766492801957,-0.014309135912047966,-0.014315985053009128,-0.014160766492801735,-0.014486492987604072,-0.014701560414250081,-0.01414122795004591,-0.0141353511426342,-0.01421386602990704,-0.013879745275206967,-0.014135351142633978,-0.01421386602990704,-0.013879745275206856,0.0,0.0,0.0,-0.051238487731903315,0.0,-0.029827602084556926,-0.051238487731903426,0.0,-0.029827602084557148,-0.008051583934625794,-0.029221723878818606,-0.008051583934625794,-0.029356418759864167,-0.008051583934625683,-0.029784541971848544
2025-05-20 00:00:00+00:00,0.002185064111320578,0.0021856305711656088,0.0022081418368165018,0.0025990091698497864,0.0026126147806215805,0.002596800025438828,0.002381295652575055,0.0021455899412550217,0.002355885476096997,0.0027181828036011435,0.0027194733823441286,0.0026495759025451093,0.0027181828036011435,0.0027194733823441286,0.0026495759025446652,0.0025485610213851206,0.002694750767329168,0.002673325375962321,0.0024219349127962975,0.002441637764438287,0.002577929402589607,0.0024219349127958534,0.002441637764438065,0.002577929402589385,0.0,0.0,0.0,-0.006964515021612772,0.0,-0.007565327227391783,-0.0069645150216126606,0.0,-0.007565327227391561,0.011996836090833796,0.012151362201635818,0.011996836090834018,0.012216099020350812,0.011996836090833796,0.012189647566725137
2025-05-21 00:00:00+00:00,0.004846162719264857,0.00484741630709018,0.0048972330752314885,0.017048135469712733,0.017122602338509374,0.01717288243557724,0.0052803425740839405,0.004758802041140653,0.005224129864894733,0.018148468456214095,0.018156328400434463,0.018121411244286678,0.018148468456213873,0.018156328400434685,0.0181214112442869,0.018292364323267085,0.01844314057268015,0.01811962142605017,0.01792849360051596,0.01802124145522055,0.017847476258518125,0.01792849360051596,0.01802124145522077,0.017847476258518125,0.0,0.0,0.0,0.0,0.0,0.027832797484662164,0.0,0.0,0.027832797484662164,0.026349313512576744,0.03013771107015928,0.026349313512576744,0.030256386546366087,0.026349313512576744,0.030934771032795405
2025-05-22 00:00:00+00:00,0.003464281979765449,0.0034651737847350983,0.003500611735424597,0.017467025672028846,0.017537633767769956,0.01765549634693664,0.003773025407266095,0.003402127931672938,0.003733067821331648,0.01830251831258045,0.018309089438329318,0.018519814484914576,0.018302518312580895,0.018309089438329096,0.018519814484914576,0.018475258629259583,0.01862794610825924,0.018529855175855703,0.018271201019221195,0.01834925676985799,0.01837565589390655,0.018271201019221195,0.01834925676985799,0.01837565589390633,0.0,0.0,0.0,0.0,0.0,-0.007153130170055366,0.0,0.0,-0.007153130170055255,0.018441189452572004,0.051248104941958195,0.018441189452572004,0.05155699933793212,0.018441189452572004,0.05330679894215673
2025-05-23 00:00:00+00:00,-0.007496712822730789,-0.007498636026154526,-0.007575056233521726,-0.04322553925194583,-0.043351225574089436,-0.0435922341114241,-0.008162322826242518,-0.007362667383645216,-0.008076202622670947,-0.04553155415860455,-0.04554967456637449,-0.04544789853620168,-0.04553155415860455,-0.045549674566374265,-0.0454478985362019,-0.046122423180082195,-0.04621005887349339,-0.04542259038087948,-0.04542549817988362,-0.04563443124850197,-0.0449059127068665,-0.045425498179883506,-0.045634431248502194,-0.04490591270686628,0.0,0.0,0.0,0.0,0.0,0.0,0.0,0.0,0.0,-0.039319911570208754,-0.07563214966280773,-0.039319911570208754,-0.0760454305025875,-0.039319911570208865,-0.07654436134144282
2025-05-24 00:00:00+00:00,0.0007985053633046135,0.0007987117592085369,0.0008069137323896136,0.007123467754852175,0.007154133015216724,0.007199735021164111,0.0008699856361156222,0.0007841217367197117,0.0008607317307705031,0.007689005098609147,0.007692476652575664,0.007673354431796842,0.007689005098609369,0.007692476652575664,0.007673354431797064,0.007860770712208698,0.007813454211785142,0.0076565377392405765,0.007725837499319432,0.007764056850351864,0.007556487575240078,0.007725837499319432,0.007764056850351864,0.007556487575240078,0.0,0.0,0.0,0.0,0.0,0.0,0.0,0.0,0.0,0.004326858170825343,0.008774084736430154,0.004326858170825343,0.008833468688558277,0.004326858170825121,0.009469718018805917
2025-05-25 00:00:00+00:00,0.002155601574727495,0.002156158305197664,0.0021782820486198062,0.0030062439333988777,0.0030224510542464778,0.0029879295753518775,0.0023483980946272798,0.0021168027430529257,0.0023234400222531537,0.003089125566535955,0.0030902262108272183,0.00318369854436229,0.003089125566535733,0.0030902262108272183,0.00318369854436229,0.00315719646754431,0.003275804570064045,0.003180811279368756,0.0031376216318936834,0.003149809879549048,0.003165159415742247,0.0031376216318936834,0.003149809879549048,0.003165159415742469,0.0,0.0,0.0,0.0,0.0,0.0,0.0,0.0,0.0,0.01163951503427696,0.0039433918962874515,0.01163951503427696,0.00401181419370733,0.01163951503427696,0.003888317668525376
2025-05-26 00:00:00+00:00,0.000712559535459345,0.0007127431733329193,0.0007200405379883534,-0.006223250002676095,-0.006237203582023398,-0.006313849558791329,0.0004969696407979285,0.0006997612153631927,0.0007679119067769413,-0.006756322478441379,-0.00675956466572003,-0.006619767418897249,-0.006756322478440935,-0.006759564665719808,-0.006619767418897249,-0.014811485495546672,-0.020542263621568968,-0.006602298750855939,-0.006759248408321761,-0.006794922213385068,-0.006496583036371795,-0.006759248408321872,-0.006794922213384846,-0.006496583036371684,0.0,0.0,0.0,0.0,0.0,0.0,0.0,0.0,0.0,0.0038115087683776583,0.0019285676775864236,0.0038115087683776583,0.0018945224194739652,0.0038115087683776583,0.0009340054852722268
2025-05-27 00:00:00+00:00,-0.0008323492937839516,-0.0008325636505935874,-0.0008410816544283106,0.01673842230498268,0.016750037960694186,0.016994733868665124,-0.0008015826653225977,-0.0008174098774273997,-0.0009756093622560469,0.017381975240156722,0.017388521334442242,0.017198972933486933,0.017381975240156722,0.017388521334441798,0.017198972933486933,0.007880702194770661,0.007926807250172363,0.002008222740301102,0.017116389482330963,0.01719795600679297,0.017032861746677508,0.017116389482330963,0.01719795600679297,0.017032861746677508,0.0,0.0,0.0,0.0,0.0,0.0,0.0,0.0,0.0,-0.00443852389527466,0.005819457881347523,-0.004438523895274549,0.005847956332997173,-0.004438523895274771,0.006320978341327388
2025-05-28 00:00:00+00:00,-0.0019874821533958364,-0.00198799442069697,-0.0020083508207607847,-0.010429864506703135,-0.010484949108553132,-0.010531555297078277,-0.0019139587179307638,-0.0019517806590141351,-0.0019079673179832612,-0.011382105938249065,-0.01138752745121252,-0.011306556781878419,-0.011382105938248954,-0.011387527451212298,-0.011306556781878419,-0.013074681480488404,-0.01315057169031264,-0.013191130268601747,-0.011301354074450654,-0.01136255856726509,-0.011089855153098793,-0.011301354074450654,-0.01136255856726509,-0.011089855153098904,0.0,0.0,0.0,0.0,0.0,0.0,0.0,0.0,0.0,-0.01063668912186888,-0.011293686173304507,-0.01063668912186877,-0.011330433410450813,-0.01063668912186888,-0.011449504442959335
2025-05-29 00:00:00+00:00,-0.0038598207324623823,-0.0038608175708784165,-0.003900430612478578,-0.01813390109863311,-0.018203494238971718,-0.018307051052199985,-0.0037167595840860157,-0.003790350497483441,-0.0037051025081332734,-0.01922722137906674,-0.01923527935490199,-0.019186058762537983,-0.01922722137906685,-0.01923527935490188,-0.019186058762538205,-0.0308334062736747,-0.031014759483853016,-0.031309198981112285,-0.01896885724420805,-0.019065314225100716,-0.018920489701295562,-0.01896885724420805,-0.01906531422510105,-0.01892048970129545,0.0,0.0,0.0,0.0,0.0,0.0,0.0,0.0,0.0,-0.020837736920730987,-0.03715507950572661,-0.020837736920730987,-0.03739914742122952,-0.020837736920730987,-0.03770584270719257
2025-05-30 00:00:00+00:00,-0.0026547802042128366,-0.0026554684858439703,-0.002682821003581526,-0.042030928614509744,-0.04216052337375076,-0.042564029174755214,-0.0025560158295481195,-0.0026068168596200536,-0.0025479694449087598,-0.04477608254957299,-0.04479544336168406,-0.04447195454672481,-0.04477608254957299,-0.04479544336168406,-0.0444719545467247,-0.061843117395343095,-0.062218503293348104,-0.0626380565107858,-0.04440598114393279,-0.04463241699117193,-0.04384324284337293,-0.044405981143932904,-0.04463241699117193,-0.04384324284337304,0.0,0.0,0.0,0.0,0.0,0.0,0.0,0.0,0.0,-0.014580679945493391,-0.08818303372039349,-0.014580679945493502,-0.08864358547599915,-0.014580679945493613,-0.090001678262153
2025-05-31 00:00:00+00:00,0.0010593469726305482,0.0010596223515093595,0.0010705662981616015,0.006194982717672826,0.0062194017875125684,0.006239052563541403,0.0010198356596096136,0.0010401579558159124,0.0010166169972236627,0.006690343362140139,0.006693630055055744,0.006656496619481755,0.006690343362140583,0.006693630055055522,0.006656496619481755,-0.007159920594826952,-0.014406472004328541,0.0028866144613348688,0.0067566942770220795,0.006792063275995908,0.0065431821246513255,0.0067566942770220795,0.00679206327599613,0.00654318212465177,0.0,0.0,0.0,0.0,0.0,0.0,0.0,0.0,0.0,0.005888597550437247,0.012242055293156584,0.005888597550437247,0.01237702392164608,0.005888597550437247,0.012068660158905287
2025-06-01 00:00:00+00:00,0.0018173516088433317,0.0018178235321362202,0.0018365782219418314,0.008781268895769356,0.008804853718728634,0.008857381581574453,0.0017496374467425024,0.00178446629785034,0.0017441210942503726,0.009294651432403267,0.009298962890476714,0.009157849425669218,0.009294651432403267,0.009298962890476714,0.009157849425668996,0.0,0.0,0.009861219051407799,0.009056181529474294,0.009109030350090253,0.008998295326048344,0.009056181529474072,0.00910903035009003,0.008998295326048122,0.0,0.0,0.0,0.0,0.0,0.0,0.0,0.0,0.0,0.01005362180084135,0.01041434170647415,0.01005362180084135,0.00543166115372018,0.01005362180084135,0.008610176869498165
2025-06-02 00:00:00+00:00,0.000356924302098216,0.00035701681873079316,0.00036069344897948774,0.005206778960137104,0.005212636403264748,0.005263422507590487,0.00034364860074243,0.0003504771959705888,0.00034256701308676973,0.005245451767445175,0.005246919319349175,0.005381435610728236,0.005245451767444953,0.005246919319349175,0.005381435610728458,0.0,0.0,0.0037842825060021568,-0.0010389818380356353,-0.0038869719181449103,0.005401825547666439,-0.0010389818380354132,-0.0038869719181446882,0.005401825547666439,0.0,0.0,0.0,0.0,0.0,0.0,0.0,0.0,0.0,0.001958410920780418,0.01280547999967152,0.001958410920780418,0.012793278662619478,0.001958410920780418,0.007882351976515212
2025-06-03 00:00:00+00:00,-0.0007879179853630403,-0.0007881221449086429,-0.0007962354571807717,-0.0038610541380266206,-0.0038569370024228444,-0.003918885128189942,-0.0007586216600101725,-0.0007736908478036542,-0.0007562348182317269,-0.003912196750957442,-0.003913846176832214,-0.003707340961675909,-0.003912196750957442,-0.003913846176831992,-0.00370734096167602,0.0,0.0,-0.023054756407480115,-0.005896912745447902,-0.005956371911867375,-0.008692268008020032,-0.005896912745447902,-0.005956371911867375,-0.008692268008020032,0.0,0.0,0.0,0.0,0.0,0.0,0.0,0.0,0.0,-0.004316323676685885,-0.002843220858883999,-0.004316323676685996,-0.002830537244253195,-0.004316323676685996,-0.002663295482185579
2025-06-04 00:00:00+00:00,-0.0011979200741720764,-0.001198230715283466,-0.0012105757139575513,-0.009141792652925917,-0.009181596780577728,-0.009230964882971815,-0.0011533452571594882,-0.0011762729355109247,-0.00114971375522821,-0.00995617643179536,-0.009961145714657671,-0.00986222033800166,-0.009956176431795138,-0.009961145714657893,-0.00986222033800166,0.0,0.0,0.0013356182977204423,-0.018707721197449123,-0.01880494059600979,-0.018909050695523066,-0.0187077211974489,-0.01880494059601001,-0.018909050695523066,0.0,0.0,0.0,0.0,0.0,0.0,0.0,0.0,0.0,-0.006585626900584507,-0.030085102981126877,-0.006585626900584507,-0.030106290857436546,-0.006585626900584507,-0.030073041702349146
2025-06-05 00:00:00+00:00,-0.005497621973606481,-0.00549904931105194,-0.005555772975402884,-0.047733505629345085,-0.04788406717070459,-0.048290466544537836,-0.00529281828201722,-0.0053981596319780945,-0.005276133769171132,-0.05047073484431319,-0.05049216386358624,-0.05041948336331925,-0.05047073484431308,-0.050492163863586015,-0.05041948336331925,0.0,0.0,-0.005616524465369976,-0.05364797647270958,-0.054031279197032434,-0.05229547323180328,-0.05364797647270969,-0.05403127919703232,-0.05229547323180328,0.0,0.0,0.0,0.0,0.0,0.0,0.0,0.0,0.0,-0.030387372703391535,-0.06798382963570293,-0.030387372703391535,-0.06791038071179367,-0.030387372703391646,-0.06789653292847453
2025-06-06 00:00:00+00:00,0.004910831179847586,0.004912113219883718,0.0049630656147852115,0.03197491002539232,0.03207404829351379,0.03229613048014923,0.004726913847957315,0.004821502780510967,0.004711934196929279,0.034024674023789725,0.03404086667471651,0.03373923385799937,0.034024674023789725,0.03404086667471651,0.03373923385799937,0.0,0.0,0.0,-0.006854324247559607,-0.01392620570825387,0.03227734649206382,-0.006854324247559718,-0.01392620570825398,0.03227734649206404,0.0,0.0,0.0,0.0,0.0,0.0,0.0,0.0,0.0,0.027840744627853464,0.027142836885476695,0.027840744627853464,0.027160423263912437,0.027840744627853464,0.027225881954500153
2025-06-07 00:00:00+00:00,0.002110117588672411,0.002110665771162701,0.002132451174244876,0.011467631152115354,0.011506129792579811,0.011586300656359239,0.002031462599627387,0.0020719185630864168,0.002025055060318026,0.012085952610537687,0.012091131240429709,0.01208216486119884,0.012085952610537687,0.012091131240429709,0.01208216486119884,0.0,0.0,0.0,0.0,0.0,-0.006750400871807782,0.0,0.0,-0.006750400871808115,0.0,0.0,0.0,0.0,0.0,0.0,0.0,0.0,0.0,0.011695914835142096,0.04112920902334616,0.011695914835141874,0.04102305509969684,0.011695914835142096,0.04100745016285856
2025-06-08 00:00:00+00:00,0.0002851989115786324,0.0002852728466815613,0.0002882110472794963,0.006796123392457387,0.006852677103023286,0.006873430609930065,0.0002745896264093606,0.00028004668920744713,0.0002737252796793932,0.0077008494236199265,0.007704817033993283,0.007852676163698558,0.0077008494236197045,0.007704817033993283,0.007852676163698558,0.0,0.0,0.0,0.0,0.0,0.0,0.0,0.0,0.0,0.0,0.0,0.0,0.0,0.0,0.0,0.0,0.0,0.0,0.0015658164599519075,-0.002060032590873506,0.0015658164599519075,-0.0020476307108650005,0.0015658164599519075,-0.0020603313074595286
2025-06-09 00:00:00+00:00,0.0077869446324618785,0.007788962748014772,0.007869162953906939,0.043437757070310834,0.04357488832716894,0.043889855942294,0.007497352932935852,0.007646310021444336,0.007473759400885127,0.04574796314796914,0.04576736965807804,0.04562662346642132,0.04574796314796914,0.04576736965807782,0.04562662346642132,0.0,0.0,0.0,0.0,0.0,0.0,0.0,0.0,0.0,0.0,0.0,0.0,0.0,0.0,0.0,0.0,0.0,0.0,0.042697694556096843,0.07220979274911765,0.042697694556096843,0.0721427897670619,0.042697694556096843,0.07187174740276414
2025-06-10 00:00:00+00:00,-1.5567314445297242e-06,-1.5571317790730177e-06,-1.5730398332802764e-06,0.014713594128529017,0.014735032731088893,0.014958535248634108,-1.4992683768921822e-06,-1.5288297415816388e-06,-1.4945853068493165e-06,0.015134586531275973,0.015139619539860982,0.015151509222811388,0.015134586531275973,0.015139619539861204,0.01515150922281161,0.0,0.0,0.0,0.0,0.0,0.0,0.0,0.0,0.0,0.0,0.0,0.0,0.0,0.0,0.0,0.0,0.0,0.0,-8.250140637433567e-06,0.037118666723269245,-8.250140637655612e-06,0.037123596477318443,-8.250140637433567e-06,0.037046667544373246
2025-06-11 00:00:00+00:00,-0.0027899236957930063,-0.0027906411634806005,-0.002819151108385265,-0.016345967563160313,-0.016403137941506052,-0.016510496865845714,-0.0026869400919050657,-0.002739919090888665,-0.002678547233519457,-0.017347001340364265,-0.01735430257350834,-0.017283487089113647,-0.017347001340364376,-0.01735430257350845,-0.017283487089113758,0.0,0.0,0.0,0.0,0.0,0.0,0.0,0.0,0.0,0.0,0.0,0.0,0.0,0.0,0.0,0.0,0.0,0.0,-0.014785733920434141,-0.048421684268166176,-0.014785733920434141,-0.04838100608806584,-0.014785733920434141,-0.048249304616367006
2025-06-12 00:00:00+00:00,-0.005057791729323968,-0.00505909605071686,-0.005110927264316278,-0.03609558136985569,-0.03621636681966345,-0.0364931393757606,-0.004870592008815899,-0.004966890411059022,-0.004855337490361933,-0.03821802105602723,-0.038233909345810946,-0.03814648399733511,-0.03821802105602712,-0.03823390934581106,-0.03814648399733522,0.0,0.0,0.0,0.0,0.0,0.0,0.0,0.0,0.0,0.0,0.0,0.0,0.0,0.0,0.0,0.0,0.0,0.0,-0.027131104192469113,-0.06089743471347586,-0.027131104192469224,-0.06076980647431873,-0.027131104192469224,-0.0606865792516631
2025-06-13 00:00:00+00:00,0.0006856294362354021,0.0006858071478630379,0.0006928694419632286,-0.01699641346349512,-0.017039604829615085,-0.017266566457739385,0.000660128616082778,0.0006732454299882562,0.0006580510296898545,-0.01807307672153302,-0.01808081167112685,-0.017963456129681754,-0.01807307672153302,-0.01808081167112674,-0.017963456129681754,0.0,0.0,0.0,0.0,0.0,0.0,0.0,0.0,0.0,0.0,0.0,0.0,0.0,0.0,0.0,0.0,0.0,0.0,0.0037613133808260812,-0.014671871048303586,0.0037613133808260812,-0.014630054983888141,0.0037613133808260812,-0.014914659587144219
2025-06-14 00:00:00+00:00,-0.001125615766647825,-0.0011259073205223125,-0.0011374936434743743,-0.015591830959435948,-0.01563314720254294,-0.015809242548836977,-0.0010837780219479232,-0.0011052982985374493,-0.0010803693502202671,-0.01652180929666025,-0.016529146743846312,-0.016341568596463296,-0.01652180929666036,-0.01652914674384609,-0.016341568596463296,0.0,0.0,0.0,0.0,0.0,0.0,0.0,0.0,0.0,0.0,0.0,0.0,0.0,0.0,0.0,0.0,0.0,0.0,-0.006156125169268001,-0.02855141908580827,-0.006156125169268001,-0.02854333684883026,-0.00615612516926789,-0.028361170680575642
2025-06-15 00:00:00+00:00,0.0002308518754472466,0.00023091173745881655,0.00023329067633892642,0.015602156652775312,0.015674243695820156,0.015879883654205562,0.00022226208757425425,0.00022668036710293826,0.00022156227832192954,0.016977391019323607,0.01698556961700448,0.0168298759532588,0.016977391019323607,0.01698556961700426,0.0168298759532588,0.0,0.0,0.0,0.0,0.0,0.0,0.0,0.0,0.0,0.0,0.0,0.0,0.0,0.0,0.0,0.0,0.0,0.0,0.0012689467315447622,0.012001513690093057,0.0012689467315447622,0.012036357616813653,0.0012689467315447622,0.01196166173666291
2025-06-16 00:00:00+00:00,0.00216282927704059,0.002163389989062736,0.002185672841580999,0.002728515932710174,0.002470367941833196,0.0032957915991653763,0.0020823702539654043,0.0021237556691129367,0.0020758152036488564,0.0036923691324151076,0.0036942153936652122,0.0038941073646501234,0.0036923691324153296,0.0036942153936652122,0.0038941073646501234,0.0,0.0,0.0,0.0,0.0,0.0,0.0,0.0,0.0,0.0,0.0,0.0,0.0,0.0,0.0,0.0,0.0,0.0,0.011876315409437233,0.005088223737348407,0.011876315409437233,0.005060526483160022,0.011876315409437233,0.004953144518624164
2025-06-17 00:00:00+00:00,-0.0038941657404081287,-0.003895173120876505,-0.003935205789807994,-0.02487300690529226,-0.024961307940228217,-0.025384025888715134,-0.0037496006189488007,-0.003823962954164095,-0.003737821779293271,-0.024480204243849002,-0.024491587414336213,-0.02436964327094937,-0.024480204243849224,-0.024491587414336324,-0.024369643270949592,0.0,0.0,0.0,0.0,0.0,0.0,0.0,0.0,0.0,0.0,0.0,0.0,0.0,0.0,0.0,0.0,0.0,0.0,-0.02117799174906776,-0.0435812645858179,-0.02117799174906776,-0.04354750863645496,-0.02117799174906776,-0.04344003311509714
2025-06-18 00:00:00+00:00,0.0005617369910333458,0.0005618828748354954,0.0005676804446328454,0.0009616494172255408,0.0009629145285869889,0.0009469492346259045,0.0005408048520889608,0.0005515713013037882,0.0005390996163199269,0.00098579527225362,0.000986053074507165,0.0010439272611144634,0.0009857952722538421,0.000986053074507387,0.0010439272611144634,0.0,0.0,0.0,0.0,0.0,0.0,0.0,0.0,0.0,0.0,0.0,0.0,0.0,0.0,0.0,0.0,0.0,0.0,0.0031088883458183503,0.017520485617020354,0.0031088883458183503,0.017514138466230733,0.0031088883458183503,0.017252000223229702
2025-06-19 00:00:00+00:00,-0.00042077269261642236,-0.0004208819064479563,-0.0004252221487500707,-0.00040845634581054835,-0.0004098121597734261,-0.00039530312958679925,-0.00040510181469843864,-0.0004131622153059622,-0.00040382515844139544,-0.00041545401808407156,-0.0004155977693037771,-0.00044079789653395096,-0.0004154540180842936,-0.0004155977693037771,-0.00044079789653395096,0.0,0.0,0.0,0.0,0.0,0.0,0.0,0.0,0.0,0.0,0.0,0.0,0.0,0.0,0.0,0.0,0.0,0.0,-0.002322819485376826,-0.0077181961129961785,-0.002322819485376937,-0.007671093079578251,-0.002322819485377048,-0.007662333854471015
2025-06-20 00:00:00+00:00,-0.0023389747514755976,-0.0023395821006629847,-0.002363718735524989,-0.02863005957123743,-0.028726849927914966,-0.02901022896419414,-0.0022518287865391784,-0.0022966524425175328,-0.0022447294041217924,-0.028814074565833292,-0.028826633093642307,-0.028766349390483614,-0.02881407456583318,-0.028826633093642307,-0.028766349390483725,0.0,0.0,0.0,0.0,0.0,0.0,0.0,0.0,0.0,0.0,0.0,0.0,0.0,0.0,0.0,0.0,0.0,0.0,-0.01293661431578097,-0.03439145146893152,-0.01293661431578097,-0.034360847829251306,-0.012936614315780748,-0.03432257076006218
2025-06-21 00:00:00+00:00,-0.0020045370202455004,-0.002005058748384192,-0.00202579323551777,-0.029227726169585577,-0.013726783623957961,-0.02960985221964685,-0.0019296830413892962,-0.001968182662930862,-0.0019235856067523205,-0.006962772032154008,-0.013917440406386095,-0.028830573880713417,-0.006962772032154008,-0.013917440406386317,-0.028830573880713528,0.0,0.0,0.0,0.0,0.0,0.0,0.0,0.0,0.0,0.0,0.0,0.0,0.0,0.0,0.0,0.0,0.0,0.0,-0.011205910307807376,-0.04679557653678679,-0.011205910307807487,-0.04674581448617632,-0.011205910307807487,-0.04662118456422559
2025-06-22 00:00:00+00:00,-0.0020179141289743407,-0.0020184403940141094,-0.0020393556318579753,-0.00676440690774005,0.0,-0.006825875855884123,-0.0019424149288779224,-0.001981244992363851,-0.001936265434797968,0.0,0.0,-0.006901460596776876,0.0,0.0,-0.006901460596776765,0.0,0.0,0.0,0.0,0.0,0.0,0.0,0.0,0.0,0.0,0.0,0.0,0.0,0.0,0.0,0.0,0.0,0.0,-0.0113856661944991,-0.03424078200629366,-0.011385666194498989,-0.03423575713262306,-0.0113856661944991,-0.034294549404574104
2025-06-23 00:00:00+00:00,-0.0014045537982033673,-0.0028098416836832563,0.0077698010505562465,0.0,0.0,0.0,0.00739974501043128,0.007547964101306759,0.0073762726989572425,0.0,0.0,0.0,0.0,0.0,0.0,0.0,0.0,0.0,0.0,0.0,0.0,0.0,0.0,0.0,0.0,0.0,0.0,0.0,0.0,0.0,0.0,0.0,0.0,0.043788683748318125,0.11946910839918212,0.043788683748318125,0.11939263045626314,0.043788683748318125,0.11921259825766595
2025-06-24 00:00:00+00:00,0.0,0.0,-0.0014719554871747142,0.0,0.0,0.0,0.001198526539703204,0.0012223535370312621,0.0011947525992543895,0.0,0.0,0.0,0.0,0.0,0.0,0.0,0.0,0.0,0.0,0.0,0.0,0.0,0.0,0.0,0.0,0.0,0.0,0.0,0.0,0.0,0.0,0.0,0.0,0.006845135415790127,0.014399193931883492,0.006845135415790349,0.014328584377552245,0.006845135415790349,0.014308051364374519
2025-06-25 00:00:00+00:00,0.0,0.0,0.0,0.0,0.0,0.0,0.0020889426810992706,0.0021304206657968283,0.0020823728327299396,0.0,0.0,0.0,0.0,0.0,0.0,0.0,0.0,0.0,0.0,0.0,0.0,0.0,0.0,0.0,0.0,0.0,0.0,0.0,0.0,0.0,0.0,0.0,0.0,0.01186365306526227,-0.02758698930313086,0.01186365306526227,-0.027552361482359733,0.01186365306526227,-0.02732595203504562
2025-06-26 00:00:00+00:00,0.0,0.0,0.0,0.0,0.0,0.0,-0.0006134802946549112,-0.0006256356454081846,-0.0006115548722657183,0.0,0.0,0.0,0.0,0.0,0.0,0.0,0.0,0.0,0.0,0.0,0.0,0.0,0.0,0.0,0.0,0.0,0.0,0.0,0.0,0.0,0.0,0.0,0.0,-0.0034504584813699335,-0.026215706416857776,-0.0034504584813700445,-0.026219611468594972,-0.0034504584813699335,-0.026183108403323274
2025-06-27 00:00:00+00:00,0.0,0.0,0.0,0.0,0.0,0.0,0.00013871330197479104,0.00014146345451360176,0.00013827768059493373,0.0,0.0,0.0,0.0,0.0,0.0,0.0,0.0,0.0,0.0,0.0,0.0,0.0,0.0,0.0,0.0,0.0,0.0,0.0,0.0,0.0,0.0,0.0,0.0,0.0007824000902927342,0.014450624115241117,0.0007824000902927342,0.014420640284005248,0.0007824000902927342,0.01434705036022299
2025-06-28 00:00:00+00:00,0.0,0.0,0.0,0.0,0.0,0.0,0.0003955447359507147,0.00040338576115117597,0.00039430272153606616,0.0,0.0,0.0,0.0,0.0,0.0,0.0,0.0,0.0,0.0,0.0,0.0,0.0,0.0,0.0,0.0,0.0,0.0,0.0,0.0,0.0,0.0,0.0,0.0,0.00222960007423878,0.03518208151862279,0.00222960007423878,0.035035515405539286,0.002229600074239002,0.03466955277918693
2025-06-29 00:00:00+00:00,0.0,0.0,0.0,0.0,0.0,0.0,0.001712278866969008,0.0017462082985706395,0.0017069044134152556,0.0,0.0,0.0,0.0,0.0,0.0,0.0,0.0,0.0,0.0,0.0,0.0,0.0,0.0,0.0,0.0,0.0,0.0,0.0,0.0,0.0,0.0,0.0,0.0,0.009634082953120737,0.039060082151939124,0.009634082953120737,0.039004066426088446,0.009634082953120737,0.03907674698571961
2025-06-30 00:00:00+00:00,-0.0034548406018317657,-0.0048948406018318735,0.0,0.0,0.0,0.0,-0.0020051797477653732,-0.002044843855583345,-0.001998896669641037,0.0,0.0,0.0,0.0,0.0,0.0,0.0,0.0,0.0,0.0,0.0,0.0,0.0,0.0,0.0,0.0,0.0,0.0,0.0,0.0,0.0,0.0,0.0,0.0,-0.011193558899065148,-0.03390014346484649,-0.011193558899065148,-0.03381663594354256,-0.011193558899065148,-0.03386427254102098
2025-07-01 00:00:00+00:00,-0.002435446464561286,-0.002438970758326442,-0.003894507054514995,0.0,0.0,0.0,-0.0024202481669006737,-0.0024682207665700506,-0.0024126493141546357,0.0,0.0,0.0,0.0,0.0,0.0,0.0,0.0,0.0,0.0,0.0,0.0,0.0,0.0,0.0,0.0,0.0,0.0,0.0,0.0,0.0,0.0,0.0,0.0,-0.01363615030286025,-0.05107736701893484,-0.013636150302860361,-0.05610084749360911,-0.01363615030286025,-0.045785267760780624
2025-07-02 00:00:00+00:00,0.005306569893406277,0.00531426771653587,0.005355934533414652,0.0,0.0,0.0,0.005273374132973574,0.005378158187300031,0.005256777278741964,0.0,0.0,0.0,0.0,0.0,0.0,0.0,0.0,0.0,0.0,0.0,0.0,0.0,0.0,0.0,0.0,0.0,0.0,0.0,0.0,0.0,0.0,0.0,0.0,0.030049063595372294,0.07210997944658826,0.030049063595372294,0.07209602337793775,0.030049063595372516,0.06707368884246456
2025-07-03 00:00:00+00:00,0.0012305293229226688,0.0012323049189328916,0.0012419154022922374,0.0,0.0,0.0,0.0012228720077964716,0.0012470409794089754,0.0012190433972685266,0.0,0.0,0.0,0.0,0.0,0.0,0.0,0.0,0.0,0.0,0.0,0.0,0.0,0.0,0.0,0.0,0.0,0.0,0.0,0.0,0.0,0.0,0.0,0.0,0.006800637570677948,0.011727517388837372,0.0068006375706777256,0.011732786026429576,0.006800637570677948,0.011923398323638201
2025-07-04 00:00:00+00:00,-0.002655885598151775,-0.002659713199540281,-0.0026804300072622578,0.0,0.0,0.0,-0.0026393787880575337,-0.002691478778568568,-0.002631125389722322,0.0,0.0,0.0,0.0,0.0,0.0,0.0,0.0,0.0,0.0,0.0,0.0,0.0,0.0,0.0,0.0,0.0,0.0,0.0,0.0,0.0,0.0,0.0,0.0,-0.014596799035436203,-0.03590618161951453,-0.014596799035436203,-0.03591916986115029,-0.014596799035436203,-0.036222467521474844
2025-07-05 00:00:00+00:00,0.0003628590989663838,0.00036338343776520787,0.0003662214797426344,0.0,0.0,0.0,0.0003605978957643696,0.00036773512392684893,0.00035946732315039753,0.0,0.0,0.0,0.0,0.0,0.0,0.0,0.0,0.0,0.0,0.0,0.0,0.0,0.0,0.0,0.0,0.0,0.0,0.0,0.0,0.0,0.0,0.0,0.0,0.00201844696682163,0.0073775270948768235,0.00201844696682163,0.007376032955931366,0.00201844696682163,0.007765681760177001
2025-07-06 00:00:00+00:00,0.0016158132682790871,0.0016181473032585991,0.0016307804843174178,0.0,0.0,0.0,0.0016057477494273442,0.00163751824859526,0.0016007151019716837,0.0,0.0,0.0,0.0,0.0,0.0,0.0,0.0,0.0,0.0,0.0,0.0,0.0,0.0,0.0,0.0,0.0,0.0,0.0,0.0,0.0,0.0,0.0,0.0,0.00897330309991129,0.024975912573322656,0.00897330309991129,0.024951506433496418,0.00897330309991129,0.02509990114280769
2025-07-07 00:00:00+00:00,-0.001574692156010915,-0.001576963116979746,-0.0015892547204249263,-0.01761041902643823,-0.024810419026438324,0.0,-0.001564898522400382,-0.0015958101813645653,-0.001560001740727679,-0.01761041902643834,-0.024810419026438213,0.0,-0.017610419026438118,-0.024810419026438213,0.0,-0.019646381595150197,-0.02684638159514985,0.0,-0.020907910166846233,-0.028107910166846328,0.0,-0.020907910166846122,-0.028107910166846328,0.0,-0.042450669853795864,-0.04965066985379596,0.0,0.0,0.0,0.0,0.0,0.0,0.0,-0.008681171360246709,-0.01664687526761266,-0.008681171360246709,-0.016625948992361805,-0.008681171360246709,-0.016563131150039268
2025-07-08 00:00:00+00:00,0.0011447806569198082,0.0011464342235349978,0.0011553843031877342,0.015515270623917221,0.015629822656334058,0.008200246106420339,0.001137649653738082,0.0011601577247668526,0.001134084230188348,0.015515270623917221,0.015629822656334058,0.008200246106420117,0.015515270623916999,0.015629822656333836,0.008200246106420339,0.019518164105416735,0.019662571708595644,0.012129517554509084,0.02286457099135708,0.023033956988897097,0.015638477855517863,0.02286457099135708,0.023033956988897097,0.015638477855517863,0.003116716074869297,0.0031403288191804712,-0.00358873320993236,0.0,0.0,0.0,0.0,0.0,0.0,0.006356340787055714,0.016320574118339426,0.006356340787055492,0.01633928090322323,0.006356340787055492,0.016422605258289202
2025-07-09 00:00:00+00:00,0.0038627641477007035,0.0038683372883026035,0.00389850209904985,0.03946827089579075,0.03975518777563658,0.03953598119271695,0.0038387297775570595,0.003914589931828472,0.003826712727122983,0.03946827089579075,0.0397551877756368,0.03953598119271695,0.03946827089579075,0.03975518777563658,0.03953598119271695,0.02994425171795001,0.030161525878857676,0.02988952944555634,0.03360792274743396,0.03385129220267924,0.033635262443199476,0.03360792274743418,0.03385129220267924,0.0336352624431997,0.016860218726884924,0.016987554590286447,0.01795969168410605,0.0,0.0,0.0,0.0,0.0,0.0,0.02133674577846678,0.05009508264238005,0.02133674577846678,0.05010179875552101,0.02133674577846678,0.05057291450940782
2025-07-10 00:00:00+00:00,0.007859379336831118,0.007870675040801745,0.007931811241562725,0.06384839566821743,0.06429479844989827,0.06399059884822011,0.0078106647687086195,0.007964415578730843,0.007786306882783034,0.06384839566821743,0.0642947984498985,0.06399059884821989,0.06384839566821743,0.06429479844989827,0.06399059884821989,0.06239599671607765,0.06283548369976577,0.06283601640892145,0.05042345763516609,0.05077663994912607,0.05064730781437832,0.05042345763516587,0.05077663994912607,0.05064730781437832,0.0817590607277856,0.08236622720902376,0.08242864709839615,0.0,0.0,0.0,0.0,0.0,0.0,0.04267009696462676,0.07285855647650297,0.04267009696462676,0.07280879733341217,0.04267009696462676,0.07251803598534678
2025-07-11 00:00:00+00:00,0.0025468832329784696,0.002550515094462913,0.002570170554391682,0.008977955479975819,0.00903693380179682,0.008782548324087092,0.0025312193045361475,0.002580651965331082,0.0025233865788953924,0.008977955479975819,0.00903693380179682,0.008782548324087536,0.008977955479975819,0.00903693380179682,0.008782548324087758,0.02566622781357264,0.025836320362760956,0.025823385100208762,0.010492813081944163,0.010562756661048667,0.010306216661172707,0.010492813081944385,0.01056275666104911,0.010306216661172485,0.025962722553456663,0.02614085699411617,0.02973792171090106,0.0,0.0,0.0,0.0,0.0,0.0,0.013365876276487443,0.011519744442901825,0.013365876276487665,0.01149587683283837,0.013365876276487443,0.011161212007255505
2025-07-12 00:00:00+00:00,-0.00017938475317080815,-0.00017963990548119924,-0.00018102074545656155,-0.0021986907082024443,-0.0022130050717004135,-0.002220243965261659,-0.0001782842804590734,-0.00018175706585943363,-0.00017773397771192467,-0.0021986907082024443,-0.0022130050717005245,-0.00222024396526177,-0.0021986907082023333,-0.0022130050717004135,-0.00222024396526177,-0.00359534080278745,-0.003618567381210136,-0.003717032242592011,-0.0019054590514514524,-0.0019180278060546563,-0.0020211257812492445,-0.0019054590514514524,-0.0019180278060548783,-0.0020211257812490224,0.0024142314793349495,0.0024303739345654662,0.0002484521329695344,0.0,0.0,0.0,0.0,0.0,0.0,-0.0009313487692351741,-0.004991768398131091,-0.0009313487692351741,-0.0049938218539314905,-0.0009313487692351741,-0.00507918244542338
2025-07-13 00:00:00+00:00,0.002716665050119582,0.0027205298596644223,0.0027414455717003072,0.016811563546551334,0.016921256358045866,0.016781456198394995,0.002699996137080607,0.002752598709208076,0.0026916606886937533,0.016811563546551778,0.016921256358045866,0.016781456198395217,0.016811563546551556,0.016921256358045644,0.016781456198394995,0.010487655160657638,0.010555653443705681,0.010329698925740427,0.0253824321832381,0.025550181071303912,0.025610274000741118,0.0253824321832381,0.02555018107130347,0.025610274000740896,0.07802748594427333,0.07854794201530235,0.0810090091545379,0.0,0.0,0.0,0.0,0.0,0.0,0.014115285557957602,0.03893691433803648,0.014115285557957602,0.03895513013075913,0.014115285557957602,0.03877988304484803
2025-07-14 00:00:00+00:00,0.0011975017312646496,0.0011992007111789604,0.0012083950831269785,0.03246691977856142,0.032028709291643365,0.035030653954272184,0.0011901738854627197,0.0012132977522281152,0.0011865094351466432,0.032466919778560976,0.03202870929164314,0.03503065395427196,0.0324669197785612,0.032028709291643365,0.03503065395427196,0.026941784755160736,0.020881817687035564,0.028511035502082782,0.026941919641975565,0.020896994614391762,0.019444173112673102,0.026941919641975565,0.020896994614391762,0.019444173112673324,-0.0036997765496200596,-0.012598175255689958,0.00042243691106302883,-0.002405414883315471,-0.009605414883315455,0.0,-0.002405414883315693,-0.009605414883315344,0.0,0.0061520609152243555,0.016615927777603456,0.0061520609152243555,0.01662495558648991,0.0061520609152243555,0.016930574598821968
2025-07-15 00:00:00+00:00,-0.0033978718661544782,-0.003402686891726847,-0.0034287440887539322,0.014245197817942312,0.014251248050743737,0.013208668910003052,-0.003377104061455638,-0.0034426382423443647,-0.003366718550337766,0.014245197817942312,0.01425124805074418,0.013208668910003052,0.014245197817942312,0.014251248050743959,0.013208668910003052,0.014322703179429297,0.014407730081527292,0.007510334994638379,0.014322492420543842,0.014407304455470449,0.00790119072886264,0.01432249242054362,0.01440730445547067,0.00790119072886264,0.023900717083007228,0.024116155451800347,0.01362685641143524,0.023862229474494567,0.02403570381976894,0.016248372578809178,0.023862229474494567,0.024035703819768717,0.016248372578809178,-0.017370311664806737,0.0291174509190697,-0.017370311664806737,0.029069565787774643,-0.017370311664806737,0.029091333383231444
2025-07-16 00:00:00+00:00,0.0014738445226640806,0.0014759401958672758,0.0014872815813680162,0.024805595027828753,0.024815982448012974,0.02575416748018111,0.0014648058552799714,0.001493329249087072,0.0014602859627013132,0.024805595027828975,0.02481598244801253,0.02575416748018111,0.024805595027828975,0.024815982448012752,0.02575416748018111,0.024938651732889117,0.025084597594461355,0.026011260192100538,0.02493828994184155,0.025083867082360545,0.026211247534651205,0.02493828994184155,0.025083867082360323,0.026211247534650983,0.06129469350620265,0.06183418646592975,0.058148525966940756,0.0611982903282009,0.06163274895970772,0.05994796624250709,0.06119829032820112,0.06163274895970772,0.05994796624250709,0.007641598469846134,0.04388150187145712,0.007641598469846356,0.04387457712311038,0.007641598469846356,0.04343963030353448
2025-07-17 00:00:00+00:00,0.0009680087705132845,0.0009693831626458316,0.0009768210121368082,0.03863566945008756,0.03865145648620327,0.040822615374651594,0.000962080932413123,0.0009807870938154384,0.0009591166066953427,0.03863566945008712,0.03865145648620327,0.040822615374651594,0.03863566945008734,0.038651456486203495,0.040822615374651594,0.038837867836715834,0.03905959274594051,0.03855305820513211,0.03883731811548885,0.0390584830893721,0.0386095764051253,0.03883731811548885,0.03905848308937232,0.03860957640512552,0.04413238747069492,0.04449820425073403,0.04537720942981105,0.04406697969896878,0.044361657973832624,0.044492085474604925,0.044066979698968334,0.044361657973832624,0.044492085474604925,0.004988217221057356,0.018654423672173515,0.004988217221057356,0.018671948035599018,0.004988217221057356,0.018289315785179783
2025-07-18 00:00:00+00:00,-0.0020429717760459543,-0.0020458696062938264,-0.002061551764951375,-0.010950074998066994,-0.010954382836633303,-0.01045268720671999,-0.0020304731641449525,-0.0020699138612287893,-0.002024222945226972,-0.010950074998067105,-0.010954382836633192,-0.010452687206720102,-0.010950074998067105,-0.010954382836633414,-0.010452687206720102,-0.011005239355743712,-0.011065706316830792,-0.010145510063878982,-0.01100508940829592,-0.011065403764833004,-0.009978216696410747,-0.011005089408296032,-0.011065403764833226,-0.009978216696410858,-0.03367486433718858,-0.03394210611815418,-0.03328187406291083,-0.03362706196756615,-0.033842376249786255,-0.03369583464679804,-0.03362706196756604,-0.033842376249786144,-0.03369583464679804,-0.010485464145529644,-0.016776678449741733,-0.010485464145529644,-0.016728576064142686,-0.010485464145529644,-0.015963241058409183
2025-07-19 00:00:00+00:00,-0.00017822405600298463,-0.00017847737415865872,-0.0001798482789848732,0.005111108419055821,0.005113141436462465,0.005052426693820777,-0.00017713148804709977,-0.00018057929533299433,-0.00017658513452667446,0.005111108419055821,0.005113141436462021,0.005052426693820777,0.005111108419055821,0.005113141436462243,0.005052426693820777,0.005137143718354054,0.00516568496433778,0.0049814140587194355,0.00513707294541299,0.0051655421469021245,0.005034070570699711,0.00513707294541299,0.0051655421469019025,0.005034070570699711,0.002667094053823593,0.0026890036150448715,0.002548500733244863,0.0026631763000068975,0.00268082593979746,0.0026543296660468396,0.0026631763000066755,0.00268082593979746,0.0026543296660470617,-0.0009225316580109277,0.01675884713074116,-0.0009225316580110388,0.016741462201832258,-0.0009225316580110388,0.016743996536592753
2025-07-20 00:00:00+00:00,-0.0009847128154933937,-0.0009861126835488676,-0.0009936884887068453,0.01694156305253136,0.016948267523718696,0.016851078342184467,-0.0009786751553961803,-0.000997728192234315,-0.0009756559459952463,0.01694156305253114,0.01694826752371892,0.016851078342184467,0.01694156305253136,0.01694826752371914,0.016851078342184467,0.017027420037917684,0.0171215358097645,0.017078352489467763,0.017027186654988036,0.017121064877504866,0.01728480847847358,0.017027186654988036,0.017121064877505088,0.017284808478473135,0.0037521732975358546,0.0037829138724387867,0.0038703735330334332,0.0037466762861775305,0.0037714402060715635,0.003803477841659575,0.0037466762861777525,0.0037714402060717855,0.003803477841659797,-0.005100913656094108,0.029610466226191567,-0.005100913656094108,0.02965356154922727,-0.005100913656094108,0.029990310104726525
2025-07-21 00:00:00+00:00,0.0001902472100989705,0.00019051793255697724,0.0001919830413665835,0.022962865860272963,0.022795156169117536,0.022621565548525346,0.00018907958718861195,0.00019276430143322365,0.00018849570766388268,0.022962865860273407,0.022795156169117536,0.022621565548525346,0.022962865860273185,0.022795156169117536,0.022621565548525124,0.023068899319871328,0.022992878703350872,0.023369894950504788,0.023068611115995008,0.022992341397286786,0.02334205306658821,0.02306861111599523,0.022992341397286786,0.02334205306658843,0.05318295912631066,0.05240250250572931,0.05443387434473568,0.05460493686316137,0.05496449597042674,0.05465224697267401,0.054604936863161146,0.05496449597042652,0.05465224697267379,0.0009895774285306747,0.026560754848123924,0.0009895774285306747,0.0265347214090621,0.0009895774285306747,0.026711458673789323
2025-07-22 00:00:00+00:00,0.004256162112416195,0.004262217492611908,0.0042949882333152,0.01451728467279123,0.014525591042452435,0.013226749917887082,0.004230045288314166,0.004312462985631482,0.00421698533084558,0.014517284672791009,0.014525591042452657,0.01322674991788686,0.014517284672791009,0.014525591042452435,0.01322674991788686,0.01459164105724553,0.014675875096119118,0.014576122751918552,0.01459143897402293,0.014675466781664426,0.014361613386783656,0.014591438974022708,0.014675466781664204,0.014361613386783434,0.04136324624362264,0.04162450337962409,0.03915941546283874,0.042893727494494716,0.04316145582418418,0.042996022239512044,0.04289372749449494,0.0431614558241844,0.042996022239512266,0.022120895565729715,0.014207414071771396,0.022120895565729715,0.014198874367256309,0.022120895565729715,0.014155390435816262
2025-07-23 00:00:00+00:00,-0.0019839137924703154,-0.001986724391730199,-0.0020019343134505263,-0.05524143612960575,-0.0552694178502684,-0.051976237243426815,-0.00197179130375158,-0.002010044484649365,-0.001965729105574243,-0.055241436129605526,-0.0552694178502684,-0.051976237243426815,-0.05524143612960575,-0.05526941785026829,-0.05197623724342659,-0.05547968901573397,-0.055751039862861784,-0.05488596614502095,-0.05547904154756489,-0.05574973151259144,-0.054767163512278505,-0.05547904154756489,-0.05574973151259166,-0.054767163512278505,-0.06047750565136545,-0.05886689565302483,-0.06206078681589411,-0.061784971384848286,-0.06215465640941009,-0.06162122104706802,-0.061784971384848175,-0.06215465640940998,-0.06162122104706791,-0.010130936172219385,-0.08104182648879088,-0.010130936172219385,-0.08102426639565619,-0.010130936172219385,-0.08101348366025363
2025-07-24 00:00:00+00:00,-0.0006758172857160849,-0.0006767766181069446,-0.0006819682632659418,-0.0054773128620779765,-0.005481948015618521,-0.004825923553789191,-0.0006716796193310115,-0.0006847365953912554,-0.0006696104982809592,-0.0054773128620780875,-0.005481948015618743,-0.004825923553789191,-0.0054773128620778655,-0.005481948015618632,-0.004825923553789302,-0.0055240691409536025,-0.00557641551653365,-0.005605239224184655,-0.005523942045670971,-0.00557615876030737,-0.005567664589097299,-0.005523942045670971,-0.005576158760307037,-0.005567664589097077,-0.043992477999211355,-0.04399728740169362,-0.04239041993482262,-0.044959519274591075,-0.04524635909428354,-0.04512818716564704,-0.0449595192745913,-0.04524635909428376,-0.04512818716564715,-0.003479492206240553,-0.019453718010862153,-0.003479492206240553,-0.01945636124170602,-0.003479492206240553,-0.019618830726040648
2025-07-25 00:00:00+00:00,-0.0012494388972694725,-0.0012512136949583974,-0.0012608184749410833,0.014181857287523192,0.014189743116267417,0.013208800192810566,-0.0012417841121786788,-0.0012659400562434753,-0.0012379562108648656,0.014181857287523192,0.014189743116267639,0.013208800192810788,0.014181857287523192,0.014189743116267639,0.013208800192810788,0.014250048812615601,0.01432763104032686,0.01355008912758393,0.014249863442271193,0.014327256234845764,0.013588804865017678,0.014249863442271193,0.014327256234845542,0.013588804865017678,0.036627676454544345,0.03680435868777909,0.03688592848019612,0.038210993392350456,0.03846633100124408,0.03846846261389225,0.038210993392350456,0.0384663310012443,0.03846846261389247,-0.006450921408170052,0.03574673366488845,-0.006450921408170163,0.035714643756328046,-0.006450921408170163,0.0358229980374738
2025-07-26 00:00:00+00:00,0.0005509342015916907,0.0005517177706924059,0.0005559583072964891,0.010509409600905961,0.010515091250455466,0.009762569029779122,0.0005475546634745587,0.0005582195327755723,0.000545864689227793,0.010509409600905961,0.010515091250455466,0.009762569029779122,0.010509409600905961,0.010515091250455244,0.0097625690297789,0.010558203916144926,0.010613751947036176,0.009814756428160543,0.010558071283643722,0.010613483804942536,0.009782749646269018,0.010558071283643722,0.010613483804942536,0.009782749646269018,0.028065968712140954,0.028138670116184095,0.027681167943937046,0.027511056921399213,0.027688084656771972,0.028042517818521295,0.027511056921399435,0.02768808465677175,0.028042517818521073,0.0028593951354067837,0.007465697221788137,0.0028593951354067837,0.007466082541971231,0.0028593951354067837,0.007357179301641592
2025-07-27 00:00:00+00:00,0.002448814269208066,0.0024522951878525046,0.002471133205830256,0.023753672089626754,0.023764673108267687,0.022681920600196914,0.0024338009842561625,0.002481178332994105,0.002426293392211454,0.023753672089626532,0.02376467310826791,0.022681920600197136,0.023753672089626532,0.023764673108267687,0.022681920600196914,0.023840949512327514,0.023941212208052454,0.023540218269222812,0.02384071228662954,0.023940732453127778,0.02342383399548953,0.02384071228662976,0.023940732453128,0.023423833995489307,0.016055856875620167,0.015780018798407403,0.016079867900332445,0.01537684040638898,0.015473121236040388,0.015622565582763981,0.015376840406389203,0.015473121236040388,0.015622565582764203,0.01268029746299959,0.020110841924704692,0.012680297462999368,0.020130595765886605,0.01268029746299959,0.02035426392296169
2025-07-28 00:00:00+00:00,-0.002277961586828914,-0.0022811917220826317,-0.00229867216257873,-0.031008693225584083,-0.03400557124396819,-0.03355697143150371,-0.0022640296795800596,-0.002307993110713169,-0.0022570626882630895,-0.031008693225583972,-0.03400557124396808,-0.033556971431503824,-0.031008693225583972,-0.03400557124396786,-0.0335569714315036,-0.031082767897182784,-0.03417069218440272,-0.03477422504184624,-0.031082566574535564,-0.034170243536122635,-0.03465590542829056,-0.031082566574535675,-0.034170243536122746,-0.03465590542829056,-0.06094469331671526,-0.0639983828526971,-0.04957275712431364,-0.061944970839019065,-0.0653307109217488,-0.05041406585815289,-0.061944970839019065,-0.0653307109217488,-0.050414065858153,-0.011676423456743024,-0.05565857494245052,-0.011676423456743024,-0.05562948156627423,-0.011676423456743024,-0.05570046455886435
2025-07-29 00:00:00+00:00,-0.0002245631687285421,-0.0002248823259531907,-0.00022660953681186147,-0.0036640975068954473,-0.0036764199904776307,-0.0064510965166471035,-0.00022318663430531682,-0.0002275305476593381,-0.00022249827898357388,-0.0036640975068955584,-0.0036764199904779638,-0.0064510965166471035,-0.0036640975068955584,-0.0036764199904779638,-0.0064510965166472145,-0.0036723373829248285,-0.0036931939814754955,-0.006805515975392362,-0.0036723149866038085,-0.003693148397279633,-0.006596145597569603,-0.0036723149866039195,-0.003693148397279189,-0.006596145597569714,-0.03865765745585337,-0.03879404770527428,-0.041576816340516354,-0.04114721571106894,-0.04145784654781026,-0.03796864253455834,-0.041147215711069274,-0.041457846547810484,-0.03796864253455845,-0.0011620167223691524,-0.024087379226585104,-0.0011620167223692635,-0.024083584927846347,-0.0011620167223691524,-0.024173226467033126
2025-07-30 00:00:00+00:00,-0.00016901682914949312,-0.00016925709595716487,-0.0001705573713589592,-0.00786267056895762,-0.007890171621383169,-0.00761896186587252,-0.00016798055315470073,-0.0001712507267276342,-0.00016746234989706288,-0.007862670568957841,-0.00789017162138328,-0.007618961865872409,-0.007862670568957841,-0.00789017162138339,-0.007618961865872409,-0.007891127992859404,-0.007947996209468955,-0.007982155640668509,-0.007891050643775932,-0.007947839065494122,-0.008082813609010864,-0.007891050643775821,-0.007947839065494455,-0.008082813609010864,-0.026673385542818284,-0.026835467103961452,-0.027648853182537736,-0.026970521844814965,-0.02715401060858158,-0.02443224397766286,-0.026970521844814632,-0.02715401060858158,-0.02443224397766286,-0.0008754094154336256,-0.013505535886017994,-0.0008754094154336256,-0.013484923535939886,-0.0008754094154336256,-0.013596545875102728
2025-07-31 00:00:00+00:00,-0.003387817850525665,-0.003392634636990688,-0.003418702151968933,-0.026170093267343764,-0.026260326662650324,-0.025887680213630304,-0.003367042971705647,-0.003432602351473135,-0.00335665424013476,-0.026170093267343875,-0.026260326662650102,-0.025887680213630415,-0.026170093267343653,-0.02626032666264988,-0.025887680213630304,-0.026234965788993758,-0.026392417672764013,-0.02673032741694903,-0.026234789456320073,-0.02639205868165595,-0.026798291230846205,-0.026234789456320184,-0.02639205868165584,-0.026798291230846316,-0.03473413123811597,-0.034883573933347845,-0.03541778167052445,-0.0068242147130695985,-0.013920964766567456,-0.02924528834175777,-0.0068242147130695985,-0.013920964766567456,-0.02924528834175788,-0.017559342833731395,-0.045652570003453685,-0.017559342833731395,-0.04563841041236727,-0.017559342833731395,-0.04590901135899883
2025-08-01 00:00:00+00:00,-0.004127793439691385,-0.004133682299368835,-0.004165552654471272,-0.03483889591377032,-0.034962927663926946,-0.03445278165237775,-0.004102395343761112,-0.004182547832624173,-0.004089695113209335,-0.03483889591377021,-0.034962927663926946,-0.03445278165237753,-0.03483889591377043,-0.03496292766392706,-0.03445278165237775,-0.03492836168594737,-0.03514518813901368,-0.0353309644376385,-0.03492811848918986,-0.035144692732530514,-0.035765705206494025,-0.034928118489189974,-0.035144692732530625,-0.0357657052064938,-0.006752873864589781,-0.013586835562743427,-0.024738802059590892,0.0,0.0,-0.015821654365465565,0.0,0.0,-0.015821654365465343,-0.021703312674988706,-0.03602103062918893,-0.021703312674988595,-0.041108941406403976,-0.021703312674988595,-0.035886870447340735
2025-08-02 00:00:00+00:00,-0.001164726909270608,-0.0011663954480883865,-0.0011754258790827032,-0.03033249303873653,-0.030444938764419005,-0.029592638416363948,-0.0011575308849206545,-0.001180241680918459,-0.001153932675338365,-0.030332493038736308,-0.030444938764418783,-0.02959263841636417,-0.030332493038736086,-0.030444938764419116,-0.02959263841636406,-0.030424775536584736,-0.030632826997619156,-0.03085790965343782,-0.030424524659868446,-0.03063231619798501,-0.03099181927018846,-0.030424524659868113,-0.03063231619798501,-0.03099181927018846,0.0,0.0,-0.007278042014943864,0.0,0.0,-0.00568989993486213,0.0,0.0,-0.005689899934862019,-0.006233977193386475,-0.029770939746214475,-0.006233977193386475,-0.029758081124705682,-0.006233977193386475,-0.03444891096640279
2025-08-03 00:00:00+00:00,0.002763280893343767,0.002767244076051778,0.002788693760612526,0.030091048699224743,0.03020663444260907,0.029296186255767243,0.0027461887490902726,0.0028001327342701554,0.0027376423004372707,0.030091048699224743,0.03020663444260885,0.029296186255767243,0.030091048699224743,0.03020663444260907,0.029296186255767243,0.030188957522286675,0.0304060306040439,0.030762128718904824,0.030188691324729122,0.030405488413762338,0.030699356387072996,0.0301886913247289,0.030405488413762338,0.030699356387072774,0.0,0.0,0.0,0.0,0.0,0.0,0.0,0.0,0.0,0.014865374701202194,0.045612200810182024,0.014865374701202194,0.045570739198558474,0.014865374701202416,0.045367000389404
2025-08-04 00:00:00+00:00,0.0013772154253588464,0.0013791852193105747,0.0013898459410766062,0.038143544770294024,0.0382833473511619,0.03774544221289533,0.00136872005388744,0.0013955310464037751,0.001364472072393319,0.038143544770294024,0.0382833473511619,0.03774544221289555,0.038143544770294024,0.0382833473511619,0.03774544221289533,0.09531699793724147,0.08104654378735265,0.03851502074337576,0.03823546522824728,0.03847076096243396,0.03919924963509969,0.0382354652282475,0.03847076096243396,0.03919924963509991,0.0,0.0,0.0,0.0,0.0,0.0,0.0,0.0,0.0,0.007320532819778958,0.04759119514814514,0.007320532819778958,0.04752462710740346,0.007320532819778958,0.04768492671621005
2025-08-05 00:00:00+00:00,-0.0015443825999772454,-0.0015465884463436996,-0.0015585265567993334,-0.027444858767940894,-0.027542018506810262,-0.027056023928948125,-0.001534869076939449,-0.0015648927587319506,-0.0015301119236772465,-0.027444858767940894,-0.02754201850681015,-0.027056023928948236,-0.027444858767941005,-0.02754201850681015,-0.027056023928948014,-0.03171307299007675,-0.03213170711184232,-0.04600879413386216,-0.027515463929272288,-0.02768580656660824,-0.028132993072008228,-0.02751546392927251,-0.027685806566608573,-0.028132993072008117,0.0,0.0,0.0,0.0,0.0,0.0,0.0,0.0,0.0,-0.008160668429060491,-0.0428421608126196,-0.008160668429060602,-0.042808643537158964,-0.008160668429060491,-0.04278902722767086
2025-08-06 00:00:00+00:00,0.0015088475834295068,0.0015110060132261793,0.0015226876691845082,0.015735763974167982,0.01579299156428915,0.01557960419947868,0.001499538671036138,0.0015289172265668949,0.0014948838980513024,0.015735763974167982,0.015792991564288927,0.015579604199478458,0.015735763974167982,0.015792991564288927,0.01557960419947868,-0.014237408865561019,-0.014431591769252461,-0.010899169074111814,0.015775989636040322,0.015874955198564855,0.01617965708014535,0.0157759896360401,0.015874955198564633,0.01617965708014535,0.0,0.0,0.0,0.0,0.0,0.0,0.0,0.0,0.0,0.008026082929238232,0.01758236971332905,0.008026082929238232,0.017596866451215387,0.008026082929238232,0.01754384912693996
2025-08-07 00:00:00+00:00,0.004090424813679494,0.004096267401433984,0.004127887682520592,0.05616450694642294,0.05636765186368353,0.054939641301160025,0.004065226514255338,0.0041447497467188565,0.004052626331349174,0.056164506946423165,0.05636765186368353,0.05493964130116025,0.05616450694642294,0.05636765186368353,0.054939641301160025,0.0854858573566335,0.08666886494796855,0.08447143017498049,0.05632665424742078,0.05669778058975372,0.0573214830609563,0.056326654247421004,0.05669778058975394,0.0573214830609563,0.0,0.0,0.0,0.0,0.0,0.0,0.0,0.0,0.0,0.021617710968632853,0.06504888752332594,0.021617710968632853,0.06501963763451779,0.021617710968632853,0.06450820619446462
2025-08-08 00:00:00+00:00,-0.001362529399082102,-0.0013644676382206233,-0.0013749570621498508,0.009302257248839929,0.009330825808338217,0.009758649732336755,-0.0013541697745239611,-0.0013805504596081652,-0.001349989462112955,0.009302257248839929,0.009330825808338439,0.009758649732336755,0.009302257248840151,0.009330825808338439,0.009758649732336755,0.012822479802644615,0.012985772987500033,0.012922659121601399,0.009294417235287789,0.009315155978628198,0.009722429217882356,0.009294417235287566,0.00931515597862842,0.009722429217882578,0.0,0.0,0.0,0.0,0.0,0.0,0.0,0.0,0.0,-0.007077364864836122,0.022978311854210398,-0.007077364864836122,0.023002880890008903,-0.007077364864836122,0.02298631832853104
2025-08-09 00:00:00+00:00,-0.0003137912909393359,-0.0003142382784087072,-0.0003166573294499653,0.018780175748288608,0.018839264332821015,0.019454342645914613,-0.0003118634540588694,-0.0003179472889318635,-0.00031089943238726825,0.018780175748288386,0.01883926433282057,0.019454342645914613,0.018780175748288386,0.018839264332820793,0.01945434264591439,0.03475852906669474,0.03519550153958484,0.036800463512720816,0.018778040334721746,0.018835427851404685,0.019497406282616758,0.018778040334721968,0.018835427851404685,0.019497406282616758,0.0,0.0,0.0,0.0,0.0,0.0,0.0,0.0,0.0,-0.001639302254409114,0.041569689914315866,-0.001639302254409114,0.041436621880793334,-0.001639302254409114,0.04113474867888711
2025-08-10 00:00:00+00:00,0.004622457051986162,0.004629043690674184,0.0046646900162417015,-0.0008313881778483356,-0.000831627642827848,-0.001104068473001707,0.004594049242623965,0.004683698497453426,0.004579843857858812,-0.0008313881778486687,-0.000831627642827848,-0.001104068473001818,-0.0008313881778484467,-0.00083162764282807,-0.001104068473001707,0.05246224001323818,0.05309935400662513,0.05378619982741628,-0.0008109021860185361,-0.0007901112760195783,-0.0009482581034631066,-0.0008109021860186472,-0.0007901112760195783,-0.0009482581034632176,0.0,0.0,0.0,0.0,0.0,0.0,0.0,0.0,0.0,0.0241806104100597,0.0032679965694561997,0.0241806104100597,0.0031812629031011674,0.0241806104100597,0.0025508222818335646
2025-08-11 00:00:00+00:00,-0.000992367352904644,-0.0009937748830172177,-0.0010013919954614536,-0.021654828066224097,-0.021726376179448725,-0.021338209579651712,-0.0009862965416976843,-0.0010054536163977001,-0.0009832606910250563,-0.021654828066223653,-0.021726376179448947,-0.0213382095796516,-0.021654828066223764,-0.021726376179448614,-0.021338209579651712,-0.036803152751396895,-0.05162631326735101,0.009573349032721001,-0.02171227322413727,-0.02184320317472299,-0.02225597427280135,-0.021712273224137046,-0.021843203174723214,-0.022255974272801127,0.0,0.0,0.0,0.0,0.0,0.0,0.0,0.0,0.0,-0.005092056055614025,-0.046469711728658436,-0.005092056055614025,-0.04647236952757039,-0.005092056055614025,-0.04717737130715072
2025-08-12 00:00:00+00:00,0.0023076374799404498,0.002310913787139768,0.00232864429646229,0.0541676013148944,0.0543514732153807,0.05089987102958271,0.0022935065612526007,0.0023380987255892105,0.0022864401303441806,0.054167601314894176,0.0543514732153807,0.05089987102958271,0.054167601314894176,0.05435147321538092,0.05089987102958271,0.05445497980226266,0.05530609131718056,0.03932163242371711,0.05430065340544976,0.05462243669256339,0.05300326369021624,0.05430065340544954,0.054622436692563836,0.05300326369021624,0.0,0.0,0.0,0.0,0.0,0.0,0.0,0.0,0.0,0.011889790419423951,0.05979952470320682,0.011889790419423951,0.05986802806938507,0.011889790419424173,0.060547720976568575
2025-08-13 00:00:00+00:00,0.00530573460759487,0.0053132501459527415,0.0053539214023579085,0.02784871821020274,0.027938322887194778,0.026696219544804167,0.00527331905575279,0.005375607924461567,0.005257108708291547,0.02784871821020274,0.027938322887195,0.026696219544803945,0.027848718210202517,0.027938322887194778,0.026696219544804167,0.028592066508194458,0.029015529991305522,0.02879456660001356,0.02791566613522778,0.02807455451281049,0.027603737954785323,0.02791566613522778,0.02807455451281049,0.027603737954785323,0.0,0.0,0.0,0.0,0.0,0.0,0.0,0.0,0.0,0.027078210734242658,0.035043582702849685,0.027078210734242658,0.03504955537259469,0.027078210734242658,0.03539450877895445
2025-08-14 00:00:00+00:00,-0.008074267640694854,-0.008085644340727227,-0.008147207795601186,-0.04810426102705234,-0.04825446766137409,-0.04643283357958006,-0.008025196417749347,-0.008180032314299313,-0.008000655726419281,-0.04810426102705245,-0.0482544676613742,-0.046432833579579946,-0.04810426102705212,-0.0482544676613742,-0.04643283357958006,-0.04977832441879271,-0.050494779165904724,-0.05008209729371427,-0.048219403914417924,-0.04848863312448437,-0.047949917568324674,-0.04821940391441781,-0.04848863312448437,-0.04794991756832445,0.0,0.0,0.0,0.0,0.0,0.0,0.0,0.0,0.0,-0.04033408656852011,-0.07997389860370274,-0.04033408656852011,-0.07988835659746418,-0.04033408656852,-0.07965473246512655
2025-08-15 00:00:00+00:00,-0.0015587375573843376,-0.001560951732625826,-0.0015729343199744061,-0.009045286491048188,-0.009077285929714352,-0.008013325751596745,-0.0015491877173013924,-0.0015793238264500964,-0.0015444121630591168,-0.009045286491047966,-0.00907728592971413,-0.008013325751596745,-0.009045286491048299,-0.00907728592971413,-0.008013325751596856,-0.008906898417582965,-0.009041912053511125,-0.008831788184055833,-0.009083297628530329,-0.009154568013993503,-0.008608337257747789,-0.009083297628530551,-0.009154568013993503,-0.0086083372577479,0.0,0.0,0.0,0.0,0.0,0.0,0.0,0.0,0.0,-0.008048244700830876,-0.01538628931166619,-0.008048244700831098,-0.015314427802771036,-0.008048244700830987,-0.015346660592513994
2025-08-16 00:00:00+00:00,3.067191562866611e-05,3.0715552975069116e-05,3.095171122535767e-05,0.006129703718608992,0.006150879486561234,0.005979474383101424,3.0483707955442085e-05,3.107764082566078e-05,3.038959297052557e-05,0.006129703718608992,0.006150879486561012,0.005979474383101424,0.006129703718608992,0.006150879486561234,0.005979474383101646,0.0064727239368100875,0.006571734819384556,0.006609633191218878,0.006155963018559474,0.006204204498317267,0.006421184245695377,0.006155963018559474,0.006204204498317267,0.006421184245695377,0.0,0.0,0.0,0.0,0.0,0.0,0.0,0.0,0.0,0.00015940467123787272,0.010651748029577357,0.00015940467123787272,0.010632362870004686,0.00015940467123787272,0.010574591445535075
2025-08-17 00:00:00+00:00,5.393635114425699e-05,5.401308475860844e-05,5.442835453406403e-05,0.005311077902267147,0.0053275328232207375,0.005149791601520848,5.3605399343403803e-05,5.464979392000302e-05,5.34399037921407e-05,0.005311077902267147,0.0053275328232205155,0.005149791601520626,0.005311077902267147,0.0053275328232207375,0.005149791601520626,0.005252209173540745,0.005332025756293435,0.00532685293268953,0.0053133562494773745,0.005332270615213464,0.005194622678618588,0.0053133562494773745,0.005332270615213686,0.00519462267861881,0.0,0.0,0.0,0.0,0.0,0.0,0.0,0.0,0.0,0.00028027593046164867,0.01374940880916875,0.0002802759304614266,0.013743338537642869,0.0002802759304614266,0.013827377838751875
2025-08-18 00:00:00+00:00,-0.001968996602030426,-0.0019717976826145733,-0.00198695666528681,-0.02629387421933327,-0.026584413236297344,-0.026014821769967944,-0.0019569155467152877,-0.0019950400700393667,-0.0019508742987334182,-0.02629387421933338,-0.026584413236297122,-0.026014821769967722,-0.02629387421933327,-0.026584413236297344,-0.026014821769968055,-0.027952600135864314,-0.03401718698637246,-0.02773480234888903,-0.038570042165380625,-0.04452559404017198,-0.026826872436189753,-0.03857004216538085,-0.04452559404017209,-0.026826872436189753,0.0,0.0,0.0,0.0,0.0,0.0,0.0,0.0,0.0,-0.010229418003108504,-0.03685656286345984,-0.010229418003108504,-0.03683213742803637,-0.010229418003108504,-0.03709377528984481
2025-08-19 00:00:00+00:00,-0.0056314543140655315,-0.00563948140879067,-0.005682923493359526,-0.04253550564730446,-0.04265747818688781,-0.041827747000226734,-0.005596833985788252,-0.005706089172650697,-0.005579522071788134,-0.04253550564730424,-0.0426574781868877,-0.041827747000226734,-0.04253550564730446,-0.0426574781868877,-0.04182774700022662,-0.0529640273769425,-0.05329651682878955,-0.058574664715927205,-0.0455237653686934,-0.045906364703293234,-0.0514269789317936,-0.0455237653686934,-0.045906364703293345,-0.05142697893179371,0.0,0.0,0.0,0.0,0.0,0.0,0.0,0.0,0.0,-0.029500950925109626,-0.05976823471760917,-0.029500950925109626,-0.05971017696769265,-0.029500950925109626,-0.05927524443008769
2025-08-20 00:00:00+00:00,0.002343889493878981,0.0023472494304823677,0.0023654341175416427,0.040332446607242556,0.04044661086065182,0.03987955768911555,0.002329398931177007,0.0023751318300908597,0.0023221532958233038,0.04033244660724278,0.0404466108606516,0.03987955768911511,0.04033244660724278,0.0404466108606516,0.03987955768911555,0.055025556270519305,0.055390433983604215,0.05493099604754459,0.04791308673385197,0.04835472470274271,0.04881988021009809,0.047913086733852195,0.04835472470274271,0.04881988021009831,0.0,0.0,0.0,0.0,0.0,0.0,0.0,0.0,0.0,0.012580701156046592,0.056876190273678295,0.012580701156046592,0.05684493814570324,0.01258070115604637,0.056808131239983295
2025-08-21 00:00:00+00:00,-0.002957494442376696,-0.002961724046150138,-0.002984615063724827,-0.025612916668694474,-0.02569183236286854,-0.02504137064146139,-0.002939252898732869,-0.002996822275908806,-0.002930131483470766,-0.025612916668694696,-0.02569183236286865,-0.02504137064146139,-0.025612916668694474,-0.02569183236286865,-0.02504137064146139,-0.03253223498089597,-0.032736636275768616,-0.03250017439895092,-0.029646925374206323,-0.029918359555132668,-0.030115631309945656,-0.029646925374206434,-0.029918359555132445,-0.03011563130994599,0.0,0.0,0.0,0.0,0.0,0.0,0.0,0.0,0.0,-0.0157137106654065,-0.04000368639261542,-0.0157137106654065,-0.03995278518042322,-0.0157137106654065,-0.03970483395399216
2025-08-22 00:00:00+00:00,0.007315118433211865,0.007325611085433392,0.0073823998611246555,0.08538277772044367,0.08561510143282969,0.08452145198156025,0.007269866473455178,0.007412684973468142,0.007247239518366255,0.08538277772044367,0.08561510143282991,0.08452145198156047,0.08538277772044367,0.08561510143282969,0.08452145198156025,0.08397952315792212,0.08452502774623571,0.08458104938000321,0.1029735211787659,0.10387635634957659,0.10476250805873577,0.10297352117876613,0.10387635634957659,0.10476250805873599,0.0,0.0,0.0,0.0,0.0,0.0,0.0,0.0,0.0,0.03937027194984366,0.11107346929243378,0.03937027194984366,0.11094951406490283,0.03937027194984366,0.11034995834016303
2025-08-23 00:00:00+00:00,-0.00250050000911628,-0.0025040605903711155,-0.002523330031620419,-0.005203474541720987,-0.005213521103840324,-0.005363816320236192,-0.002485143339212126,-0.002533605420471541,-0.0024774641558439336,-0.005203474541720987,-0.005213521103840435,-0.005363816320236303,-0.00520347454172132,-0.005213521103840435,-0.005363816320236192,-0.007788380517744331,-0.007835028470277283,-0.007683477190901122,-0.0036539352125092295,-0.003663572277455507,-0.0035741883207124348,-0.0036539352125094515,-0.003663572277455507,-0.003574188320712657,0.0,0.0,0.0,0.0,0.0,0.0,0.0,0.0,0.0,-0.01304274413157358,-0.009017413043128308,-0.01304274413157358,-0.009005832781811773,-0.013042744131573358,-0.009031074608923273
2025-08-24 00:00:00+00:00,-0.003133225960544106,-0.0031376987105037335,-0.0031619052540533543,-0.0048844061326354105,-0.004901188601773909,-0.0049134420942708035,-0.003113935502841114,-0.0031748137246151442,-0.003104289431004603,-0.0048844061326352994,-0.004901188601773798,-0.0049134420942706925,-0.0048844061326354105,-0.00490118860177402,-0.0049134420942708035,-0.005127248379279026,-0.005158200177896699,-0.004978326094764118,-0.013000015246064534,-0.01307918764152749,-0.01314653807203281,-0.013000015246064422,-0.013079187641527379,-0.013146538072032699,0.0,0.0,0.0,0.0,0.0,0.0,0.0,0.0,0.0,-0.01651764670399769,-0.022568128315440972,-0.01651764670399769,-0.022572652299005402,-0.01651764670399769,-0.02279384757937475
2025-08-25 00:00:00+00:00,-0.0014971419559445254,-0.002998571772990788,-0.005575829227103646,-0.006881083454761017,-0.013790365099368818,-0.06234265098006786,-0.005490973227694984,-0.0055986650358935686,-0.0054739108136026005,-0.06303366480183692,-0.06320356075753342,-0.06234265098006775,-0.006881083454761128,-0.013790365099368818,-0.06234265098006808,-0.09151687129190789,-0.09467587107511288,-0.06927500136835929,-0.09412338135860021,-0.10004343745879407,-0.07498084627003998,-0.09412338135860032,-0.10004343745879418,-0.07498084627004009,0.0,0.0,0.0,0.0,0.0,0.0,0.0,0.0,0.0,-0.029523431854632576,-0.08720837838830942,-0.029523431854632576,-0.08721378993286644,-0.029523431854632576,-0.08706065370643068
2025-08-26 00:00:00+00:00,0.0,0.0,-0.0014745041318284802,0.0,0.0,-0.006672775293970035,0.0027361556879419435,0.0027901207212390755,0.002727606678900596,0.03615293058816604,0.036257078618935346,0.035462463903013886,0.0,0.0,-0.006672775293969702,0.03266403078808411,0.03277799058998898,0.030401203074697403,0.03276206273118332,0.03297757887056707,0.022174474535274324,0.032762062731183095,0.03297757887056707,0.022174474535274546,0.0,0.0,0.0,0.0,0.0,0.0,0.0,0.0,0.0,0.015075856455421643,0.034644761923426026,0.015075856455421643,0.034709163242769625,0.015075856455421643,0.03472809613008332
2025-08-27 00:00:00+00:00,0.0,0.0,0.0,0.0,0.0,0.0,-0.000878955339319365,-0.0008962426885732455,-0.0008762165488497287,0.00019226874451194753,0.0002064102147700808,-3.629951500583317e-05,0.0,0.0,0.0,-0.028013403703836204,-0.028108036313169493,-0.004448885863691632,-0.028094811020223376,-0.028273724796067046,3.499314005406262e-05,-0.028094811020223487,-0.028273724796067268,3.4993140054284666e-05,0.0,0.0,0.0,0.0,0.0,0.0,0.0,0.0,0.0,-0.004784055105730878,-0.0186441269717591,-0.004784055105730656,-0.018566552962224536,-0.004784055105730767,-0.018258877509739535
2025-08-28 00:00:00+00:00,0.0,0.0,0.0,0.0,0.0,0.0,0.002174054753911303,0.0022168525576533593,0.0021672745433729546,0.017060603350264048,0.01712244218930903,0.016609010946314173,0.0,0.0,0.0,0.01962604326100892,0.019694259802280456,0.023125390616903774,0.019684725464002684,0.01981372943597881,0.013480850261254895,0.019684725464002906,0.019813729435979033,0.013480850261254895,0.0,0.0,0.0,0.0,0.0,0.0,0.0,0.0,0.0,0.011879567340124408,0.016830133823680038,0.01187956734012463,0.01683042818823166,0.011879567340124408,0.017047422980469573
2025-08-29 00:00:00+00:00,0.0,0.0,0.0,0.0,0.0,0.0,-0.006888179887916679,-0.0070234786379446135,-0.006866744222700838,-0.03601547335070898,-0.03612438987636091,-0.03525476806302419,0.0,0.0,0.0,-0.04850675189900122,-0.048672096174715684,-0.033593320687583694,-0.048648988032555796,-0.04896161517166253,-0.021885725691547897,-0.048648988032555796,-0.04896161517166231,-0.021885725691547675,0.0,0.0,0.0,0.0,0.0,0.0,0.0,0.0,0.0,-0.037277686801270415,-0.04720786967827828,-0.037277686801270415,-0.0471674178076279,-0.037277686801270526,-0.047258180295511765
2025-08-30 00:00:00+00:00,0.0,0.0,0.0,0.0,0.0,0.0,0.0007431080386424149,0.0007578075291951869,0.000740779535010061,0.0003650524645937292,0.0003634877605573905,0.0005345463747556956,0.0,0.0,0.0,-0.0070680742870116164,-0.014243227247953794,-0.0020303528481737665,-0.0006616827408926218,-0.014332312819887116,-0.0027036527620910578,-0.0006616827408928438,-0.014332312819887227,-0.0027036527620911688,0.0,0.0,0.0,0.0,0.0,0.0,0.0,0.0,0.0,0.004148523431623419,0.006203578585062486,0.004148523431623419,0.006213544314302988,0.004148523431623419,0.006128048526481855
2025-08-31 00:00:00+00:00,0.0,0.0,0.0,0.0,0.0,0.0,-0.0009578696371784767,-0.0009768029994247085,-0.0009548704071878911,-0.006282198703389086,-0.006307961872407675,-0.006014174268786476,0.0,0.0,0.0,0.0,0.0,-0.00583417507213424,-0.003419236691868943,0.0,-0.0035959810809712556,-0.003419236691868721,0.0,-0.0035959810809711446,0.0,0.0,0.0,0.0,0.0,0.0,0.0,0.0,0.0,-0.005329330439345803,-0.016313129430486906,-0.005329330439345803,-0.01630625009224629,-0.005329330439345914,-0.016367745104067355
2025-09-01 00:00:00+00:00,0.0,0.0,0.0,0.0,0.0,0.0,-0.0014315919701159974,-0.0029198333010452826,0.001635763753109476,-0.006847084253982838,-0.013694133304052225,-0.00837737454217935,0.0,0.0,0.0,0.0,0.0,-0.013644128424495694,-0.007160201068608263,0.0,-0.008764013911647606,-0.007160201068608263,0.0,-0.008764013911647606,0.0,0.0,0.0,0.0,0.0,0.0,0.0,0.0,0.0,0.009169688663849929,-0.029843128068056113,0.009169688663849929,-0.033154332136549725,0.009169688663849929,-0.023242962640103393
2025-09-02 00:00:00+00:00,0.0,0.0,0.0,0.0,0.0,0.0,0.0,0.0,-0.0014378393064697903,0.0,0.0,-0.0066885668317567815,0.0,0.0,0.0,0.0,0.0,0.02676698999318816,0.0,0.0,0.020006969996221535,0.0,0.0,0.020006969996221313,0.0,0.0,0.0,0.0,0.0,0.0,0.0,0.0,0.0,0.018375868667816153,0.03455206183121895,0.018375868667816153,0.034309865597578426,0.018375868667816153,0.030456648051393254
2025-09-03 00:00:00+00:00,0.0,0.0,0.0,0.0,0.0,0.0,0.0,0.0,0.0,0.0,0.0,0.0,0.0,0.0,0.0,0.0,0.0,0.01921969963663095,0.0,0.0,0.01768081051715087,0.0,0.0,0.01768081051715109,0.0,0.0,0.0,0.0,0.0,0.0,0.0,0.0,0.0,0.0045706014870927625,0.017477615181739736,0.0045706014870927625,0.01755398770439376,0.0045706014870927625,0.01746638479915852
2025-09-04 00:00:00+00:00,0.0,0.0,0.0,0.0,0.0,0.0,0.0,0.0,0.0,0.0,0.0,0.0,0.0,0.0,0.0,0.0,0.0,-0.02110305222879416,0.0,0.0,-0.046203174657629686,0.0,0.0,-0.0462031746576298,0.0,0.0,0.0,0.0,0.0,0.0,0.0,0.0,0.0,-0.009266761521777633,-0.037911011183615395,-0.009266761521777522,-0.0378384734217212,-0.009266761521777522,-0.03816064657832818
2025-09-05 00:00:00+00:00,0.0,0.0,0.0,0.0,0.0,0.0,0.0,0.0,0.0,0.0,0.0,0.0,0.0,0.0,0.0,0.0,0.0,0.020602251340717137,0.0,0.0,0.0016962343692075166,0.0,0.0,0.0016962343692075166,0.0,0.0,0.0,0.0,0.0,0.0,0.0,0.0,0.0,-0.000458540803402796,0.025417213202594713,-0.000458540803402796,0.025281870035060328,-0.000458540803402796,0.025545899298637487
2025-09-06 00:00:00+00:00,0.0,0.0,0.0,0.0,0.0,0.0,0.0,0.0,0.0,0.0,0.0,0.0,0.0,0.0,0.0,0.0,0.0,0.012925607024822927,0.0,0.0,0.005441317625962894,0.0,0.0,0.005441317625962894,0.0,0.0,0.0,0.0,0.0,0.0,0.0,0.0,0.0,-0.0041331880124355624,-0.006501911337488342,-0.0041331880124355624,-0.0065454360353633945,-0.004133188012435451,-0.006577062680452106
2025-09-07 00:00:00+00:00,0.0,0.0,0.0,0.0,0.0,0.0,0.0,0.0,0.0,0.0,0.0,0.0,0.0,0.0,0.0,0.0,0.0,0.014150523553811745,0.0,0.0,0.0018365466981307144,0.0,0.0,0.0018365466981307144,0.0,0.0,0.0,0.0,0.0,0.0,0.0,0.0,0.0,0.008320373532608727,0.01586903562263342,0.008320373532608727,0.015861012953738207,0.008320373532608727,0.015951284098693952
2025-09-08 00:00:00+00:00,0.0,0.0,0.0,0.0,0.0,0.0,0.0,0.0,0.0,0.0,0.0,0.0,0.0,0.0,0.0,0.0,0.0,-0.010698542857199844,0.0,0.0,0.004875706977162109,0.0,0.0,0.004875706977162109,0.0,0.0,0.0,0.0,0.0,0.0,0.0,0.0,0.0,0.008485227294507736,0.02329895121423431,0.008485227294507736,0.023159663048269552,0.008485227294507736,0.023551997326211715
2025-09-09 00:00:00+00:00,0.0,0.0,0.0,0.0,0.0,0.0,0.0,0.0,0.0,0.0,0.0,0.0,0.0,0.0,0.0,0.0,0.0,0.006943868018885135,0.0,0.0,0.005002113761452209,0.0,0.0,0.005002113761451987,0.0,0.0,0.0,0.0,0.0,0.0,0.0,0.0,0.0,-0.004668849835423705,0.001722772133485151,-0.004668849835423594,0.0017148433656282158,-0.004668849835423594,0.0016127848443492354
2025-09-10 00:00:00+00:00,0.0,0.0,0.0,0.0,0.0,0.0,0.0,0.0,0.0,0.0,0.0,0.0,0.0,0.0,0.0,0.0,0.0,0.06432494064872274,0.0,0.0,0.016900219616176493,0.0,0.0,0.016900219616176715,0.0,0.0,0.0,0.0,0.0,0.0,0.0,0.0,0.0,0.021825771775211056,0.018404516612853694,0.021825771775211056,0.01843978311442851,0.021825771775211056,0.018526896948651617
2025-09-11 00:00:00+00:00,0.0,0.0,0.0,0.0,0.0,0.0,0.0,0.0,0.0,0.0,0.0,0.0,0.0,0.0,0.0,0.0,0.0,0.01581651942449147,0.0,0.0,0.01684539265874263,0.0,0.0,0.016845392658742853,0.0,0.0,0.0,0.0,0.0,0.0,0.0,0.0,0.0,0.013651305530066882,0.02507666060685776,0.013651305530066882,0.02511480476855832,0.013651305530066882,0.025632477544648147
2025-09-12 00:00:00+00:00,0.0,0.0,0.0,0.0,0.0,0.0,0.0,0.0,0.0,0.0,0.0,0.0,0.0,0.0,0.0,0.0,0.0,0.01927343908111223,0.0,0.0,0.028492908966584407,0.0,0.0,0.028492908966584407,0.0,0.0,0.0,0.0,0.0,0.0,0.0,0.0,0.0,0.004898996018694701,0.028778110410805358,0.004898996018694701,0.028680329245883485,0.004898996018694701,0.028762884158457958
2025-09-13 00:00:00+00:00,0.0,0.0,0.0,0.0,0.0,0.0,0.0,0.0,0.0,0.0,0.0,0.0,0.0,0.0,0.0,0.0,0.0,0.046148391160307334,0.0,0.0,-0.005751336628177506,0.0,0.0,-0.005751336628177395,0.0,0.0,0.0,0.0,0.0,0.0,0.0,0.0,0.0,-0.0011858126576198558,0.017441933031179024,-0.0011858126576198558,0.017348423618164466,-0.0011858126576198558,0.017145545034261023
2025-09-14 00:00:00+00:00,0.0,0.0,0.0,0.0,0.0,0.0,0.0,0.0,0.0,0.0,0.0,0.0,0.0,0.0,0.0,0.0,0.0,0.005392161053328071,0.0,0.0,-0.027354580738209733,0.0,0.0,-0.027354580738209844,0.0,0.0,0.0,0.0,0.0,0.0,0.0,0.0,0.0,-0.005641366803959769,-0.032393310295790956,-0.005641366803959769,-0.03226747696428012,-0.00564136680395988,-0.032824199273357335
2025-09-15 00:00:00+00:00,-0.00133547854156979,-0.002775478541569787,0.0,-0.022541631525885175,-0.029741631525884826,0.0,-0.001335478541569679,-0.002775478541569787,0.0,-0.022541631525884953,-0.029741631525884826,0.0,-0.022541631525885064,-0.029741631525884937,0.0,0.0,0.0,0.013374064993895818,0.0,0.0,-0.02031216260319113,0.0,0.0,-0.02031216260319124,0.0,0.0,0.0,0.0,0.0,0.0,0.0,0.0,0.0,0.0005805879990594676,-0.017706914139364094,0.0005805879990594676,-0.01752361605917574,0.0005805879990594676,-0.018326449340272388
2025-09-16 00:00:00+00:00,0.002268722878545626,0.0022719989321069445,0.0008243939772789588,0.007053458792302791,0.007105800421042918,-0.00022151995853880724,0.002268722878545626,0.0022719989321069445,0.0008243939772789588,0.007053458792302791,0.007105800421042918,-0.0002215199585385852,0.007053458792303013,0.007105800421042918,-0.0002215199585385852,0.0,0.0,-0.0004371161105297672,0.0,0.0,0.0019515472533158107,0.0,0.0,0.0019515472533155886,0.0,0.0,0.0,0.0,0.0,0.0,0.0,0.0,0.0,0.01257987878081912,0.0033587412843150144,0.01257987878081912,0.0029010464996450658,0.01257987878081912,0.0034604996366727203
2025-09-17 00:00:00+00:00,-0.000542956567244457,-0.00054373882348413,-0.000542698891377591,0.020152579097874712,0.02030107027032102,0.02036683446390053,-0.000542956567244457,-0.00054373882348413,-0.00054269889137748,0.02015257909787449,0.020301070270321242,0.02036683446390053,0.02015257909787449,0.020301070270321242,0.02036683446390053,0.0,0.0,0.03903644479646484,0.0,0.0,0.032543087055192155,0.0,0.0,0.032543087055192155,0.0,0.0,0.0,0.0,0.0,0.0,0.0,0.0,0.0,-0.0029799911942356427,0.04271289276561774,-0.0029799911942356427,0.042793304154873146,-0.0029799911942357538,0.043103556971591184
2025-09-18 00:00:00+00:00,0.000988622289765484,0.0009900474068633702,0.0009881528554767094,-0.0003383594932694356,-0.00034080303649253185,-0.00038590184183773246,0.000988622289765484,0.0009900474068631482,0.0009881528554767094,-0.0003383594932693246,-0.0003408030364926429,-0.0003859018418379545,-0.00033835949326921355,-0.0003408030364927539,-0.0003859018418378435,0.0,0.0,0.02978639199592248,0.0,0.0,0.009660124377916413,0.0,0.0,0.00966012437791619,0.0,0.0,0.0,0.0,0.0,0.0,0.0,0.0,0.0,0.005439269121015444,0.006019022262813811,0.005439269121015444,0.006157763763609658,0.005439269121015444,0.0065188471640516
2025-09-19 00:00:00+00:00,-0.0022251065143418236,-0.002228310873578443,-0.002224050994799831,-0.02694580639963895,-0.02714046826420724,-0.02711348230101307,-0.0022251065143418236,-0.002228310873578443,-0.00222405099479972,-0.02694580639963917,-0.02714046826420724,-0.02711348230101307,-0.02694580639963895,-0.02714046826420702,-0.027113482301012848,0.0,0.0,-0.03934848756832543,0.0,0.0,-0.03494895431085765,0.0,0.0,-0.03494895431085743,0.0,0.0,0.0,0.0,0.0,0.0,0.0,0.0,0.0,-0.01218805069998219,-0.04701297496428003,-0.01218805069998219,-0.046881421931741385,-0.01218805069998219,-0.046978383557049086
2025-09-20 00:00:00+00:00,9.662735126458877e-05,9.676681435677459e-05,9.65814121609565e-05,0.0019592927740597066,0.0019738419666344154,0.0019996200905549877,9.662735126458877e-05,9.676681435699663e-05,9.65814121609565e-05,0.0019592927740597066,0.0019738419666341933,0.0019996200905549877,0.0019592927740597066,0.0019738419666341933,0.0019996200905547656,0.0,0.0,-0.0024013252604688784,0.0,0.0,-0.002171291591157587,0.0,0.0,-0.002171291591157698,0.0,0.0,0.0,0.0,0.0,0.0,0.0,0.0,0.0,0.0005346158350876262,-0.002173372166715537,0.0005346158350876262,-0.0022022029419664912,0.0005346158350876262,-0.002056457755966523
2025-09-21 00:00:00+00:00,-0.000734406265855414,-0.0007354661382149574,-0.0007340571441318833,-0.009529540532855152,-0.009600164991741322,-0.009629135952996526,-0.000734406265855192,-0.0007354661382149574,-0.0007340571441319943,-0.009529540532855152,-0.0096001649917411,-0.009629135952996415,-0.009529540532855152,-0.00960016499174099,-0.009629135952996526,0.0,0.0,-0.016222799148799094,0.0,0.0,-0.025096055329939526,0.0,0.0,-0.025096055329939304,0.0,0.0,0.0,0.0,0.0,0.0,0.0,0.0,0.0,-0.004061514059319649,-0.025007237325530673,-0.004061514059319649,-0.024966271678581564,-0.004061514059319649,-0.025275920332689772
2025-09-22 00:00:00+00:00,-0.003979617065473007,-0.003985364552554493,-0.0039777238471557785,-0.046517384282266705,-0.046700542081049234,-0.04659251253894925,-0.003979617065473229,-0.003985364552554271,-0.0039777238471558896,-0.04651738428226648,-0.046700542081049345,-0.04659251253894936,-0.046517384282266816,-0.046700542081049345,-0.04659251253894936,0.0,0.0,-0.04522724531725375,0.0,0.0,-0.055346237194228265,0.0,0.0,-0.05534623719422849,0.0,0.0,0.0,0.0,0.0,0.0,0.0,0.0,0.0,-0.022082146716923656,-0.06787617348951247,-0.022082146716923656,-0.06768516533924074,-0.022082146716923656,-0.06808446916607258
2025-09-23 00:00:00+00:00,-0.0011290875208441742,-0.0011307247090474037,-0.0011285482363058152,-0.013561832864365853,-0.0135644300681943,-0.013684771953917152,-0.0011290875208442852,-0.0011307247090474037,-0.0011285482363058152,-0.007181612759373901,-0.014346403170762412,-0.013909752960433064,-0.013561832864365853,-0.013564430068194189,-0.013684771953917152,0.0,0.0,-0.01310525723861411,0.0,0.0,-0.018801625083631035,0.0,0.0,-0.018801625083631368,0.0,0.0,0.0,0.0,0.0,0.0,0.0,0.0,0.0,-0.00638106935822691,-0.013229392615732638,-0.00638106935822691,-0.013219932948578372,-0.00638106935822691,-0.013276432759384504
2025-09-24 00:00:00+00:00,0.002091341160333604,0.0020943770587078525,0.002090341147333641,0.009910351307644394,0.00991227532051231,-0.00714253417465005,0.002091341160333604,0.0020943770587078525,0.002090341147333863,0.0,0.0,0.009866731933100947,0.009910351307644172,0.00991227532051231,-0.007142534174650161,0.0,0.0,-0.009573119932261953,0.0,0.0,-0.004194656420589027,0.0,0.0,-0.004194656420588805,0.0,0.0,0.0,0.0,0.0,0.0,0.0,0.0,0.0,0.011881745671044497,0.0008303237492044424,0.011881745671044497,0.0008068025528076284,0.011881745671044497,0.0007122561039587527
2025-09-25 00:00:00+00:00,-0.0067620230162889206,-0.006771818600984303,-0.006758796376171494,-0.05891627729501203,-0.058927603138842266,0.0,-0.0067620230162889206,-0.006771818600984303,-0.006758796376171494,0.0,0.0,-0.0072342016623234695,-0.05891627729501203,-0.05892760313884238,0.0,0.0,0.0,-0.07455178156599163,0.0,0.0,0.0,0.0,0.0,0.0,0.0,0.0,0.0,0.0,0.0,0.0,0.0,0.0,0.0,-0.03804604873638451,-0.06228736045047434,-0.03804604873638451,-0.062196261427116206,-0.03804604873638451,-0.06272126550713097
2025-09-26 00:00:00+00:00,0.0010444197083097073,0.0010459429883242777,0.0010439179504138085,-0.0070717187537799875,-0.014181261054181715,0.0,0.0010444197083094853,0.0010459429883242777,0.0010439179504138085,0.0,0.0,0.0,-0.0070717187537797654,-0.014181261054181937,0.0,0.0,0.0,0.030595728316832327,0.0,0.0,0.0,0.0,0.0,0.0,0.0,0.0,0.0,0.0,0.0,0.0,0.0,0.0,0.0,0.006067461195285118,0.03108896701109165,0.006067461195285118,0.031073107948075496,0.006067461195285118,0.03161466549498093
2025-09-27 00:00:00+00:00,-2.5437842474995698e-05,-2.5474904653766117e-05,-2.5425634424758314e-05,0.0,0.0,0.0,-2.5437842474773653e-05,-2.5474904654099184e-05,-2.5425634424869337e-05,0.0,0.0,0.0,0.0,0.0,0.0,0.0,0.0,-0.007098031504655822,0.0,0.0,0.0,0.0,0.0,0.0,0.0,0.0,0.0,0.0,0.0,0.0,0.0,0.0,0.0,-0.0001470410071204853,-0.009046525621215995,-0.0001470410071204853,-0.008966596426552287,-0.0001470410071204853,-0.00909788145604773
2025-09-28 00:00:00+00:00,0.003968767104837179,0.0039745496276404335,0.003966862378081304,0.0,0.0,0.0,0.003968767104837179,0.0039745496276404335,0.003966862378081304,0.0,0.0,0.0,0.0,0.0,0.0,0.0,0.0,0.0,0.0,0.0,0.0,0.0,0.0,0.0,0.0,0.0,0.0,0.0,0.0,0.0,0.0,0.0,0.0,0.02294386747915511,0.03689336859574044,0.02294386747915489,0.036959223661522156,0.02294386747915511,0.03680780998961275
2025-09-29 00:00:00+00:00,-0.0014099878694837642,-0.0028240524672639156,0.0034030486976444063,0.0,0.0,0.0,-0.0014099878694838752,-0.0028240524672639156,0.0034030486976446284,0.0,0.0,0.0,0.0,0.0,0.0,0.0,0.0,0.0,0.0,0.0,0.0,0.0,0.0,0.0,0.0,0.0,0.0,0.0,0.0,0.0,0.0,0.0,0.0,0.019317691713205853,-0.0120298834147482,0.019317691713205853,-0.011902735427814615,0.019317691713205853,-0.01173285169907623
2025-09-30 00:00:00+00:00,0.0,0.0,-0.0014369439035470943,0.0,0.0,0.0,0.0,0.0,-0.0014369439035472054,0.0,0.0,0.0,0.0,0.0,0.0,0.0,0.0,0.0,0.0,0.0,0.0,0.0,0.0,0.0,0.0,0.0,0.0,0.0,0.0,0.0,0.0,0.0,0.0,-0.00260009459181898,-0.012329499566382296,-0.00260009459181898,-0.012339739700579333,-0.00260009459181898,-0.012134543006512177
2025-10-01 00:00:00+00:00,0.0,0.0,0.0,0.0,0.0,0.0,0.0,0.0,0.0,0.0,0.0,0.0,0.0,0.0,0.0,0.0,0.0,0.0,0.0,0.0,0.0,0.0,0.0,0.0,0.0,0.0,0.0,0.0,0.0,0.0,0.0,0.0,0.0,0.0402590706870507,0.045426122526839086,0.0402590706870507,0.04204261494437267,0.0402590706870507,0.06540730723138477
2025-10-02 00:00:00+00:00,0.0,0.0,0.0,0.0,0.0,0.0,0.0,0.0,0.0,0.0,0.0,0.0,0.0,0.0,0.0,0.0,0.0,0.0,0.0,0.0,0.0,0.0,0.0,0.0,0.0,0.0,0.0,0.0,0.0,0.0,0.0,0.0,0.0,0.01652916312046937,0.03738941323481737,0.01652916312046937,0.03755803038429795,0.01652916312046937,0.03356784543656799
2025-10-03 00:00:00+00:00,0.0,0.0,0.0,0.0,0.0,0.0,0.0,0.0,0.0,0.0,0.0,0.0,0.0,0.0,0.0,0.0,0.0,0.0,0.0,0.0,0.0,0.0,0.0,0.0,0.0,0.0,0.0,0.0,0.0,0.0,0.0,0.0,0.0,0.014069486223496463,-0.009206184498597003,0.014069486223496686,-0.009229026437937549,0.014069486223496686,-0.009621175632128942
2025-10-04 00:00:00+00:00,0.0,0.0,0.0,0.0,0.0,0.0,0.0,0.0,0.0,0.0,0.0,0.0,0.0,0.0,0.0,0.0,0.0,0.0,0.0,0.0,0.0,0.0,0.0,0.0,0.0,0.0,0.0,0.0,0.0,0.0,0.0,0.0,0.0,0.001145861947180471,-0.019522050007902525,0.001145861947180471,-0.019616027361812005,0.001145861947180471,-0.019236731288524767
2025-10-05 00:00:00+00:00,0.0,0.0,0.0,0.0,0.0,0.0,0.0,0.0,0.0,0.0,0.0,0.0,0.0,0.0,0.0,0.0,0.0,0.0,0.0,0.0,0.0,0.0,0.0,0.0,0.0,0.0,0.0,0.0,0.0,0.0,0.0,0.0,0.0,0.008674199663951443,-0.0032271826983631957,0.008674199663951443,-0.0032286355098002373,0.008674199663951665,-0.0028539658128867718
2025-10-06 00:00:00+00:00,0.00030765869392035405,-0.0011323413060796428,0.0,0.014873490468854778,0.00767349046885446,0.0,0.0003076586939205761,-0.0011323413060796428,0.0,0.014873490468854778,0.007673490468854682,0.0,0.014873490468855222,0.007673490468854682,0.0,0.014873490468854778,0.007673490468854904,0.0,0.014873490468855,0.007673490468854904,0.0,0.014873490468854778,0.007673490468854682,0.0,0.008921265093907227,0.0017212650939075758,0.0,0.008921265093907449,0.0017212650939071317,0.0,0.008921265093907227,0.0017212650939073537,0.0,0.009709296710294968,0.03662391388887665,0.009709296710294968,0.0367912528835459,0.009709296710294968,0.03627024215705821
2025-10-07 00:00:00+00:00,-0.004845508285183153,-0.004852493727018126,-0.006245279387047775,-0.04524366812361058,-0.0455669418958905,-0.05183878976773948,-0.004845508285183264,-0.004852493727018126,-0.006245279387047664,-0.045243668123611025,-0.04556694189589061,-0.05183878976773937,-0.04524366812361125,-0.04556694189589061,-0.0518387897677397,-0.045243668123611136,-0.0455669418958905,-0.05183878976773959,-0.0452436681236108,-0.04556694189589039,-0.05183878976773948,-0.045243668123610914,-0.04556694189589039,-0.05183878976773948,-0.05380300197337751,-0.054189717946879545,-0.0626030103111912,-0.05380300197337762,-0.05418971794687932,-0.0626030103111912,-0.05380300197337762,-0.054189717946879656,-0.06260301031119131,-0.026668838997790822,-0.05649478213886816,-0.026668838997790822,-0.05677055681142573,-0.026668838997790822,-0.056825418156373875
2025-10-08 00:00:00+00:00,0.002853559881812906,0.002857693725702326,0.002830892969826193,0.021614009209220297,0.021775818152572013,0.021480308208174037,0.002853559881813128,0.002857693725702104,0.002830892969826193,0.02161400920922074,0.021775818152572013,0.021480308208173593,0.02161400920922052,0.021775818152572013,0.021480308208173815,0.021614009209220963,0.021775818152572013,0.021480308208174037,0.021614009209220297,0.02177581815257179,0.021480308208174037,0.02161400920922052,0.02177581815257179,0.021480308208173593,0.10733425731396062,0.10814993752793733,0.10871723809068867,0.10733425731396062,0.10814993752793711,0.1087172380906889,0.1073342573139604,0.10814993752793733,0.10871723809068845,0.016057637139247793,0.02549225614266648,0.016057637139247793,0.02562325235067031,0.016057637139247793,0.025860542386744845
2025-10-09 00:00:00+00:00,-0.002377511080387862,-0.0023809454759968762,-0.002358678917017132,-0.0249161960683304,-0.025098750890448884,-0.02481289980109369,-0.002377511080387862,-0.0023809454759969872,-0.002358678917017243,-0.0249161960683304,-0.025098750890448773,-0.02481289980109358,-0.02491619606833051,-0.025098750890448662,-0.02481289980109358,-0.02491619606833062,-0.025098750890448662,-0.02481289980109369,-0.0249161960683304,-0.025098750890448884,-0.02481289980109369,-0.02491619606833051,-0.025098750890448662,-0.02481289980109347,0.022616325438469254,0.02277142304314883,0.027224347571580987,0.022616325438469476,0.02277142304314883,0.027224347571580987,0.022616325438469476,0.02277142304314883,0.02722434757158121,-0.013204938251586418,-0.011771231065929255,-0.013204938251586529,-0.011853362570068304,-0.013204938251586418,-0.009950565227687669
2025-10-10 00:00:00+00:00,-0.012779950767307313,-0.012798455900519867,-0.012678481992752677,-0.12676120427487625,-0.12771386288965236,-0.1260382155974913,-0.012779950767307313,-0.012798455900519867,-0.012678481992752677,-0.12676120427487636,-0.12771386288965214,-0.12603821559749118,-0.12676120427487625,-0.12771386288965225,-0.12603821559749118,-0.12676120427487647,-0.12771386288965247,-0.12603821559749107,-0.12676120427487625,-0.12771386288965236,-0.12603821559749118,-0.12676120427487625,-0.12771386288965247,-0.1260382155974914,-0.08412834287443804,-0.08469243078907329,-0.07898539616360356,-0.08412834287443816,-0.08469243078907318,-0.07898539616360356,-0.08412834287443793,-0.08469243078907307,-0.07898539616360356,-0.07175997340004903,-0.19081238350758267,-0.07175997340004903,-0.1918060859042472,-0.07175997340004903,-0.19109896601568455
2025-10-11 00:00:00+00:00,-0.0032775998516046956,-0.0032824072834979345,-0.0032512425732179606,-0.007090929892300757,-0.014332802007140155,-0.026633332968542867,-0.0032775998516048066,-0.0032824072834979345,-0.0032512425732180716,-0.007090929892300757,-0.014332802007140377,-0.02663333296854309,-0.007090929892300646,-0.014332802007140377,-0.0266333329685432,-0.007090929892300424,-0.014332802007140155,-0.026633332968542978,-0.007090929892300646,-0.014332802007140266,-0.0266333329685432,-0.007090929892300646,-0.014332802007140266,-0.026633332968542978,0.04331141568549279,0.0436286935592034,0.04725047539797944,0.043311415685493015,0.04362869355920318,0.04725047539797922,0.043311415685493015,0.04362869355920318,0.04725047539797944,-0.019573238798841763,-0.03462077937327812,-0.019573238798841652,-0.03483117689854709,-0.019573238798841763,-0.03374361941723447
2025-10-12 00:00:00+00:00,0.006392826358508241,0.006402233940095758,0.006341249862032994,0.0,0.0,-0.007033722075719395,0.006392826358508241,0.006402233940095758,0.006341249862033216,0.0,0.0,-0.007033722075719173,0.0,0.0,-0.00703372207571884,0.0,0.0,-0.007033722075719173,0.0,0.0,-0.007033722075719062,0.0,0.0,-0.007033722075719173,0.010561093211188366,0.01063522428167163,0.006670139705553968,0.010561093211187922,0.01063522428167163,0.006670139705553746,0.010561093211187922,0.01063522428167163,0.006670139705553746,0.038811348565468196,0.10920588451186863,0.038811348565468196,0.10995551661740688,0.038811348565468196,0.10792136941560915
2025-10-13 00:00:00+00:00,0.00030445384116095653,0.0003048990204492785,0.0003020130247628483,0.0,0.0,0.0,-0.0013601997010889155,-0.002724347637010238,0.0003020130247628483,0.0,0.0,0.0,0.0,0.0,0.0,0.0,0.0,0.0,0.0,0.0,0.0,0.0,0.0,0.0,-0.007110578838073978,-0.010465758829920624,-0.010263221873901274,-0.009688816544024426,-0.009756109204317132,-0.010263221873901274,-0.007110578838073867,-0.010465758829920624,-0.010263221873901163,0.0017906806046303902,0.04007798001442375,0.0017906806046303902,0.04029399462287131,0.0017906806046303902,0.03972876765849054
2025-10-14 00:00:00+00:00,-0.0032585774705563564,-0.0032633407838588147,-0.003232461235883166,0.0,0.0,0.0,0.0,0.0,-0.001351273857487234,0.0,0.0,0.0,0.0,0.0,0.0,0.0,0.0,0.0,0.0,0.0,0.0,0.0,0.0,0.0,-0.020516041658592887,-0.020709098990373764,-0.02305762099424602,-0.02261729943843982,-0.022775933170280926,-0.021736982458618215,-0.020516041658592887,-0.020709098990373764,-0.02305762099424613,-0.019137267951853554,-0.026225099373361815,-0.019137267951853665,-0.026405173324623332,-0.019137267951853443,-0.026649617453905483
2025-10-15 00:00:00+00:00,-0.0033549614330969924,-0.003359881694740774,-0.0033279855197496655,0.0,0.0,0.0,0.0,0.0,0.0,0.0,0.0,0.0,0.0,0.0,0.0,0.0,0.0,0.0,0.0,0.0,0.0,0.0,0.0,0.0,-0.04128324163348773,-0.04155335778245528,-0.040685227633959764,-0.03964499915987729,-0.039929542910737914,-0.040044715308397816,-0.041283241633487955,-0.04155335778245517,-0.040685227633959875,-0.020022287473025147,-0.048800336323278515,-0.020022287473025036,-0.04909222951267733,-0.020022287473025147,-0.04788320767750853
2025-10-16 00:00:00+00:00,-0.003875145640578115,-0.003880847944096266,-0.0038438830911604605,0.0,0.0,0.0,0.0,0.0,0.0,0.0,0.0,0.0,0.0,0.0,0.0,0.0,0.0,0.0,0.0,0.0,0.0,0.0,0.0,0.0,-0.024129970882139973,-0.024350849168742195,-0.02411798077985894,-0.052526415592259346,-0.05291909244241966,-0.05349233302991463,-0.024129970882139973,-0.024350849168741973,-0.02411798077985894,-0.023520064055379764,-0.03899824575609534,-0.023520064055379764,-0.039267921409593565,-0.023520064055379875,-0.039428239579884616
2025-10-17 00:00:00+00:00,-0.0025894302810182124,-0.002593255490580204,-0.002568459568910053,0.0,0.0,0.0,0.0,0.0,0.0,0.0,0.0,0.0,0.0,0.0,0.0,0.0,0.0,0.0,0.0,0.0,0.0,0.0,0.0,0.0,0.014215280123134777,0.014246421292109401,0.014354434760802004,0.008647774562986488,-0.014646552488599252,0.009657327975803653,0.014215280123134777,0.01424642129210918,0.014354434760802004,-0.016032643856633277,-0.023144477586166667,-0.016032643856633277,-0.02334573472855128,-0.016032643856633166,-0.023748870186534043
2025-10-18 00:00:00+00:00,0.0011158802775035337,0.0011175329861967676,0.001106819959096672,0.0,0.0,0.0,0.0,0.0,0.0,0.0,0.0,0.0,0.0,0.0,0.0,0.0,0.0,0.0,0.0,0.0,0.0,0.0,0.0,0.0,0.005956899505759505,0.006027654566226559,0.005814816101513243,0.013957993535030244,0.0,0.013931058598824153,0.005956899505759283,0.006027654566226559,0.005814816101513243,0.007003446258006418,0.020981767537573637,0.007003446258006418,0.02112230212944577,0.007003446258006418,0.021047873563323938
2025-10-19 00:00:00+00:00,0.002194366283940763,0.00219761268943075,0.002176568965941872,0.0,0.0,0.0,0.0,0.0,0.0,0.0,0.0,0.0,0.0,0.0,0.0,0.0,0.0,0.0,0.0,0.0,0.0,0.0,0.0,0.0,0.006611867524875414,0.006702148391901863,0.006935598522516129,0.02877275647462829,0.0,0.029553461442253903,0.006611867524875414,0.006702148391901863,0.006935598522515907,0.013691679171068838,0.017123959450123794,0.013691679171068838,0.017250909560332817,0.013691679171068838,0.01687336085009128
2025-10-20 00:00:00+00:00,-0.0012968844249048317,-0.0025975827893764958,0.0027983138589833256,0.0,0.0,0.0,0.0,0.0,0.0,0.0,0.0,0.0,0.0,0.0,0.0,0.0,0.0,0.0,0.0,0.0,0.0,0.0,0.0,0.0,0.05191494999366242,0.05211575297624993,0.05246092464781249,0.024725292941447874,0.0,0.03990192530915526,0.05191494999366242,0.05211575297624971,0.05246092464781249,0.017402797543320414,0.01375749231683443,0.017402797543320636,0.013874170136356279,0.017402797543320636,0.013214168864972287
2025-10-21 00:00:00+00:00,0.0,0.0,-0.001305123307195788,0.0,0.0,0.0,0.0,0.0,0.0,0.0,0.0,0.0,0.0,0.0,0.0,0.0,0.0,0.0,0.0,0.0,0.0,0.0,0.0,0.0,-0.015347219127136658,-0.015443624719338023,-0.015315462269039792,-0.012586649623850477,0.0,-0.013921743811587062,-0.015347219127136769,-0.015443624719337912,-0.015315462269039903,-0.01994961293523634,-0.029892588367601447,-0.01994961293523634,-0.03010083605688496,-0.01994961293523645,-0.02993636377855513
2025-10-22 00:00:00+00:00,0.0,0.0,0.0,0.0,0.0,0.0,0.0,0.0,0.0,0.0,0.0,0.0,0.0,0.0,0.0,0.0,0.0,0.0,0.0,0.0,0.0,0.0,0.0,0.0,-0.042047272109256295,-0.04228627119560879,-0.04360949834966066,-0.030459223025005144,0.0,-0.029849185196208494,-0.042047272109256295,-0.04228627119560879,-0.04360949834966077,-0.007163840329295512,-0.030263993607944073,-0.007163840329295512,-0.03045328750221865,-0.007163840329295512,-0.030123929232212743
2025-10-23 00:00:00+00:00,0.0,0.0,0.0,0.0,0.0,0.0,0.0,0.0,0.0,0.0,0.0,0.0,0.0,0.0,0.0,0.0,0.0,0.0,0.0,0.0,0.0,0.0,0.0,0.0,0.01274039942604932,0.012880284255824437,0.014100004542527245,0.020190787782584207,0.0,0.02147225833315103,0.01274039942604932,0.012880284255824659,0.014100004542527689,0.023516539980395157,0.026169865467338127,0.023516539980395157,0.026352908899658134,0.023516539980395157,0.025574604224846587
2025-10-24 00:00:00+00:00,0.0,0.0,0.0,0.0,0.0,0.0,0.0,0.0,0.0,0.0,0.0,0.0,0.0,0.0,0.0,0.0,0.0,0.0,0.0,0.0,0.0,0.0,0.0,0.0,0.03299827438280678,0.0331694894812713,0.03370581609776102,0.029650382454388557,0.0,0.0286361272159934,0.03299827438280678,0.0331694894812713,0.0337058160977608,0.008410219656484141,0.023315909380242417,0.008410219656484141,0.02347931025822647,0.008410219656484141,0.022840657517096297
2025-10-25 00:00:00+00:00,0.0,0.0,0.0,0.0,0.0,0.0,0.0,0.0,0.0,0.0,0.0,0.0,0.0,0.0,0.0,0.0,0.0,0.0,0.0,0.0,0.0,0.0,0.0,0.0,0.014868527508211438,0.01501520616742047,0.017096252252732036,0.019059320124665158,0.0,0.020296011162893812,0.01486852750821166,0.015015206167420692,0.017096252252732036,0.005620209194474146,0.007027220097806097,0.005620209194474146,0.007085783397851042,0.005620209194474146,0.006754742578851447
2025-10-26 00:00:00+00:00,0.0,0.0,0.0,0.0,0.0,0.0,0.0,0.0,0.0,0.0,0.0,0.0,0.0,0.0,0.0,0.0,0.0,0.0,0.0,0.0,0.0,0.0,0.0,0.0,0.049743209792991294,0.05003939312857453,0.051487406052015405,0.05654528742390408,0.0,0.05435545459449087,0.049743209792991294,0.05003939312857453,0.051487406052015405,0.02580798614012214,0.04059991771934013,0.02580798614012214,0.04088038295236296,0.02580798614012214,0.04043789969223277
2025-10-27 00:00:00+00:00,-0.002185741442885414,-0.0036257414428855217,0.0,0.0,0.0,0.0,0.0,0.0,0.0,0.0,0.0,0.0,0.0,0.0,0.0,0.0,0.0,0.0,0.0,0.0,0.0,0.0,0.0,0.0,0.0006325002438476446,0.00029371862439964147,0.0038582027870779356,0.010768921349092686,0.0,0.009762451757053814,0.0006325002438478666,0.00029371862439964147,0.0038582027870779356,-0.004024772477655425,-0.018124337192937268,-0.004024772477655425,-0.01824328417495491,-0.004024772477655425,-0.01858545220970753
2025-10-28 00:00:00+00:00,-0.0018585723610617944,-0.0018612584443049585,-0.0033022252164267574,0.0,0.0,0.0,0.0,0.0,0.0,0.0,0.0,0.0,0.0,0.0,0.0,0.0,0.0,0.0,0.0,0.0,0.0,0.0,0.0,0.0,-0.029957844217624596,-0.03010626160631713,-0.03040768750799605,-0.03385527141891376,0.0,-0.03364640794060614,-0.02995784421762482,-0.03010626160631702,-0.03040768750799605,-0.010345695646815645,-0.022191575089537285,-0.010345695646815534,-0.02231879433046935,-0.010345695646815645,-0.02217436698707953
2025-10-29 00:00:00+00:00,-0.004534942129402086,-0.004541508431052388,-0.004550436629741639,0.0,0.0,0.0,0.0,0.0,0.0,0.0,0.0,0.0,0.0,0.0,0.0,0.0,0.0,0.0,0.0,0.0,0.0,0.0,0.0,0.0,-0.0010078319407259562,-0.0011568240271569996,-0.0022792212886874053,0.016758237545405397,0.0,0.014603730098620149,-0.0010078319407259562,-0.0011568240271571106,-0.0022792212886872942,-0.025460125280375112,0.014294234444719889,-0.025460125280375112,0.014351682812295152,-0.025460125280375223,0.014331088920252366
2025-10-30 00:00:00+00:00,-0.002732058233117174,-0.0027360321234429774,-0.0027414355052149952,0.0,0.0,0.0,0.0,0.0,0.0,0.0,0.0,0.0,0.0,0.0,0.0,0.0,0.0,0.0,0.0,0.0,0.0,0.0,0.0,0.0,-0.033076287986474995,-0.03333221831156408,-0.03478676321106133,-0.03114118407336275,0.0,-0.034274654019350925,-0.033076287986474995,-0.03333221831156419,-0.03478676321106122,-0.015667696335606718,-0.06464942710512434,-0.01566769633560683,-0.06502831727458547,-0.01566769633560683,-0.06440440526558577
2025-10-31 00:00:00+00:00,0.0019817607586865016,0.001984651219072653,0.0019885814754569964,0.0,0.0,0.0,0.0,0.0,0.0,0.0,0.0,0.0,0.0,0.0,0.0,0.0,0.0,0.0,0.0,0.0,0.0,0.0,0.0,0.0,0.026426353607859054,0.026446854583584978,0.025191141573108533,0.049882198015155144,0.0,0.046600303332820836,0.026426353607859054,0.026446854583584978,0.02519114157310831,0.011514273437149614,0.013885167749556615,0.011514273437149836,0.01399691456226071,0.011514273437149836,0.013399153533863783
2025-11-01 00:00:00+00:00,0.0007881929091551054,0.0007893402362550983,0.0007909002849537661,0.0,0.0,0.0,0.0,0.0,0.0,0.0,0.0,0.0,0.0,0.0,0.0,0.0,0.0,0.0,0.0,0.0,0.0,0.0,0.0,0.0,0.012440192320504861,0.012526010346842309,0.013029471564126371,0.018910483506973774,0.0,0.021390680546110374,0.012440192320504861,0.012526010346842087,0.01302947156412615,0.004536340424335483,0.017147630657980306,0.004536340424335483,0.0129541451283115,0.004536340424335705,0.01140174477655509
2025-11-02 00:00:00+00:00,0.0007666222050453086,0.0007677372527594706,0.0007692534062864187,0.0,0.0,0.0,0.0,0.0,0.0,0.0,0.0,0.0,0.0,0.0,0.0,0.0,0.0,0.0,0.0,0.0,0.0,0.0,0.0,0.0,-0.007680531261345158,-0.007758440549286649,-0.008865673724393397,-0.0022821129779351246,0.0,-0.004385360188592036,-0.007680531261345158,-0.007758440549286649,-0.008865673724393286,0.004395730209968418,-0.004566560905617911,0.004395730209968418,-0.004618237951302118,0.004395730209968418,-0.010943120156161168
2025-11-03 00:00:00+00:00,-0.0014036963945560643,-0.002808015942158959,-0.006320822173796148,0.0,0.0,0.0,0.0,0.0,0.0,0.0,0.0,0.0,0.0,0.0,0.0,0.0,0.0,0.0,0.0,0.0,0.0,0.0,0.0,0.0,0.03551868812270165,0.029709449651336373,-0.0485636408632979,0.021571725560285637,0.0,-0.053480604576645496,0.035518688122701425,0.02970944965133704,-0.0485636408632979,-0.03598854346199021,-0.09291079432981575,-0.03598854346199032,-0.09357444336313847,-0.03598854346199021,-0.09672524947315075
2025-11-04 00:00:00+00:00,0.0,0.0,-0.0013631237822341324,0.0,0.0,0.0,0.0,0.0,0.0,0.0,0.0,0.0,0.0,0.0,0.0,0.0,0.0,0.0,0.0,0.0,0.0,0.0,0.0,0.0,-0.03458064995304733,-0.034984526505043134,-0.04777710251182832,-0.017644984774414008,0.0,-0.02148162238170126,-0.034580649953047216,-0.03498452650504358,-0.04777710251182843,-0.04776582664198403,-0.04084516792838766,-0.047765826641984144,-0.0411595067472752,-0.04776582664198403,-0.04149785660561178
2025-11-05 00:00:00+00:00,0.0,0.0,0.0,0.0,0.0,0.0,0.0,0.0,0.0,0.0,0.0,0.0,0.0,0.0,0.0,0.0,0.0,0.0,0.0,0.0,0.0,0.0,0.0,0.0,-0.01637138110514713,-0.01637360560614698,-0.007196447505570247,-0.0015600684012272437,0.0,0.032188019712976024,-0.016371381105147242,-0.016373605606146646,-0.007196447505570136,0.023661119277329723,0.040103515734031925,0.023661119277329723,0.040432936241429296,0.023661119277329723,0.04321077422869202
2025-11-06 00:00:00+00:00,0.0,0.0,0.0,0.0,0.0,0.0,0.0,0.0,0.0,0.0,0.0,0.0,0.0,0.0,0.0,0.0,0.0,0.0,0.0,0.0,0.0,0.0,0.0,0.0,0.037524363160618135,0.037662375940967774,0.03204054361497821,0.02901525660194504,0.0,0.011245103151360736,0.03752436316061791,0.03766237594096755,0.03204054361497799,-0.024824538601507684,-0.03001861663749672,-0.024824538601507573,-0.030294660589790356,-0.024824538601507684,-0.031931390189964715
2025-11-07 00:00:00+00:00,0.0,0.0,0.0,0.0,0.0,0.0,0.0,0.0,0.0,0.0,0.0,0.0,0.0,0.0,0.0,0.0,0.0,0.0,0.0,0.0,0.0,0.0,0.0,0.0,0.03264074907404324,0.03291577035961968,0.04008965590451874,0.05653010003763059,0.0,0.07776022524597681,0.03264074907404346,0.032915770359619456,0.04008965590451896,0.01968368208272242,0.10884062021936902,0.01968368208272242,0.10940553945336862,0.01968368208272242,0.10999205038131676
2025-11-08 00:00:00+00:00,0.0,0.0,0.0,0.0,0.0,0.0,0.0,0.0,0.0,0.0,0.0,0.0,0.0,0.0,0.0,0.0,0.0,0.0,0.0,0.0,0.0,0.0,0.0,0.0,-0.06810074225147755,-0.06851487118797306,-0.06145916279001029,-0.046888490855335196,0.0,-0.009885878389808478,-0.06810074225147766,-0.06851487118797295,-0.06145916279001007,-0.009669429817338204,-0.03418474016387851,-0.009669429817338093,-0.03423520189920226,-0.009669429817338093,-0.031635826893698815
2025-11-09 00:00:00+00:00,0.0,0.0,0.0,0.0,0.0,0.0,0.0,0.0,0.0,0.0,0.0,0.0,0.0,0.0,0.0,0.0,0.0,0.0,0.0,0.0,0.0,0.0,0.0,0.0,0.021098807601721337,0.02134628340615108,0.02436740170080598,0.022247589538928247,0.0,0.020244232488118463,0.021098807601721337,0.021346283406150635,0.024367401700805758,0.023555424289076088,0.03136663352787039,0.023555424289076088,0.03153779579267191,0.023555424289076088,0.031349939301852814
2025-11-10 00:00:00+00:00,0.0,0.0,0.0,0.0,0.0,0.0,0.0,0.0,0.0,0.0,0.0,0.0,0.0,0.0,0.0,0.0,0.0,0.0,0.0,0.0,0.0,0.0,0.0,0.0,-0.08363022004721077,-0.08996084555973005,-0.04958818806728149,-0.06392691060925149,0.0,-0.04381891658495918,-0.08363022004721088,-0.08996084555972983,-0.04958818806728138,0.012268309025411428,0.01820870915181394,0.012268309025411428,0.018491238328136372,0.012268309025411428,0.019946657783562527
2025-11-11 00:00:00+00:00,0.0,0.0,0.0,0.0,0.0,0.0,0.0,0.0,0.0,0.0,0.0,0.0,0.0,0.0,0.0,0.0,0.0,0.0,0.0,0.0,0.0,0.0,0.0,0.0,-0.0840885732867952,-0.08474610895696466,-0.04759039642032448,-0.06495304357414733,0.0,-0.04793257958301034,-0.0840885732867952,-0.08474610895696466,-0.04759039642032459,-0.028024602521735775,-0.07823150563870196,-0.028024602521735775,-0.07854659575890188,-0.028024602521735775,-0.07783291178833418
2025-11-12 00:00:00+00:00,0.0,0.0,0.0,0.0,0.0,0.0,0.0,0.0,0.0,0.0,0.0,0.0,0.0,0.0,0.0,0.0,0.0,0.0,0.0,0.0,0.0,0.0,0.0,0.0,-0.006837816921368978,-0.013908836066515384,-0.0037108732990187576,0.023145219948764506,0.0,0.019990732819144652,-0.006837816921368867,-0.013908836066515162,-0.0037108732990187576,-0.013303064236401818,-0.015801319419873505,-0.013303064236401818,-0.01595869839750097,-0.013303064236401818,-0.015617851485808965
2025-11-13 00:00:00+00:00,0.0,0.0,0.0,0.0,0.0,0.0,0.0,0.0,0.0,0.0,0.0,0.0,0.0,0.0,0.0,0.0,0.0,0.0,0.0,0.0,0.0,0.0,0.0,0.0,0.0,0.0,0.0,-0.014869892869564971,0.0,-0.005728470939821317,0.0,0.0,0.0,-0.019918238085947393,-0.031031381781541856,-0.019918238085947504,-0.031216613699832974,-0.019918238085947504,-0.030611542650977874
2025-11-14 00:00:00+00:00,0.0,0.0,0.0,0.0,0.0,0.0,0.0,0.0,0.0,0.0,0.0,0.0,0.0,0.0,0.0,0.0,0.0,0.0,0.0,0.0,0.0,0.0,0.0,0.0,0.0,0.0,0.0,0.05252490605180027,0.0,0.026900663165342786,0.0,0.0,0.0,-0.05130355468187675,-0.03878576181549798,-0.05130355468187675,-0.03918977354217157,-0.05130355468187675,-0.040402445344682736
2025-11-15 00:00:00+00:00,0.0,0.0,0.0,0.0,0.0,0.0,0.0,0.0,0.0,0.0,0.0,0.0,0.0,0.0,0.0,0.0,0.0,0.0,0.0,0.0,0.0,0.0,0.0,0.0,0.0,0.0,0.0,0.08868699945048997,0.0,0.03467205305774268,0.0,0.0,0.0,0.011015199786337027,0.03579154907500537,0.011015199786337249,0.03590135740106715,0.011015199786337027,0.03194589790709035
2025-11-16 00:00:00+00:00,0.0,0.0,0.0,0.0,0.0,0.0,0.0,0.0,0.0,0.0,0.0,0.0,0.0,0.0,0.0,0.0,0.0,0.0,0.0,0.0,0.0,0.0,0.0,0.0,0.0,0.0,0.0,-0.028464843805939832,0.0,-0.0033692439426302734,0.0,0.0,0.0,-0.014244291743759407,-0.04008002348767903,-0.014244291743759407,-0.04029651679253765,-0.014244291743759518,-0.03834671254834099
2025-11-17 00:00:00+00:00,0.0,0.0,0.0,0.0,0.0,0.0,0.0,0.0,0.0,0.0,0.0,0.0,0.0,0.0,0.0,0.0,0.0,0.0,0.0,0.0,0.0,0.0,0.0,0.0,0.0,0.0,0.0,-0.046495899436383104,0.0,-0.04660935381257003,0.0,0.0,0.0,-0.022120218546744175,-0.0408384157944407,-0.022120218546744175,-0.04107613880498939,-0.022120218546744175,-0.04012016414138719
2025-11-18 00:00:00+00:00,0.0,0.0,0.0,0.0,0.0,0.0,0.0,0.0,0.0,0.0,0.0,0.0,0.0,0.0,0.0,0.0,0.0,0.0,0.0,0.0,0.0,0.0,0.0,0.0,0.0,0.0,0.0,0.010519623323993477,0.0,0.006801046294470314,0.0,0.0,0.0,0.008836641672258283,0.03770336810400621,0.008836641672258283,0.0380198603658215,0.008836641672258283,0.038345864299864196
2025-11-19 00:00:00+00:00,0.0,0.0,0.0,0.0,0.0,0.0,0.0,0.0,0.0,0.0,0.0,0.0,0.0,0.0,0.0,0.0,0.0,0.0,0.0,0.0,0.0,0.0,0.0,0.0,0.0,0.0,0.0,0.003433457028578113,0.0,0.0053752718107553665,0.0,0.0,0.0,-0.015636532785101243,-0.00881230016753054,-0.015636532785101465,-0.009042026523921165,-0.015636532785101243,-0.00973999880084886
2025-11-20 00:00:00+00:00,0.0,0.0,0.0,0.0,0.0,0.0,0.0,0.0,0.0,0.0,0.0,0.0,0.0,0.0,0.0,0.0,0.0,0.0,0.0,0.0,0.0,0.0,0.0,0.0,0.0,0.0,0.0,-0.05030545906827888,0.0,-0.05118057832935474,0.0,0.0,0.0,-0.05384467361165768,-0.05664057964239411,-0.05384467361165779,-0.05699665758259975,-0.05384467361165779,-0.05584351303223578
2025-11-21 00:00:00+00:00,0.0,0.0,0.0,0.0,0.0,0.0,0.0,0.0,0.0,0.0,0.0,0.0,0.0,0.0,0.0,0.0,0.0,0.0,0.0,0.0,0.0,0.0,0.0,0.0,0.0,0.0,0.0,-0.07097594807205898,0.0,-0.07561788405132408,0.0,0.0,0.0,-0.01696386557962337,-0.057616245455681,-0.016963865579623483,-0.0578418755675949,-0.01696386557962337,-0.055297332804534416
2025-11-22 00:00:00+00:00,0.0,0.0,0.0,0.0,0.0,0.0,0.0,0.0,0.0,0.0,0.0,0.0,0.0,0.0,0.0,0.0,0.0,0.0,0.0,0.0,0.0,0.0,0.0,0.0,0.0,0.0,0.0,-0.006892008735947752,0.0,-0.021623839293192115,0.0,0.0,0.0,-0.004524333692885185,-0.01358016318594868,-0.004524333692885185,-0.013545834602434526,-0.004524333692885185,-0.012645906625457726
2025-11-23 00:00:00+00:00,0.0,0.0,0.0,0.0,0.0,0.0,0.0,0.0,0.0,0.0,0.0,0.0,0.0,0.0,0.0,0.0,0.0,0.0,0.0,0.0,0.0,0.0,0.0,0.0,0.0,0.0,0.0,0.0,0.0,-0.006771951639529816,0.0,0.0,0.0,0.025084785791885222,0.02175976853958117,0.025084785791885222,0.0219276823599166,0.025084785791885,0.02253376254754924
2025-11-24 00:00:00+00:00,0.0,0.0,0.0,0.0,0.0,0.0,0.0,0.0,0.0,0.0,0.0,0.0,0.0,0.0,0.0,0.0,0.0,0.0,0.0,0.0,0.0,0.0,0.0,0.0,0.0,0.0,0.0,0.0,0.0,0.0,0.0,0.0,0.0,0.016794711287909436,0.043246778093423366,0.016794711287909436,0.04364792647693605,0.016794711287909436,0.04251010039503411
2025-11-25 00:00:00+00:00,0.0,0.0,0.0,0.0,0.0,0.0,0.0,0.0,0.0,0.0,0.0,0.0,0.0,0.0,0.0,0.0,0.0,0.0,0.0,0.0,0.0,0.0,0.0,0.0,0.0,0.0,0.0,0.0,0.0,0.0,0.0,0.0,0.0,-0.010663085076733969,0.007882684720701194,-0.010663085076733858,0.007881000059545062,-0.010663085076733858,0.0076432122171350425
2025-11-26 00:00:00+00:00,0.0,0.0,0.0,0.0,0.0,0.0,0.0,0.0,0.0,0.0,0.0,0.0,0.0,0.0,0.0,0.0,0.0,0.0,0.0,0.0,0.0,0.0,0.0,0.0,0.0,0.0,0.0,0.0,0.0,0.0,0.0,0.0,0.0,0.036001484568968234,0.02884880043692495,0.036001484568968234,0.029041898173142844,0.036001484568968234,0.02651052893073258
2025-11-27 00:00:00+00:00,0.0,0.0,0.0,0.0,0.0,0.0,0.0,0.0,0.0,0.0,0.0,0.0,0.0,0.0,0.0,0.0,0.0,0.0,0.0,0.0,0.0,0.0,0.0,0.0,0.0,0.0,0.0,0.0,0.0,0.0,0.0,0.0,0.0,0.009371845598993067,-0.015145180096499677,0.009371845598993067,-0.015170244266027644,0.009371845598993067,-0.013804592489102485
2025-11-28 00:00:00+00:00,0.0,0.0,0.0,0.0,0.0,0.0,0.0,0.0,0.0,0.0,0.0,0.0,0.0,0.0,0.0,0.0,0.0,0.0,0.0,0.0,0.0,0.0,0.0,0.0,0.0,0.0,0.0,0.0,0.0,0.0,0.0,0.0,0.0,-0.004533672373180253,-0.01600492966778011,-0.004533672373180364,-0.016077636395097628,-0.004533672373180364,-0.015683310499010283
2025-11-29 00:00:00+00:00,0.0,0.0,0.0,0.0,0.0,0.0,0.0,0.0,0.0,0.0,0.0,0.0,0.0,0.0,0.0,0.0,0.0,0.0,0.0,0.0,0.0,0.0,0.0,0.0,0.0,0.0,0.0,0.0,0.0,0.0,0.0,0.0,0.0,-0.0008210977231700722,-0.016473446482995757,-0.0008210977231698502,-0.016578711391635137,-0.0008210977231700722,-0.01600849500327528
2025-11-30 00:00:00+00:00,0.0,0.0,0.0,0.0,0.0,0.0,0.0,0.0,0.0,0.0,0.0,0.0,0.0,0.0,0.0,0.0,0.0,0.0,0.0,0.0,0.0,0.0,0.0,0.0,0.0,0.0,0.0,0.0,0.0,0.0,0.0,0.0,0.0,-0.0050485499745343,-0.02095532252524701,-0.0050485499745343,-0.021033836069722645,-0.0050485499745343,-0.020357920591017153
2025-12-01 00:00:00+00:00,0.0,0.0,0.0,0.0,0.0,0.0,0.0,0.0,0.0,0.0,0.0,0.0,0.0,0.0,0.0,0.0,0.0,0.0,0.0,0.0,0.0,0.0,0.0,0.0,0.0,0.0,0.0,0.0,0.0,0.0,0.0,0.0,0.0,-0.045227090420209226,-0.07265305562781732,-0.045227090420209115,-0.0765777284047977,-0.04522709042020934,-0.069513038956307
2025-12-02 00:00:00+00:00,0.0,0.0,0.0,0.0,0.0,0.0,0.0,0.0,0.0,0.0,0.0,0.0,0.0,0.0,0.0,0.0,0.0,0.0,0.0,0.0,0.0,0.0,0.0,0.0,0.0,0.0,0.0,0.0,0.0,0.0,0.0,0.0,0.0,0.058247015960157134,0.07479154632585772,0.05824701596015691,0.07564137573069996,0.05824701596015691,0.07254107649114405
2025-12-03 00:00:00+00:00,0.0,0.0,0.0,0.0,0.0,0.0,0.0,0.0,0.0,0.0,0.0,0.0,0.0,0.0,0.0,0.0,0.0,0.0,0.0,0.0,0.0,0.0,0.0,0.0,0.0,0.0,0.0,0.0,0.0,0.0,0.0,0.0,0.0,0.02350055663219175,0.04773968255379968,0.02350055663219175,0.048080753477216964,0.02350055663219175,0.04810029150426298
2025-12-04 00:00:00+00:00,0.0,0.0,0.0,0.0,0.0,0.0,0.0,0.0,0.0,0.0,0.0,0.0,0.0,0.0,0.0,0.0,0.0,0.0,0.0,0.0,0.0,0.0,0.0,0.0,0.0,0.0,0.0,0.0,0.0,0.0,0.0,0.0,0.0,-0.014555849176449143,-0.03189698608973057,-0.014555849176449143,-0.03214288175482438,-0.014555849176449254,-0.03233402261696772
2025-12-05 00:00:00+00:00,0.0,0.0,0.0,0.0,0.0,0.0,0.0,0.0,0.0,0.0,0.0,0.0,0.0,0.0,0.0,0.0,0.0,0.0,0.0,0.0,0.0,0.0,0.0,0.0,0.0,0.0,0.0,0.0,0.0,0.0,0.0,0.0,0.0,-0.029841941139410966,-0.04541600718299499,-0.029841941139411077,-0.04584418678484192,-0.029841941139411077,-0.046102822294958434
2025-12-06 00:00:00+00:00,0.0,0.0,0.0,0.0,0.0,0.0,0.0,0.0,0.0,0.0,0.0,0.0,0.0,0.0,0.0,0.0,0.0,0.0,0.0,0.0,0.0,0.0,0.0,0.0,0.0,0.0,0.0,0.0,0.0,0.0,0.0,0.0,0.0,-0.0008654065592040849,0.0076497052120809705,-0.000865406559204196,0.00774785964540925,-0.0008654065592040849,0.007891016289296449
2025-12-07 00:00:00+00:00,0.0,0.0,0.0,0.0,0.0,0.0,0.0,0.0,0.0,0.0,0.0,0.0,0.0,0.0,0.0,0.0,0.0,0.0,0.0,0.0,0.0,0.0,0.0,0.0,0.0,0.0,0.0,0.0,0.0,0.0,0.0,0.0,0.0,0.012706909320330695,-0.0170758243850897,0.012706909320330473,-0.01719051130214433,0.012706909320330473,-0.017552136879495528
2025-12-08 00:00:00+00:00,0.0,0.0,0.0,0.0,0.0,0.0,0.0,0.0,0.0,0.0,0.0,0.0,0.0,0.0,0.0,0.0,0.0,0.0,0.0,0.0,0.0,0.0,0.0,0.0,0.0,0.0,0.0,0.0,0.0,0.0,0.0,0.0,0.0,0.0027827834892235614,0.02788697921462302,0.0027827834892233394,0.0281500699049122,0.0027827834892233394,0.029131252905555627
2025-12-09 00:00:00+00:00,0.0,0.0,0.0,0.0,0.0,0.0,0.0,0.0,0.0,0.0,0.0,0.0,0.0,0.0,0.0,0.0,0.0,0.0,0.0,0.0,0.0,0.0,0.0,0.0,0.0,0.0,0.0,0.0,0.0,0.0,0.0,0.0,0.0,0.022460599030201145,0.03877989763287237,0.022460599030201145,0.039146020320526276,0.022460599030201145,0.0393192915202516
2025-12-10 00:00:00+00:00,0.0,0.0,0.0,0.0,0.0,0.0,0.0,0.0,0.0,0.0,0.0,0.0,0.0,0.0,0.0,0.0,0.0,0.0,0.0,0.0,0.0,0.0,0.0,0.0,0.0,0.0,0.0,0.0,0.0,0.0,0.0,0.0,0.0,-0.007055885208760437,-0.03508802389200194,-0.007055885208760215,-0.03535996792700469,-0.007055885208760437,-0.03568759340011918
2025-12-11 00:00:00+00:00,0.0,0.0,0.0,0.0,0.0,0.0,0.0,0.0,0.0,0.0,0.0,0.0,0.0,0.0,0.0,0.0,0.0,0.0,0.0,0.0,0.0,0.0,0.0,0.0,0.0,0.0,0.0,0.0,0.0,0.0,0.0,0.0,0.0,0.005497957918418672,-0.00988453487011487,0.00549795791841845,-0.009999379019166477,0.005497957918418672,-0.009646448341978586
2025-12-12 00:00:00+00:00,0.0,0.0,0.0,0.0,0.0,0.0,0.0,0.0,0.0,0.0,0.0,0.0,0.0,0.0,0.0,0.0,0.0,0.0,0.0,0.0,0.0,0.0,0.0,0.0,0.0,0.0,0.0,0.0,0.0,0.0,0.0,0.0,0.0,-0.024464567439649088,-0.029155038361093344,-0.024464567439648754,-0.029446081657783618,-0.024464567439649088,-0.02966959422516069
2025-12-13 00:00:00+00:00,0.0,0.0,0.0,0.0,0.0,0.0,0.0,0.0,0.0,0.0,0.0,0.0,0.0,0.0,0.0,0.0,0.0,0.0,0.0,0.0,0.0,0.0,0.0,0.0,0.0,0.0,0.0,0.0,0.0,0.0,0.0,0.0,0.0,-0.0002512239969869601,0.006670741027541061,-0.0002512239969869601,0.006753097282274023,-0.00025122399698684905,0.006964491606442635
2025-12-14 00:00:00+00:00,0.0,0.0,0.0,0.0,0.0,0.0,0.0,0.0,0.0,0.0,0.0,0.0,0.0,0.0,0.0,0.0,0.0,0.0,0.0,0.0,0.0,0.0,0.0,0.0,0.0,0.0,0.0,0.0,0.0,0.0,0.0,0.0,0.0,-0.023086838537606513,-0.043340702212385396,-0.023086838537606402,-0.0437140282781896,-0.023086838537606513,-0.04441854535931877
2025-12-15 00:00:00+00:00,0.0,0.0,0.0,0.0,0.0,0.0,0.0,0.0,0.0,0.0,0.0,0.0,0.0,0.0,0.0,0.0,0.0,0.0,0.0,0.0,0.0,0.0,0.0,0.0,0.0,0.0,0.0,0.0,0.0,0.0,0.0,0.0,0.0,-0.019894272090529075,-0.03206584841639082,-0.019894272090528853,-0.03236729325911758,-0.019894272090528964,-0.032412015926890025
2025-12-16 00:00:00+00:00,0.0,0.0,0.0,0.0,0.0,0.0,0.0,0.0,0.0,0.0,0.0,0.0,0.0,0.0,0.0,0.0,0.0,0.0,0.0,0.0,0.0,0.0,0.0,0.0,0.0,0.0,0.0,0.0,0.0,0.0,0.0,0.0,0.0,0.01662290624005558,0.0031521636678724096,0.01662290624005558,0.0031391284779991313,0.01662290624005558,0.0025982437431777416
2025-12-17 00:00:00+00:00,0.0,0.0,0.0,0.0,0.0,0.0,0.0,0.0,0.0,0.0,0.0,0.0,0.0,0.0,0.0,0.0,0.0,0.0,0.0,0.0,0.0,0.0,0.0,0.0,0.0,0.0,0.0,0.0,0.0,0.0,0.0,0.0,0.0,-0.01871559419996882,-0.056301511863134035,-0.01871559419996871,-0.05682328277616988,-0.01871559419996871,-0.057318155396569925
2025-12-18 00:00:00+00:00,0.0,0.0,0.0,0.0,0.0,0.0,0.0,0.0,0.0,0.0,0.0,0.0,0.0,0.0,0.0,0.0,0.0,0.0,0.0,0.0,0.0,0.0,0.0,0.0,0.0,0.0,0.0,0.0,0.0,0.0,0.0,0.0,0.0,-0.008696810117925113,-0.0395215322727972,-0.008696810117925224,-0.03994911366303944,-0.008696810117925113,-0.039994993106269305
2025-12-19 00:00:00+00:00,0.0,0.0,0.0,0.0,0.0,0.0,0.0,0.0,0.0,0.0,0.0,0.0,0.0,0.0,0.0,0.0,0.0,0.0,0.0,0.0,0.0,0.0,0.0,0.0,0.0,0.0,0.0,0.0,0.0,0.0,0.0,0.0,0.0,0.03080539882859812,0.06880421347672683,0.03080539882859812,0.069541441108802,0.03080539882859812,0.07010085108201491
2025-12-20 00:00:00+00:00,0.0,0.0,0.0,0.0,0.0,0.0,0.0,0.0,0.0,0.0,0.0,0.0,0.0,0.0,0.0,0.0,0.0,0.0,0.0,0.0,0.0,0.0,0.0,0.0,0.0,0.0,0.0,0.0,0.0,0.0,0.0,0.0,0.0,0.0026262122889935124,0.007811890137255251,0.0026262122889935124,0.00784750730127981,0.0026262122889935124,0.007527980774765686
2025-12-21 00:00:00+00:00,0.0,0.0,0.0,0.0,0.0,0.0,0.0,0.0,0.0,0.0,0.0,0.0,0.0,0.0,0.0,0.0,0.0,0.0,0.0,0.0,0.0,0.0,0.0,0.0,0.0,0.0,0.0,0.0,0.0,0.0,0.0,0.0,0.0,0.0035771704180065367,-0.01938684826093562,0.0035771704180063146,-0.019581048363801812,0.0035771704180065367,-0.0196050067535406
2025-12-22 00:00:00+00:00,0.0,0.0,0.0,0.0,0.0,0.0,0.0,0.0,0.0,0.0,0.0,0.0,0.0,0.0,0.0,0.0,0.0,0.0,0.0,0.0,0.0,0.0,0.0,0.0,0.0,0.0,0.0,0.0,0.0,0.0,0.0,0.0,0.0,-0.0009384030564094648,-0.0009563746712989429,-0.0009384030564095758,-0.0009891561452268771,-0.0009384030564095758,-0.0009501959479377708
2025-12-23 00:00:00+00:00,0.0,0.0,0.0,0.0,0.0,0.0,0.0,0.0,0.0,0.0,0.0,0.0,0.0,0.0,0.0,0.0,0.0,0.0,0.0,0.0,0.0,0.0,0.0,0.0,0.0,0.0,0.0,0.0,0.0,0.0,0.0,0.0,0.0,-0.012731381237143236,-0.014404282594598472,-0.012731381237143014,-0.01458641221040069,-0.012731381237143125,-0.014768170607734943
2025-12-24 00:00:00+00:00,0.0,0.0,0.0,0.0,0.0,0.0,0.0,0.0,0.0,0.0,0.0,0.0,0.0,0.0,0.0,0.0,0.0,0.0,0.0,0.0,0.0,0.0,0.0,0.0,0.0,0.0,0.0,0.0,0.0,0.0,0.0,0.0,0.0,0.0020554889366632967,0.006742787657906257,0.0020554889366632967,0.0067275215884079476,0.0020554889366632967,0.006995934781199198
2025-12-25 00:00:00+00:00,0.0,0.0,0.0,0.0,0.0,0.0,0.0,0.0,0.0,0.0,0.0,0.0,0.0,0.0,0.0,0.0,0.0,0.0,0.0,0.0,0.0,0.0,0.0,0.0,0.0,0.0,0.0,0.0,0.0,0.0,0.0,0.0,0.0,-0.0049920653156416694,-0.016367204279056358,-0.0049920653156416694,-0.016548270820452182,-0.0049920653156416694,-0.016642873213789655
2025-12-26 00:00:00+00:00,0.0,0.0,0.0,0.0,0.0,0.0,0.0,0.0,0.0,0.0,0.0,0.0,0.0,0.0,0.0,0.0,0.0,0.0,0.0,0.0,0.0,0.0,0.0,0.0,0.0,0.0,0.0,0.0,0.0,0.0,0.0,0.0,0.0,0.0014262659616059992,0.02427666959001784,0.0014262659616059992,0.024486865610716668,0.0014262659616059992,0.024627488052316515
2025-12-27 00:00:00+00:00,0.0,0.0,0.0,0.0,0.0,0.0,0.0,0.0,0.0,0.0,0.0,0.0,0.0,0.0,0.0,0.0,0.0,0.0,0.0,0.0,0.0,0.0,0.0,0.0,0.0,0.0,0.0,0.0,0.0,0.0,0.0,0.0,0.0,0.005864987414659684,0.0413082556240536,0.005864987414659684,0.04167398001191258,0.005864987414659684,0.04231748681966829
2025-12-28 00:00:00+00:00,0.0,0.0,0.0,0.0,0.0,0.0,0.0,0.0,0.0,0.0,0.0,0.0,0.0,0.0,0.0,0.0,0.0,0.0,0.0,0.0,0.0,0.0,0.0,0.0,0.0,0.0,0.0,0.0,0.0,0.0,0.0,0.0,0.0,0.0007891080539357276,-0.008161872057204644,0.0007891080539359496,-0.008235738055608843,0.0007891080539359496,-0.008179968833148088
2025-12-29 00:00:00+00:00,0.0,0.0,0.0,0.0,0.0,0.0,0.0,0.0,0.0,0.0,0.0,0.0,0.0,0.0,0.0,0.0,0.0,0.0,0.0,0.0,0.0,0.0,0.0,0.0,0.0,0.0,0.0,0.0,0.0,0.0,0.0,0.0,0.0,-0.008722503845987939,-0.016108381449724596,-0.00872250384598805,-0.016295860057284783,-0.008722503845987939,-0.01579864742052206
2025-12-30 00:00:00+00:00,0.0,0.0,0.0,0.0,0.0,0.0,0.0,0.0,0.0,0.0,0.0,0.0,0.0,0.0,0.0,0.0,0.0,0.0,0.0,0.0,0.0,0.0,0.0,0.0,0.0,0.0,0.0,0.0,0.0,0.0,0.0,0.0,0.0,0.014771076553326656,-0.0034471309619855672,0.014771076553326656,-0.003469417243131434,0.014771076553326656,-0.0036873010182238986
2025-12-31 00:00:00+00:00,0.0,0.0,0.0,0.0,0.0,0.0,0.0,0.0,0.0,0.0,0.0,0.0,0.0,0.0,0.0,0.0,0.0,0.0,0.0,0.0,0.0,0.0,0.0,0.0,0.0,0.0,0.0,0.0,0.0,0.0,0.0,0.0,0.0,-0.010176305891003823,-0.021707158997978704,-0.010176305891003712,-0.021976335907160194,-0.010176305891003712,-0.022374460190867196
2026-01-01 00:00:00+00:00,0.0,0.0,0.0,0.0,0.0,0.0,0.0,0.0,0.0,0.0,0.0,0.0,0.0,0.0,0.0,0.0,0.0,0.0,0.0,0.0,0.0,0.0,0.0,0.0,0.0,0.0,0.0,0.0,0.0,0.0,0.0,0.0,0.0,0.01417633375140026,0.036246577322863516,0.01417633375140026,0.029125875451244232,0.01417633375140026,0.05764502541120087
2026-01-02 00:00:00+00:00,0.0,0.0,0.0,0.0,0.0,0.0,0.0,0.0,0.0,0.0,0.0,0.0,0.0,0.0,0.0,0.0,0.0,0.0,0.0,0.0,0.0,0.0,0.0,0.0,0.0,0.0,0.0,0.0,0.0,0.0,0.0,0.0,0.0,0.013744340946652889,0.06709386809662732,0.013744340946652889,0.06700238139615977,0.013744340946652667,0.059493315930606805
2026-01-03 00:00:00+00:00,0.0,0.0,0.0,0.0,0.0,0.0,0.0,0.0,0.0,0.0,0.0,0.0,0.0,0.0,0.0,0.0,0.0,0.0,0.0,0.0,0.0,0.0,0.0,0.0,0.0,0.0,0.0,0.0,0.0,0.0,0.0,0.0,0.0,0.00711476545885481,0.015056066527989298,0.00711476545885481,0.01504386922979073,0.00711476545885481,0.014794025742736139
2026-01-04 00:00:00+00:00,0.0,0.0,0.0,0.0,0.0,0.0,0.0,0.0,0.0,0.0,0.0,0.0,0.0,0.0,0.0,0.0,0.0,0.0,0.0,0.0,0.0,0.0,0.0,0.0,0.0,0.0,0.0,0.0,0.0,0.0,0.0,0.0,0.0,0.009889620104280405,0.025265921349522102,0.009889620104280405,0.025257139462416145,0.009889620104280405,0.024773514854471212
2026-01-05 00:00:00+00:00,0.0032445550772590703,0.0018045550772591845,0.0,0.029957173276598636,0.02275717327659854,0.0,0.0,0.0,0.0,0.0,0.0,0.0,0.029957173276598636,0.02275717327659832,0.0,0.029957173276598636,0.02275717327659832,0.0,0.029957173276598414,0.02275717327659854,0.0,0.029957173276598636,0.02275717327659854,0.0,0.014943864626818515,0.00774386462681842,0.0,0.0,0.0,0.0,0.0,0.0,0.0,0.02596957177519843,0.03876360103931509,0.02596957177519843,0.038780422842499274,0.02596957177519843,0.03877641113718666
2026-01-06 00:00:00+00:00,-0.00029033880326589934,-0.0002907561380390833,-0.0017238924359906926,0.0034363853482006768,0.003460576793788528,-0.003393679962517382,0.0,0.0,0.0,0.0,0.0,0.0,0.0034363853482006768,0.00346057679378875,-0.003393679962517604,0.0034363853482006768,0.00346057679378875,-0.003393679962517493,0.0034363853482006768,0.00346057679378875,-0.003393679962517715,0.0034363853482006768,0.00346057679378875,-0.003393679962517604,0.005608665044253502,0.005648737119843927,-0.002558835445163443,0.0,0.0,0.0,0.0,0.0,0.0,-0.00157718019994868,0.011703125407591886,-0.001577180199948791,0.01167322890812228,-0.001577180199948791,0.011639576468021717
2026-01-07 00:00:00+00:00,-0.004790912449727958,-0.004797800939481345,-0.004691267372534114,-0.04098989516435925,-0.04127746044818914,-0.040664335713653466,0.0,0.0,0.0,0.0,0.0,0.0,-0.040989895164359136,-0.04127746044818892,-0.04066433571365358,-0.040989895164359136,-0.04127746044818892,-0.040664335713653466,-0.040989895164359025,-0.04127746044818892,-0.040664335713653466,-0.040989895164359025,-0.04127746044818914,-0.04066433571365358,-0.06117068264742653,-0.06160527226651846,-0.06008672350647937,0.0,0.0,0.0,0.0,0.0,0.0,-0.026058766772074082,-0.05475643652187656,-0.026058766772074193,-0.05472277481633114,-0.026058766772074082,-0.05448969389487335
2026-01-08 00:00:00+00:00,-0.0005001269617923576,-0.0005008495231356713,-0.0004896759083907742,-0.022100579489119254,-0.022262301961028408,-0.022429550405891452,0.0,0.0,0.0,0.0,0.0,0.0,-0.022100579489119365,-0.02226230196102874,-0.02242955040589123,-0.022100579489119476,-0.022262301961028963,-0.02242955040589123,-0.022100579489119365,-0.02226230196102863,-0.02242955040589123,-0.022100579489119587,-0.02226230196102852,-0.02242955040589134,-0.029306118371584033,-0.029527993571390687,-0.029594580761281075,0.0,0.0,0.0,0.0,0.0,0.0,-0.0027796970915667796,-0.013468672334782661,-0.0027796970915668906,-0.013509104494144886,-0.0027796970915667796,-0.013050285924645855
2026-01-09 00:00:00+00:00,-0.0010068481715646005,-0.0010083035502543858,-0.000985797958293011,-0.009612175610905216,-0.009684114884106587,-0.009521915056502128,0.0,0.0,0.0,0.0,0.0,0.0,-0.009612175610905105,-0.009684114884106476,-0.009521915056502017,-0.009612175610904994,-0.009684114884106587,-0.009521915056502017,-0.009612175610905105,-0.009684114884106476,-0.009521915056501906,-0.009612175610904994,-0.009684114884106476,-0.009521915056501906,0.0005521387034830294,0.0005564461078162442,0.0004386651438428313,0.0,0.0,0.0,0.0,0.0,0.0,-0.005608837035572134,-0.005807900884416961,-0.005608837035572245,-0.0057843442057275984,-0.005608837035572245,-0.005829772533589184
2026-01-10 00:00:00+00:00,-0.0002564518148725492,-0.00025682288494099925,-0.0002510848762434792,-0.016987780694732058,-0.01711616361484991,-0.01751251121703612,0.0,0.0,0.0,0.0,0.0,0.0,-0.016987780694731947,-0.0171161636148498,-0.017512511217036786,-0.016987780694731947,-0.017116163614849578,-0.01751251121703634,-0.016987780694731835,-0.0171161636148498,-0.017512511217036564,-0.01698778069473217,-0.017116163614850022,-0.017512511217036453,-0.029900435627971955,-0.030133568423269086,-0.029292107541334045,0.0,0.0,0.0,0.0,0.0,0.0,-0.0014352245942543806,-0.014358974044620387,-0.0014352245942544917,-0.014337070573723465,-0.0014352245942542696,-0.01373559904252708
2026-01-11 00:00:00+00:00,0.000960573601108683,0.0009619638493219007,0.0009404659862670695,0.009402849332477814,0.009475147599582678,0.009680090981731393,0.0,0.0,0.0,0.0,0.0,0.0,0.009402849332477814,0.0094751475995829,0.009680090981731615,0.009402849332477814,0.0094751475995829,0.009680090981731171,0.009402849332477592,0.009475147599582678,0.009680090981731393,0.009402849332477814,0.0094751475995829,0.009680090981731393,-0.0011209474253719431,-0.0011299589686134537,-0.0015282024269720473,0.0,0.0,0.0,0.0,0.0,0.0,0.005382166218180551,0.0010059406837941154,0.005382166218180551,0.0010096085235116181,0.005382166218180551,0.0009023817147988389
2026-01-12 00:00:00+00:00,0.0006235260883162841,0.0006244276568645457,0.0006104861273132922,0.008176568899318282,0.0074956192166688584,0.0066411251310067865,0.0,0.0,0.0,0.0,0.0,0.0,0.00817656889931806,0.007495619216668414,0.0066411251310070085,-0.009514442283444002,-0.012524883579549284,0.0066411251310072306,-0.009514442283443891,-0.012524883579549062,0.0066411251310072306,-0.009514442283444113,-0.01252488357954884,0.0066411251310070085,-0.021851329246762474,-0.024910177821938273,-0.01686601183417913,-0.026409128621857847,-0.03360912862185794,0.0,-0.026409128621857958,-0.03360912862185772,0.0,0.003478298763282428,-0.013778725568087347,0.003478298763282428,-0.013761709874597794,0.00347829876328265,-0.013982061303546844
2026-01-13 00:00:00+00:00,0.008272501839509783,0.008284455747131325,0.008099602439545661,0.038163568663003966,0.038189371417281404,0.04002958603956519,0.0,0.0,0.0,0.0,0.0,0.0,0.038163568663003966,0.038189371417281404,0.040029586039564746,0.0522084950434778,0.05236767099530204,0.049226321687197094,0.05220849504347802,0.05236767099530204,0.049226321687197094,0.05220849504347824,0.05236767099530204,0.049226321687197094,0.10672630341636347,0.1078578483405408,0.10280180486375623,0.0516237920787328,0.05200841005679435,0.044112263358856874,0.05162379207873258,0.05200841005679435,0.044112263358856874,0.046016316385177225,0.07350368258702811,0.046016316385177225,0.07347250568875308,0.046016316385177225,0.07305524506669236
2026-01-14 00:00:00+00:00,0.0030716081644779347,0.003076010222517578,0.003007925828820923,0.02375017494955811,0.023765641993614084,0.02081059820532616,0.0,0.0,0.0,0.0,0.0,0.0,0.02375017494955789,0.023765641993614306,0.02081059820532638,0.0016582757628844647,0.0016630800121926193,0.0015863263838780117,0.0016582757628844647,0.0016630800121926193,0.0015863263838777897,0.0016582757628844647,0.0016630800121923972,0.0015863263838780117,-0.03314056158373535,-0.03346334842890786,-0.03302949731436233,-0.015597137304988906,-0.015707597386960592,-0.015768087843499035,-0.015597137304988906,-0.015707597386960703,-0.015768087843498924,0.016469493961423387,0.004117299462418567,0.016469493961423387,0.004140855782503561,0.016469493961423387,0.0037841359930677054
2026-01-15 00:00:00+00:00,-0.0026656771711635052,-0.0026694857562267194,-0.0026105765673480885,-0.02930101054571177,-0.029319649543545934,-0.02738462102236483,0.0,0.0,0.0,0.0,0.0,0.0,-0.02930101054571166,-0.029319649543546045,-0.02738462102236472,-0.022191595843645606,-0.022255781154796983,-0.02225946460704864,-0.022191595843645717,-0.022255781154796983,-0.02225946460704853,-0.022191595843645717,-0.02225578115479676,-0.02225946460704875,-0.048810930500882366,-0.04927130439553329,-0.04832681741178513,-0.032688393675121885,-0.03292358966489728,-0.032682077639885176,-0.032688393675121885,-0.03292358966489728,-0.032682077639885065,-0.01410456132504978,-0.0453981858193917,-0.01410456132504978,-0.0453917136739419,-0.01410456132504978,-0.045035356924784775
2026-01-16 00:00:00+00:00,-0.00016349415153738,-0.0001637283689733815,-0.00016010581710879102,-0.000630104115198149,-0.0006305170448186459,-0.00013551610725004437,0.0,0.0,0.0,0.0,0.0,0.0,-0.000630104115198038,-0.0006305170448185349,-0.00013551610725037744,0.0015187130312062092,0.001523205629410107,0.0015158874899396935,0.0015187130312064312,0.0015232056294103291,0.0015158874899399155,0.0015187130312064312,0.001523205629409885,0.0015158874899396935,0.010665751281584424,0.010791525300342553,0.010397023118443816,0.008698550052323117,0.008763267653280504,0.008711537073692766,0.00869855005232334,0.008763267653280282,0.008711537073692766,-0.0008751130506922111,0.003384641843987346,-0.0008751130506922111,0.0033833456807514928,-0.0008751130506921001,0.0034763134585220623
2026-01-17 00:00:00+00:00,-0.0007702195384315935,-0.0007713231154392597,-0.0007542545680638835,-0.00682686979426228,-0.006831346507306213,-0.006071338525306613,0.0,0.0,0.0,0.0,0.0,0.0,-0.006826869794262502,-0.006831346507306435,-0.006071338525306391,-0.001994678622010637,-0.0020005702291042704,-0.0019841901362942505,-0.001994678622010748,-0.0020005702291041594,-0.0019841901362943615,-0.001994678622010748,-0.0020005702291040484,-0.0019841901362942505,-0.031240864787692835,-0.03156202795430818,-0.030651500151586242,-0.01268830202926452,-0.012781883483820256,-0.012721180952070421,-0.012688302029264742,-0.012781883483819922,-0.012721180952070421,-0.004125586362874856,-0.01004691024887261,-0.004125586362874856,-0.010041378883253516,-0.004125586362874856,-0.009796891784272455
2026-01-18 00:00:00+00:00,-0.0028884416822980707,-0.00289258346039023,-0.002828525396841086,-0.028471790891790416,-0.02849058966111706,-0.02730001693085682,0.0,0.0,0.0,0.0,0.0,0.0,-0.028471790891790194,-0.02849058966111706,-0.027300016930856708,-0.02683568656486468,-0.026915109011381166,-0.02692144878618108,-0.02683568656486468,-0.026915109011381166,-0.02692144878618108,-0.02683568656486479,-0.026915109011381277,-0.02692144878618119,-0.06301911987375264,-0.06366389064447675,-0.06239799117156486,-0.04273959730485666,-0.04305890074136176,-0.04268626582648116,-0.042739597304856436,-0.04305890074136198,-0.042686265826481384,-0.015523711021313225,-0.04383691194629091,-0.015523711021313225,-0.043833354798797464,-0.015523711021313447,-0.04338111516155718
2026-01-19 00:00:00+00:00,-0.0021069288858789337,-0.0021099588058226537,-0.0020630999114513715,-0.017416495755897432,-0.017628865064336363,-0.017669454448322797,0.0,0.0,0.0,0.0,0.0,0.0,-0.017416495755897543,-0.01762886506433603,-0.017669454448322908,-0.02325903152749975,-0.02907753765888954,-0.027065069737048364,-0.03553448988033625,-0.038596652294345724,-0.027065069737048142,-0.02325903152749975,-0.02907753765888954,-0.027065069737048253,-0.007557644999797497,-0.014793391201963435,-0.02400896527083385,-0.033508036323621426,-0.03376963584014492,-0.03349017927444142,-0.03350803632362154,-0.03376963584014492,-0.03349017927444131,-0.011468861635356431,-0.02068271224694096,-0.011468861635356542,-0.02065718686173268,-0.011468861635356653,-0.020590785779500242
2026-01-20 00:00:00+00:00,-0.008354241471437707,-0.008366280892733502,-0.008180094721540465,-0.05103027462817478,-0.05104130419861097,-0.051481139499404804,0.0,0.0,0.0,0.0,0.0,0.0,-0.05103027462817478,-0.05104130419861108,-0.051481139499405026,-0.06296305805978464,-0.0633403614470065,-0.06828994595979676,-0.054745233996769005,-0.05491958623339377,-0.0580228087103376,-0.06296305805978464,-0.06334036144700639,-0.06828994595979687,0.0,0.0,-0.007144658199617515,-0.05456481019626458,-0.05500568971816999,-0.05453116700092153,-0.0545648101962648,-0.05500568971816999,-0.05453116700092164,-0.04590617554126719,-0.06055395760102178,-0.04590617554126719,-0.06052848138977307,-0.04590617554126719,-0.06048706418684002
2026-01-21 00:00:00+00:00,0.0020880040577937464,0.002091038498393205,0.002044119990951332,0.018787202550679227,0.01879148158234889,0.01862769603006953,0.0,0.0,0.0,0.0,0.0,0.0,0.01878720255067945,0.018791481582349112,0.01862769603006975,-0.007276825982258761,-0.014545107699181714,0.022477399609500237,-0.007211399973053312,-0.014408646590365226,0.019306636732089988,-0.007276825982258872,-0.014545107699181936,0.022477399609500237,0.0,0.0,0.0,-0.00691775552649132,-0.014165374082301452,0.029510177636616675,-0.0069177555264915425,-0.01416537408230134,0.029510177636616675,0.011925069017762358,0.025957452265530145,0.011925069017762358,0.025944370690164087,0.011925069017762358,0.02589100854432025
2026-01-22 00:00:00+00:00,0.0001974416451251404,0.00019772798305761619,0.00019330043328902313,-0.000524760507928379,-0.0005248778244617558,-0.0015390299704981514,0.0,0.0,0.0,0.0,0.0,0.0,-0.00052476050792849,-0.0005248778244618668,-0.0015390299704981514,0.0,0.0,-0.007376474058282345,0.0,0.0,-0.007170061503832925,0.0,0.0,-0.007376474058282234,0.0,0.0,0.0,0.0,0.0,-0.007137717051800885,0.0,0.0,-0.007137717051800663,0.0011166725284792456,-0.01006118715540616,0.0011166725284792456,-0.010044268388972322,0.0011166725284792456,-0.010052006517902279
2026-01-23 00:00:00+00:00,2.2610607412820727e-05,2.2643391756282938e-05,2.2136456081955913e-05,-0.0006315941722221385,-0.0006317354468605707,-0.0009002053065909621,0.0,0.0,0.0,0.0,0.0,0.0,-0.0006315941722221385,-0.0006317354468602376,-0.0009002053065911841,0.0,0.0,0.0,0.0,0.0,0.0,0.0,0.0,0.0,0.0,0.0,0.0,0.0,0.0,0.0,0.0,0.0,0.0,0.00012776160109972956,-0.0005081987196061677,0.00012776160109972956,-0.0005107502363216332,0.00012776160109972956,-0.0005541362158177909
2026-01-24 00:00:00+00:00,-0.0007769327539417503,-0.0007780592452809598,-0.0007606405978766162,-0.006019951244679467,-0.006021298635267347,-0.005328452774235215,0.0,0.0,0.0,0.0,0.0,0.0,-0.006019951244679689,-0.00602129863526768,-0.005328452774235548,0.0,0.0,0.0,0.0,0.0,0.0,0.0,0.0,0.0,0.0,0.0,0.0,0.0,0.0,0.0,0.0,0.0,0.0,-0.004389609469378719,0.0004088995373487947,-0.004389609469378608,0.00039394111994917047,-0.004389609469378608,0.0005954221816437677
2026-01-25 00:00:00+00:00,-0.004989234366778894,-0.0049964739967591765,-0.004884531275596071,-0.04714520108376308,-0.04715581708472527,-0.04589985893141413,0.0,0.0,0.0,0.0,0.0,0.0,-0.047145201083762966,-0.04715581708472505,-0.04589985893141346,0.0,0.0,0.0,0.0,0.0,0.0,0.0,0.0,0.0,0.0,0.0,0.0,0.0,0.0,0.0,0.0,0.0,0.0,-0.02829107104148887,-0.04607361734067128,-0.02829107104148898,-0.04605705684317929,-0.028291071041488758,-0.04553168905932248
2026-01-26 00:00:00+00:00,-0.0013777896458690986,-0.0027595978545158495,0.003287756857515811,-0.007153587359170599,-0.014268392066001834,0.04277591838484174,0.0,0.0,0.0,0.0,0.0,0.0,-0.007153587359170599,-0.014268392066001834,0.042775918384841516,0.0,0.0,0.0,0.0,0.0,0.0,0.0,0.0,0.0,0.0,0.0,0.0,0.0,0.0,0.0,0.0,0.0,0.0,0.019501295835097965,0.03322913527150417,0.019501295835097965,0.03322170072018782,0.019501295835097965,0.032749944936962816
2026-01-27 00:00:00+00:00,0.0,0.0,-0.001370549042111091,0.0,0.0,-0.007155780635939357,0.0,0.0,0.0,0.0,0.0,0.0,0.0,0.0,-0.007155780635939246,0.0,0.0,0.0,0.0,0.0,0.0,0.0,0.0,0.0,0.0,0.0,0.0,0.0,0.0,0.0,0.0,0.0,0.0,0.00982379492081642,0.026699001309856474,0.009823794920816642,0.026655541756072543,0.009823794920816642,0.026357868974888232
2026-01-28 00:00:00+00:00,0.0,0.0,0.0,0.0,0.0,0.0,0.0,0.0,0.0,0.0,0.0,0.0,0.0,0.0,0.0,0.0,0.0,0.0,0.0,0.0,0.0,0.0,0.0,0.0,0.0,0.0,0.0,0.0,0.0,0.0,0.0,0.0,0.0,0.000509891719825184,-0.009695595801800794,0.000509891719825184,-0.009690025417462556,0.000509891719825184,-0.009357497891435806
2026-01-29 00:00:00+00:00,0.0,0.0,0.0,0.0,0.0,0.0,0.0,0.0,0.0,0.0,0.0,0.0,0.0,0.0,0.0,0.0,0.0,0.0,0.0,0.0,0.0,0.0,0.0,0.0,0.0,0.0,0.0,0.0,0.0,0.0,0.0,0.0,0.0,-0.052143055817250206,-0.06791344389424736,-0.05214305581725032,-0.06791295816757237,-0.05214305581725032,-0.06783092851839556
2026-01-30 00:00:00+00:00,0.0,0.0,0.0,0.0,0.0,0.0,0.0,0.0,0.0,0.0,0.0,0.0,0.0,0.0,0.0,0.0,0.0,0.0,0.0,0.0,0.0,0.0,0.0,0.0,0.0,0.0,0.0,0.0,0.0,0.0,0.0,0.0,0.0,-0.004759138217461767,-0.024684606891403504,-0.004759138217461767,-0.02469575991058537,-0.004759138217461878,-0.02462032206442577
2026-01-31 00:00:00+00:00,0.0,0.0,0.0,0.0,0.0,0.0,0.0,0.0,0.0,0.0,0.0,0.0,0.0,0.0,0.0,0.0,0.0,0.0,0.0,0.0,0.0,0.0,0.0,0.0,0.0,0.0,0.0,0.0,0.0,0.0,0.0,0.0,0.0,-0.06494977647986311,-0.08473865692551508,-0.06494977647986311,-0.08472844076061903,-0.06494977647986311,-0.08453641276923429
2026-02-01 00:00:00+00:00,0.0,0.0,0.0,0.0,0.0,0.0,0.0,0.0,0.0,0.0,0.0,0.0,0.0,0.0,0.0,0.0,0.0,0.0,0.0,0.0,0.0,0.0,0.0,0.0,0.0,0.0,0.0,0.0,0.0,0.0,0.0,0.0,0.0,-0.022282448377581088,-0.03451091603601841,-0.022282448377580977,-0.038686820688938806,-0.022282448377581088,-0.03262568626093698
2026-02-02 00:00:00+00:00,0.0,0.0,0.0,0.0,0.0,0.0,0.0,0.0,0.0,0.0,0.0,0.0,0.0,0.0,0.0,0.0,0.0,0.0,0.0,0.0,0.0,0.0,0.0,0.0,0.0,0.0,0.0,0.0,0.0,0.0,0.0,0.0,0.0,0.0230354092103926,0.0309686046464428,0.0230354092103926,0.030993963115727885,0.0230354092103926,0.02662098478527919
2026-02-03 00:00:00+00:00,0.0,0.0,0.0,0.0,0.0,0.0,0.0,0.0,0.0,0.0,0.0,0.0,0.0,0.0,0.0,0.0,0.0,0.0,0.0,0.0,0.0,0.0,0.0,0.0,0.0,0.0,0.0,0.0,0.0,0.0,0.0,0.0,0.0,-0.03820363977965313,-0.03481582013880169,-0.03820363977965313,-0.034809418087191846,-0.03820363977965313,-0.03479369812712951
2026-02-04 00:00:00+00:00,0.0,0.0,0.0,0.0,0.0,0.0,0.0,0.0,0.0,0.0,0.0,0.0,0.0,0.0,0.0,0.0,0.0,0.0,0.0,0.0,0.0,0.0,0.0,0.0,0.0,0.0,0.0,0.0,0.0,0.0,0.0,0.0,0.0,-0.03520271673211839,-0.019018669192442106,-0.03520271673211839,-0.018980919408551622,-0.03520271673211839,-0.019237876393003117
2026-02-05 00:00:00+00:00,0.0,0.0,0.0,0.0,0.0,0.0,0.0,0.0,0.0,0.0,0.0,0.0,0.0,0.0,0.0,0.0,0.0,0.0,0.0,0.0,0.0,0.0,0.0,0.0,0.0,0.0,0.0,0.0,0.0,0.0,0.0,0.0,0.0,-0.1398257486506479,-0.15563456076679638,-0.139825748650648,-0.155592966129097,-0.139825748650648,-0.15564215926099512
2026-02-06 00:00:00+00:00,0.0,0.0,0.0,0.0,0.0,0.0,0.0,0.0,0.0,0.0,0.0,0.0,0.0,0.0,0.0,0.0,0.0,0.0,0.0,0.0,0.0,0.0,0.0,0.0,0.0,0.0,0.0,0.0,0.0,0.0,0.0,0.0,0.0,0.12321351786084023,0.12632988589821492,0.12321351786084,0.12632002276179577,0.12321351786084,0.12629462537588387
2026-02-07 00:00:00+00:00,0.0,0.0,0.0,0.0,0.0,0.0,0.0,0.0,0.0,0.0,0.0,0.0,0.0,0.0,0.0,0.0,0.0,0.0,0.0,0.0,0.0,0.0,0.0,0.0,0.0,0.0,0.0,0.0,0.0,0.0,0.0,0.0,0.0,-0.01819086685089677,-0.009217673813030958,-0.01819086685089666,-0.009196352624913029,-0.01819086685089677,-0.009226793215026508
2026-02-08 00:00:00+00:00,0.0,0.0,0.0,0.0,0.0,0.0,0.0,0.0,0.0,0.0,0.0,0.0,0.0,0.0,0.0,0.0,0.0,0.0,0.0,0.0,0.0,0.0,0.0,0.0,0.0,0.0,0.0,0.0,0.0,0.0,0.0,0.0,0.0,0.014941062671330885,-0.011689978762927211,0.014941062671330663,-0.011675625442277182,0.01494106267133044,-0.011710420821479661
2026-02-09 00:00:00+00:00,0.0,0.0,0.0,0.0,0.0,0.0,0.0,0.0,0.0,0.0,0.0,0.0,0.0,0.0,0.0,0.0,0.0,0.0,0.0,0.0,0.0,0.0,0.0,0.0,0.0,0.0,0.0,0.0,0.0,0.0,0.0,0.0,0.0,-0.0025233592864361,-0.005025573689152352,-0.002523359286435878,-0.004992134505841239,-0.002523359286435989,-0.005102651795131141
2026-02-10 00:00:00+00:00,0.0,0.0,0.0,0.0,0.0,0.0,0.0,0.0,0.0,0.0,0.0,0.0,0.0,0.0,0.0,0.0,0.0,0.0,0.0,0.0,0.0,0.0,0.0,0.0,0.0,0.0,0.0,0.0,0.0,0.0,0.0,0.0,0.0,-0.018520729582712447,-0.024957151015441825,-0.01852072958271256,-0.02491211699876883,-0.018520729582712336,-0.025117282746881298
2026-02-11 00:00:00+00:00,0.0,0.0,0.0,0.0,0.0,0.0,0.0,0.0,0.0,0.0,0.0,0.0,0.0,0.0,0.0,0.0,0.0,0.0,0.0,0.0,0.0,0.0,0.0,0.0,0.0,0.0,0.0,0.0,0.0,0.0,0.0,0.0,0.0,-0.02585211685717259,-0.027941604110552465,-0.02585211685717259,-0.027929302118275934,-0.02585211685717259,-0.02819257729420821
2026-02-12 00:00:00+00:00,0.0,0.0,0.0,0.0,0.0,0.0,0.0,0.0,0.0,0.0,0.0,0.0,0.0,0.0,0.0,0.0,0.0,0.0,0.0,0.0,0.0,0.0,0.0,0.0,0.0,0.0,0.0,0.0,0.0,0.0,0.0,0.0,0.0,-0.012188449879768526,0.023891471308183032,-0.012188449879768526,0.023841661213599208,-0.012188449879768526,0.0241111325220007
2026-02-13 00:00:00+00:00,0.0,0.0,0.0,0.0,0.0,0.0,0.0,0.0,0.0,0.0,0.0,0.0,0.0,0.0,0.0,0.0,0.0,0.0,0.0,0.0,0.0,0.0,0.0,0.0,0.0,0.0,0.0,0.0,0.0,0.0,0.0,0.0,0.0,0.039330594490091686,0.059282534972003864,0.03933059449009191,0.059325605731497255,0.039330594490091686,0.05905095227047741
2026-02-14 00:00:00+00:00,0.0,0.0,0.0,0.0,0.0,0.0,0.0,0.0,0.0,0.0,0.0,0.0,0.0,0.0,0.0,0.0,0.0,0.0,0.0,0.0,0.0,0.0,0.0,0.0,0.0,0.0,0.0,0.0,0.0,0.0,0.0,0.0,0.0,0.014168458989711086,0.08738170491559072,0.014168458989711086,0.08716026110327135,0.014168458989711086,0.08703690964369382
2026-02-15 00:00:00+00:00,0.0,0.0,0.0,0.0,0.0,0.0,0.0,0.0,0.0,0.0,0.0,0.0,0.0,0.0,0.0,0.0,0.0,0.0,0.0,0.0,0.0,0.0,0.0,0.0,0.0,0.0,0.0,0.0,0.0,0.0,0.0,0.0,0.0,-0.014257104765704298,-0.04881495074228592,-0.014257104765704187,-0.04870590312093992,-0.014257104765704187,-0.048879536152615866
2026-02-16 00:00:00+00:00,0.0,0.0,0.0,0.0,0.0,0.0,0.0,0.0,0.0,0.0,0.0,0.0,0.0,0.0,0.0,0.0,0.0,0.0,0.0,0.0,0.0,0.0,0.0,0.0,0.0,0.0,0.0,0.0,0.0,0.0,0.0,0.0,0.0,0.0009613036399582775,0.011051931082704192,0.0009613036399582775,0.01103402970311218,0.0009613036399582775,0.011227000948115462
2026-02-17 00:00:00+00:00,0.0,0.0,0.0,0.0,0.0,0.0,0.0,0.0,0.0,0.0,0.0,0.0,0.0,0.0,0.0,0.0,0.0,0.0,0.0,0.0,0.0,0.0,0.0,0.0,0.0,0.0,0.0,0.0,0.0,0.0,0.0,0.0,0.0,-0.020207199934125453,-0.016562360513184715,-0.02020719993412534,-0.016575102476789727,-0.020207199934125453,-0.01655354415306598
2026-02-18 00:00:00+00:00,0.0,0.0,0.0,0.0,0.0,0.0,0.0,0.0,0.0,0.0,0.0,0.0,0.0,0.0,0.0,0.0,0.0,0.0,0.0,0.0,0.0,0.0,0.0,0.0,0.0,0.0,0.0,0.0,0.0,0.0,0.0,0.0,0.0,-0.01551743304474662,-0.04090335158319125,-0.01551743304474662,-0.04088176610771277,-0.01551743304474662,-0.04084603407084064
2026-02-19 00:00:00+00:00,0.0,0.0,0.0,0.0,0.0,0.0,0.0,0.0,0.0,0.0,0.0,0.0,0.0,0.0,0.0,0.0,0.0,0.0,0.0,0.0,0.0,0.0,0.0,0.0,0.0,0.0,0.0,0.0,0.0,0.0,0.0,0.0,0.0,0.008321465635467984,-0.005210225637300558,0.008321465635467984,-0.005231017393108162,0.008321465635467984,-0.005244328372184137
2026-02-20 00:00:00+00:00,0.0,0.0,0.0,0.0,0.0,0.0,0.0,0.0,0.0,0.0,0.0,0.0,0.0,0.0,0.0,0.0,0.0,0.0,0.0,0.0,0.0,0.0,0.0,0.0,0.0,0.0,0.0,0.0,0.0,0.0,0.0,0.0,0.0,0.015109485236477926,0.02441324562468128,0.015109485236477704,0.02440414818598402,0.015109485236477704,0.02450393683289165
2026-02-21 00:00:00+00:00,0.0,0.0,0.0,0.0,0.0,0.0,0.0,0.0,0.0,0.0,0.0,0.0,0.0,0.0,0.0,0.0,0.0,0.0,0.0,0.0,0.0,0.0,0.0,0.0,0.0,0.0,0.0,0.0,0.0,0.0,0.0,0.0,0.0,-0.0004212729916647229,-0.006616499313045421,-0.0004212729916648339,-0.006600616661705305,-0.0004212729916648339,-0.006490613987024774
2026-02-22 00:00:00+00:00,0.0,0.0,0.0,0.0,0.0,0.0,0.0,0.0,0.0,0.0,0.0,0.0,0.0,0.0,0.0,0.0,0.0,0.0,0.0,0.0,0.0,0.0,0.0,0.0,0.0,0.0,0.0,0.0,0.0,0.0,0.0,0.0,0.0,-0.004970879592582023,-0.02718765391377287,-0.004970879592582134,-0.027176177920595013,-0.004970879592582134,-0.0272252760925481
2026-02-23 00:00:00+00:00,0.0,0.0,0.0,0.0,0.0,0.0,0.0,0.0,0.0,0.0,0.0,0.0,0.0,0.0,0.0,0.0,0.0,0.0,0.0,0.0,0.0,0.0,0.0,0.0,0.0,0.0,0.0,0.0,0.0,0.0,0.0,0.0,0.0,-0.04425154374620466,-0.04599467773260213,-0.04425154374620477,-0.04598732714828846,-0.04425154374620477,-0.04609607699167262
2026-02-24 00:00:00+00:00,0.0,0.0,0.0,0.0,0.0,0.0,0.0,0.0,0.0,0.0,0.0,0.0,0.0,0.0,0.0,0.0,0.0,0.0,0.0,0.0,0.0,0.0,0.0,0.0,0.0,0.0,0.0,0.0,0.0,0.0,0.0,0.0,0.0,-0.008625814651676222,-0.0025314167666388165,-0.008625814651676111,-0.0025584437118802983,-0.008625814651676111,-0.0024242973228697506
2026-02-25 00:00:00+00:00,0.0,0.0,0.0,0.0,0.0,0.0,0.0,0.0,0.0,0.0,0.0,0.0,0.0,0.0,0.0,0.0,0.0,0.0,0.0,0.0,0.0,0.0,0.0,0.0,0.0,0.0,0.0,0.0,0.0,0.0,0.0,0.0,0.0,0.06125257205861301,0.09540036910382188,0.06125257205861301,0.09540505421868328,0.06125257205861301,0.09589021017425581
2026-02-26 00:00:00+00:00,0.0,0.0,0.0,0.0,0.0,0.0,0.0,0.0,0.0,0.0,0.0,0.0,0.0,0.0,0.0,0.0,0.0,0.0,0.0,0.0,0.0,0.0,0.0,0.0,0.0,0.0,0.0,0.0,0.0,0.0,0.0,0.0,0.0,-0.007385647984459509,-0.022933391841443274,-0.007385647984459509,-0.02285903481004936,-0.007385647984459509,-0.022738979938422776
2026-02-27 00:00:00+00:00,0.0,0.0,0.0,0.0,0.0,0.0,0.0,0.0,0.0,0.0,0.0,0.0,0.0,0.0,0.0,0.0,0.0,0.0,0.0,0.0,0.0,0.0,0.0,0.0,0.0,0.0,0.0,0.0,0.0,0.0,0.0,0.0,0.0,-0.02415998930812624,-0.032191297121911044,-0.02415998930812635,-0.03219756453221678,-0.02415998930812624,-0.032185056020217595
2026-02-28 00:00:00+00:00,0.0,0.0,0.0,0.0,0.0,0.0,0.0,0.0,0.0,0.0,0.0,0.0,0.0,0.0,0.0,0.0,0.0,0.0,0.0,0.0,0.0,0.0,0.0,0.0,0.0,0.0,0.0,0.0,0.0,0.0,0.0,0.0,0.0,0.016822213928527896,0.014760445351062135,0.016822213928527674,0.014744634973262505,0.016822213928527896,0.014967615578302507
2026-03-01 00:00:00+00:00,0.0,0.0,0.0,0.0,0.0,0.0,0.0,0.0,0.0,0.0,0.0,0.0,0.0,0.0,0.0,0.0,0.0,0.0,0.0,0.0,0.0,0.0,0.0,0.0,0.0,0.0,0.0,0.0,0.0,0.0,0.0,0.0,0.0,-0.017901873809596736,-0.026078620633694816,-0.017901873809596736,-0.029411679544095737,-0.017901873809596847,-0.02933055650001648
2026-03-02 00:00:00+00:00,0.0,0.0,0.0,0.0,0.0,0.0,0.0,0.0,0.0,0.0,0.0,0.0,0.0,0.0,0.0,0.0,0.0,0.0,0.0,0.0,0.0,0.0,0.0,0.0,0.0,0.0,0.0,0.0,0.0,0.0,0.0,0.0,0.0,0.04657224528273174,0.030329715535101442,0.04657224528273174,0.030483963557905724,0.04657224528273196,0.027001285199439007
2026-03-03 00:00:00+00:00,0.0,0.0,0.0,0.0,0.0,0.0,0.0,0.0,0.0,0.0,0.0,0.0,0.0,0.0,0.0,0.0,0.0,0.0,0.0,0.0,0.0,0.0,0.0,0.0,0.0,0.0,0.0,0.0,0.0,0.0,0.0,0.0,0.0,-0.007206240236192207,-0.021075723478327424,-0.007206240236192318,-0.02117094698000077,-0.007206240236192318,-0.02100161576813242
2026-03-04 00:00:00+00:00,0.0,0.0,0.0,0.0,0.0,0.0,0.0,0.0,0.0,0.0,0.0,0.0,0.0,0.0,0.0,0.0,0.0,0.0,0.0,0.0,0.0,0.0,0.0,0.0,0.0,0.0,0.0,0.0,0.0,0.0,0.0,0.0,0.0,0.0636161120955443,0.05036934923021419,0.0636161120955443,0.05061648009689734,0.0636161120955443,0.050474920307781
2026-03-05 00:00:00+00:00,0.0,0.0,0.0,0.0,0.0,0.0,0.0,0.0,0.0,0.0,0.0,0.0,0.0,0.0,0.0,0.0,0.0,0.0,0.0,0.0,0.0,0.0,0.0,0.0,0.0,0.0,0.0,0.0,0.0,0.0,0.0,0.0,0.0,-0.024705276015412503,-0.021310878299382274,-0.024705276015412503,-0.021398159235401004,-0.024705276015412503,-0.02137299451693675
2026-03-06 00:00:00+00:00,0.0,0.0,0.0,0.0,0.0,0.0,0.0,0.0,0.0,0.0,0.0,0.0,0.0,0.0,0.0,0.0,0.0,0.0,0.0,0.0,0.0,0.0,0.0,0.0,0.0,0.0,0.0,0.0,0.0,0.0,0.0,0.0,0.0,-0.03920798559973815,-0.03664965944614673,-0.03920798559973804,-0.03683129076690339,-0.03920798559973804,-0.03680635922893316
2026-03-07 00:00:00+00:00,0.0,0.0,0.0,0.0,0.0,0.0,0.0,0.0,0.0,0.0,0.0,0.0,0.0,0.0,0.0,0.0,0.0,0.0,0.0,0.0,0.0,0.0,0.0,0.0,0.0,0.0,0.0,0.0,0.0,0.0,0.0,0.0,0.0,-0.012459872696754637,-0.01683996187970138,-0.012459872696754637,-0.01689746458656194,-0.012459872696754637,-0.016932905922821484
2026-03-08 00:00:00+00:00,0.0,0.0,0.0,0.0,0.0,0.0,0.0,0.0,0.0,0.0,0.0,0.0,0.0,0.0,0.0,0.0,0.0,0.0,0.0,0.0,0.0,0.0,0.0,0.0,0.0,0.0,0.0,0.0,0.0,0.0,0.0,0.0,0.0,-0.019165436854980733,-0.015474032698317486,-0.019165436854980733,-0.015542505660373296,-0.019165436854980733,-0.015472159804875596
2026-03-09 00:00:00+00:00,0.0,0.0,0.0,0.0,0.0,0.0,0.0,0.0,0.0,0.0,0.0,0.0,0.0,0.0,0.0,0.0,0.0,0.0,0.0,0.0,0.0,0.0,0.0,0.0,0.0,0.0,0.0,0.0,0.0,0.0,0.0,0.0,0.0,0.03731376541293563,0.03491887717622766,0.03731376541293563,0.03510360196278306,0.03731376541293563,0.035213990694187514
2026-03-10 00:00:00+00:00,0.0,0.0,0.0,0.0,0.0,0.0,0.0,0.0,0.0,0.0,0.0,0.0,0.0,0.0,0.0,0.0,0.0,0.0,0.0,0.0,0.0,0.0,0.0,0.0,0.0,0.0,0.0,0.0,0.0,0.0,0.0,0.0,0.0,0.022338324212135996,0.0205326103143999,0.022338324212135996,0.0206394109730883,0.022338324212136218,0.020566803876011397
2026-03-11 00:00:00+00:00,0.0,0.0,0.0,0.0,0.0,0.0,0.0,0.0,0.0,0.0,0.0,0.0,0.0,0.0,0.0,0.0,0.0,0.0,0.0,0.0,0.0,0.0,0.0,0.0,0.0,0.0,0.0,0.0,0.0,0.0,0.0,0.0,0.0,0.0035329769529606203,-0.00014533343566125456,0.0035329769529606203,-0.00013418928864628032,0.0035329769529606203,-0.00013977008192345153
2026-03-12 00:00:00+00:00,0.0,0.0,0.0,0.0,0.0,0.0,0.0,0.0,0.0,0.0,0.0,0.0,0.0,0.0,0.0,0.0,0.0,0.0,0.0,0.0,0.0,0.0,0.0,0.0,0.0,0.0,0.0,0.0,0.0,0.0,0.0,0.0,0.0,0.004608591613491475,0.008853696116763121,0.004608591613491475,0.008902889513912271,0.004608591613491475,0.008914360989704884
2026-03-13 00:00:00+00:00,0.0,0.0,0.0,0.0,0.0,0.0,0.0,0.0,0.0,0.0,0.0,0.0,0.0,0.0,0.0,0.0,0.0,0.0,0.0,0.0,0.0,0.0,0.0,0.0,0.0,0.0,0.0,0.0,0.0,0.0,0.0,0.0,0.0,0.005852273790626805,0.011226192152450132,0.005852273790626583,0.011291339379538634,0.005852273790626583,0.011399263487648081
2026-03-14 00:00:00+00:00,0.0,0.0,0.0,0.0,0.0,0.0,0.0,0.0,0.0,0.0,0.0,0.0,0.0,0.0,0.0,0.0,0.0,0.0,0.0,0.0,0.0,0.0,0.0,0.0,0.0,0.0,0.0,0.0,0.0,0.0,0.0,0.0,0.0,0.0040551514123821075,0.004181017710863877,0.0040551514123821075,0.004213585402563114,0.0040551514123821075,0.004259132126793075
2026-03-15 00:00:00+00:00,0.0,0.0,0.0,0.0,0.0,0.0,0.0,0.0,0.0,0.0,0.0,0.0,0.0,0.0,0.0,0.0,0.0,0.0,0.0,0.0,0.0,0.0,0.0,0.0,0.0,0.0,0.0,0.0,0.0,0.0,0.0,0.0,0.0,0.022433590960919014,0.03124817785448153,0.022433590960919014,0.031410321620361614,0.022433590960918792,0.031573273514733824
2026-03-16 00:00:00+00:00,0.003642558687002584,0.00220255868700292,0.0,0.0,0.0,0.0,0.0,0.0,0.0,0.0,0.0,0.0,0.0,0.0,0.0,0.0,0.0,0.0,0.0,0.0,0.0,0.0,0.0,0.0,0.0,0.0,0.0,0.0,0.0,0.0,0.0,0.0,0.0,0.02823643715001567,0.0544885564887867,0.02823643715001567,0.054665462854837754,0.02823643715001567,0.054532161899771836
2026-03-17 00:00:00+00:00,-0.002345223368155125,-0.0023485930678440736,-0.003729105400361976,0.0,0.0,0.0,0.0,0.0,0.0,0.0,0.0,0.0,0.0,0.0,0.0,0.0,0.0,0.0,0.0,0.0,0.0,0.0,0.0,0.0,0.0,0.0,0.0,0.0,0.0,0.0,0.0,0.0,0.0,-0.012717384061500137,-0.02250929467040308,-0.012717384061500026,-0.02256519486097064,-0.012717384061500026,-0.022450482033660513
2026-03-18 00:00:00+00:00,-0.006637554774731713,-0.0066471142990771614,-0.006487794700399951,0.0,0.0,0.0,0.0,0.0,0.0,0.0,0.0,0.0,0.0,0.0,0.0,0.0,0.0,0.0,0.0,0.0,0.0,0.0,0.0,0.0,0.0,0.0,0.0,0.0,0.0,0.0,0.0,0.0,0.0,-0.036371439380280535,-0.041891438977552986,-0.036371439380280535,-0.042068443598773264,-0.036371439380280424,-0.042035864489128105
2026-03-19 00:00:00+00:00,-0.003296661219242436,-0.0033014409004037404,-0.0032217944587632497,0.0,0.0,0.0,0.0,0.0,0.0,0.0,0.0,0.0,0.0,0.0,0.0,0.0,0.0,0.0,0.0,0.0,0.0,0.0,0.0,0.0,0.0,0.0,0.0,0.0,0.0,0.0,0.0,0.0,0.0,-0.018621933154064796,-0.024776735782036763,-0.018621933154064685,-0.024853409094833356,-0.018621933154064796,-0.024742605697371967
2026-03-20 00:00:00+00:00,0.0014427467911333203,0.001444845493703717,0.0014098762914875884,0.0,0.0,0.0,0.0,0.0,0.0,0.0,0.0,0.0,0.0,0.0,0.0,0.0,0.0,0.0,0.0,0.0,0.0,0.0,0.0,0.0,0.0,0.0,0.0,0.0,0.0,0.0,0.0,0.0,0.0,0.008276946092796944,0.0009378419556680395,0.008276946092796944,0.0009308323707772903,0.008276946092796722,0.0007543106089249463
2026-03-21 00:00:00+00:00,-0.003945749691235512,-0.0039514811249367066,-0.0038559791487828843,0.0,0.0,0.0,0.0,0.0,0.0,0.0,0.0,0.0,0.0,0.0,0.0,0.0,0.0,0.0,0.0,0.0,0.0,0.0,0.0,0.0,0.0,0.0,0.0,0.0,0.0,0.0,0.0,0.0,0.0,-0.0224830811973441,-0.02605530994851646,-0.022483081197344323,-0.026177607222410137,-0.022483081197344212,-0.02608092749198987
2026-03-22 00:00:00+00:00,-0.002666963007530887,-0.0026708522967486825,-0.0026060515239393345,0.0,0.0,0.0,0.0,0.0,0.0,0.0,0.0,0.0,0.0,0.0,0.0,0.0,0.0,0.0,0.0,0.0,0.0,0.0,0.0,0.0,0.0,0.0,0.0,0.0,0.0,0.0,0.0,0.0,0.0,-0.015484671614618084,-0.019154098992963275,-0.015484671614618195,-0.019250458767666956,-0.015484671614618195,-0.01927052579960087
2026-03-23 00:00:00+00:00,-0.0013601514096802658,-0.0027242805190152986,0.0074175441515953455,0.0,0.0,0.0,0.0,0.0,0.0,0.0,0.0,0.0,0.0,0.0,0.0,0.0,0.0,0.0,0.0,0.0,0.0,0.0,0.0,0.0,0.0,0.0,0.0,0.0,0.0,0.0,0.0,0.0,0.0,0.04465019793664782,0.04947463772418703,0.04465019793664782,0.04974117249849952,0.04465019793664782,0.04983288961118615
2026-03-24 00:00:00+00:00,0.0,0.0,-0.0013781475516800867,0.0,0.0,0.0,0.0,0.0,0.0,0.0,0.0,0.0,0.0,0.0,0.0,0.0,0.0,0.0,0.0,0.0,0.0,0.0,0.0,0.0,0.0,0.0,0.0,0.0,0.0,0.0,0.0,0.0,0.0,-0.004807671279109305,0.020755358769143584,-0.004807671279109416,0.020863361499364297,-0.004807671279109305,0.020940857917973066
2026-03-25 00:00:00+00:00,0.0,0.0,0.0,0.0,0.0,0.0,0.0,0.0,0.0,0.0,0.0,0.0,0.0,0.0,0.0,0.0,0.0,0.0,0.0,0.0,0.0,0.0,0.0,0.0,0.0,0.0,0.0,0.0,0.0,0.0,0.0,0.0,0.0,0.010889011730455644,0.014914859121028856,0.010889011730455644,0.014975404816138793,0.010889011730455644,0.014917652988613916
2026-03-26 00:00:00+00:00,0.0,0.0,0.0,0.0,0.0,0.0,0.0,0.0,0.0,0.0,0.0,0.0,0.0,0.0,0.0,0.0,0.0,0.0,0.0,0.0,0.0,0.0,0.0,0.0,0.0,0.0,0.0,0.0,0.0,0.0,0.0,0.0,0.0,-0.03551831215964096,-0.0425498455922082,-0.03551831215964085,-0.04277423497193267,-0.03551831215964096,-0.042592058569641766
2026-03-27 00:00:00+00:00,0.0,0.0,0.0,0.0,0.0,0.0,0.0,0.0,0.0,0.0,0.0,0.0,0.0,0.0,0.0,0.0,0.0,0.0,0.0,0.0,0.0,0.0,0.0,0.0,0.0,0.0,0.0,0.0,0.0,0.0,0.0,0.0,0.0,-0.03512744546890456,-0.03409618502625478,-0.03512744546890456,-0.0342716679968319,-0.03512744546890456,-0.03425766404792374
2026-03-28 00:00:00+00:00,0.0,0.0,0.0,0.0,0.0,0.0,0.0,0.0,0.0,0.0,0.0,0.0,0.0,0.0,0.0,0.0,0.0,0.0,0.0,0.0,0.0,0.0,0.0,0.0,0.0,0.0,0.0,0.0,0.0,0.0,0.0,0.0,0.0,-0.0005002008941827896,0.00015337945419924282,-0.0005002008941826785,0.0001492628635244575,-0.0005002008941826785,7.183355579587491e-05
2026-03-29 00:00:00+00:00,0.0,0.0,0.0,0.0,0.0,0.0,0.0,0.0,0.0,0.0,0.0,0.0,0.0,0.0,0.0,0.0,0.0,0.0,0.0,0.0,0.0,0.0,0.0,0.0,0.0,0.0,0.0,0.0,0.0,0.0,0.0,0.0,0.0,-0.005476616081235952,-0.014604203194561793,-0.005476616081236063,-0.014666700278127776,-0.005476616081235952,-0.014515195721751528
2026-03-30 00:00:00+00:00,0.0,0.0,0.0,0.0,0.0,0.0,0.0,0.0,0.0,0.0,0.0,0.0,0.0,0.0,0.0,0.0,0.0,0.0,0.0,0.0,0.0,0.0,0.0,0.0,0.0,0.0,0.0,0.0,0.0,0.0,0.0,0.0,0.0,0.01182953605791881,0.010673992480434213,0.01182953605791881,0.010718804110051883,0.011829536057919032,0.0107079111167514
2026-03-31 00:00:00+00:00,0.0,0.0,0.0,0.0,0.0,0.0,0.0,0.0,0.0,0.0,0.0,0.0,0.0,0.0,0.0,0.0,0.0,0.0,0.0,0.0,0.0,0.0,0.0,0.0,0.0,0.0,0.0,0.0,0.0,0.0,0.0,0.0,0.0,0.0222465198559485,0.020169023610739245,0.0222465198559485,0.02023094468382025,0.0222465198559485,0.020183326431006954
2026-04-01 00:00:00+00:00,0.0,0.0,0.0,0.0,0.0,0.0,0.0,0.0,0.0,0.0,0.0,0.0,0.0,0.0,0.0,0.0,0.0,0.0,0.0,0.0,0.0,0.0,0.0,0.0,0.0,0.0,0.0,0.0,0.0,0.0,0.0,0.0,0.0,-0.0016050576171712239,0.0009872926523504244,-0.0016050576171711128,-0.005494244084307209,-0.0016050576171711128,0.0034654591972687054
2026-04-02 00:00:00+00:00,0.0,0.0,0.0,0.0,0.0,0.0,0.0,0.0,0.0,0.0,0.0,0.0,0.0,0.0,0.0,0.0,0.0,0.0,0.0,0.0,0.0,0.0,0.0,0.0,0.0,0.0,0.0,0.0,0.0,0.0,0.0,0.0,0.0,-0.01788031098618692,-0.023542579111693995,-0.01788031098618692,-0.023573305636186537,-0.01788031098618703,-0.029983268280269648
2026-04-03 00:00:00+00:00,0.0,0.0,0.0,0.0,0.0,0.0,0.0,0.0,0.0,0.0,0.0,0.0,0.0,0.0,0.0,0.0,0.0,0.0,0.0,0.0,0.0,0.0,0.0,0.0,0.0,0.0,0.0,0.0,0.0,0.0,0.0,0.0,0.0,0.0009793035239977765,0.010368763935983294,0.0009793035239979986,0.010350675341474602,0.0009793035239979986,0.01032964998776742
2026-04-04 00:00:00+00:00,0.0,0.0,0.0,0.0,0.0,0.0,0.0,0.0,0.0,0.0,0.0,0.0,0.0,0.0,0.0,0.0,0.0,0.0,0.0,0.0,0.0,0.0,0.0,0.0,0.0,0.0,0.0,0.0,0.0,0.0,0.0,0.0,0.0,0.004954301815158546,0.0036674614778346992,0.004954301815158546,0.0036751095225628916,0.004954301815158546,0.003748409758871585
2026-04-05 00:00:00+00:00,0.0,0.0,0.0,0.0,0.0,0.0,0.0,0.0,0.0,0.0,0.0,0.0,0.0,0.0,0.0,0.0,0.0,0.0,0.0,0.0,0.0,0.0,0.0,0.0,0.0,0.0,0.0,0.0,0.0,0.0,0.0,0.0,0.0,0.02546033517045876,0.0123155553004346,0.025460335170458315,0.012299825259799668,0.02546033517045876,0.012268806686943856
2026-04-06 00:00:00+00:00,-0.0018349018187088229,-0.0032749018187088197,0.0,-0.011020848229553293,-0.018220848229553166,0.0,0.0,0.0,0.0,0.0,0.0,0.0,0.0,0.0,0.0,-0.01493327671057787,-0.022133276710577965,0.0,-0.01493327671057798,-0.022133276710578076,0.0,-0.014933276710578092,-0.022133276710578076,0.0,-0.014933276710578203,-0.022133276710578298,0.0,-0.01493327671057798,-0.022133276710577854,0.0,-0.014933276710578314,-0.022133276710578187,0.0,-0.002193898992826737,-0.014914173850299917,-0.002193898992826737,-0.014861059993958925,-0.002193898992826626,-0.014789444156446452
2026-04-07 00:00:00+00:00,0.007987792094293455,0.007999332307976115,0.006550693297082466,0.05284540018036554,0.05323294852116334,0.04523255006482563,0.0,0.0,0.0,0.0,0.0,0.0,0.0,0.0,0.0,0.09081411086731839,0.09148277213032285,0.08122690507747765,0.09081411086731839,0.09148277213032285,0.08122690507747743,0.09081411086731839,0.09148277213032285,0.08122690507747787,0.09081411086731861,0.09148277213032308,0.08122690507747743,0.09081411086731817,0.09148277213032285,0.08122690507747765,0.09081411086731883,0.09148277213032308,0.08122690507747743,0.0443925888562704,0.07514903532070605,0.0443925888562704,0.075196529061766,0.04439258885627062,0.07513860481573564
2026-04-08 00:00:00+00:00,-0.0021368408216417834,-0.0021399034833252673,-0.002140661902789498,-0.02265876545385659,-0.022816537659891778,-0.022696064778491065,0.0,0.0,0.0,0.0,0.0,0.0,0.0,0.0,0.0,-0.01582566689092113,-0.015932424284942015,-0.016256582602251712,-0.01582566689092102,-0.015932424284941904,-0.0162565826022516,-0.01582566689092113,-0.015932424284941904,-0.016256582602251712,-0.01582566689092124,-0.015932424284942015,-0.01625658260225149,-0.01582566689092113,-0.015932424284941904,-0.016256582602251823,-0.015825666890921353,-0.015932424284942237,-0.01625658260225149,-0.011461656343606297,-0.02821389276995212,-0.011461656343606408,-0.02821739798132894,-0.011461656343606297,-0.028133759335283948
2026-04-09 00:00:00+00:00,0.001849930855435833,0.0018525879847681725,0.0018532459831139825,-0.00784236043900377,-0.007898241538748407,-0.0076733306431799875,0.0,0.0,0.0,0.0,0.0,0.0,0.0,0.0,0.0,0.03800867913472916,0.03826923076737887,0.038474551781192634,0.03800867913472894,0.03826923076737887,0.03847455178119241,0.03800867913472894,0.03826923076737887,0.03847455178119241,0.03800867913472916,0.03826923076737865,0.038474551781192634,0.03800867913472916,0.03826923076737909,0.038474551781192856,0.03800867913472894,0.03826923076737909,0.038474551781192634,0.010016319671428908,0.017859455093221843,0.010016319671428686,0.017794990561165624,0.010016319671428686,0.017586691771259932
2026-04-10 00:00:00+00:00,0.003111679264133027,0.003116140428235381,0.0031172451651595434,-0.014426270716180967,-0.014529884135011883,-0.014046488994618023,0.0,0.0,0.0,0.0,0.0,0.0,0.0,0.0,0.0,-0.01079301997574289,-0.010864279680469768,-0.01055823832513314,-0.010793019975742668,-0.010864279680469768,-0.01055823832513303,-0.010793019975742446,-0.01086427968046988,-0.010558238325132918,-0.010793019975742557,-0.010864279680469768,-0.01055823832513303,-0.010793019975742557,-0.01086427968046999,-0.010558238325133251,-0.010793019975742446,-0.010864279680469657,-0.01055823832513314,0.016711744517710292,0.006382477253068508,0.016711744517710292,0.006298350171895839,0.016711744517710292,0.00645876408973467
2026-04-11 00:00:00+00:00,0.000227816844633022,0.0002281424473249416,0.00022822307724879032,0.013154973348697974,0.013250849024869948,0.013027224791000824,0.0,0.0,0.0,0.0,0.0,0.0,0.0,0.0,0.0,0.02782661680920695,0.02801235685978898,0.02916378027931521,0.02782661680920695,0.02801235685978898,0.02916378027931521,0.027826616809206728,0.02801235685978898,0.02916378027931521,0.027826616809206728,0.02801235685978898,0.02916378027931521,0.027826616809206506,0.0280123568597892,0.02916378027931521,0.027826616809206506,0.02801235685978898,0.029163780279314988,0.0012071583448725054,0.008850707446472983,0.0012071583448725054,0.0087905660480323,0.0012071583448725054,0.008629055623512905
2026-04-12 00:00:00+00:00,-0.006024062580119005,-0.006032670387890571,-0.006034801963022085,-0.033940994128825674,-0.03418512688242259,-0.03393538326453849,0.0,0.0,0.0,0.0,0.0,0.0,0.0,0.0,0.0,-0.03350674286642652,-0.03372430285624828,-0.03364925227604232,-0.03350674286642652,-0.03372430285624817,-0.03364925227604232,-0.03350674286642641,-0.033724302856248056,-0.03364925227604232,-0.03350674286642641,-0.03372430285624828,-0.03364925227604243,-0.03350674286642619,-0.03372430285624817,-0.03364925227604221,-0.0335067428664263,-0.03372430285624828,-0.03364925227604232,-0.03188914429576095,-0.03613969802107764,-0.031889144295761174,-0.0361379191006721,-0.03188914429576095,-0.036112790083184465
2026-04-13 00:00:00+00:00,0.009597086425126689,0.009610882971366808,0.009614299485001032,0.042763192234661185,0.0422461831715919,0.04509018096716555,0.0,0.0,0.0,0.0,0.0,0.0,0.0,0.0,0.0,0.09434822377181296,0.08555904449027762,0.05189895891054164,0.05656385070279324,0.05085459521670921,0.05189895891054164,0.09434822377181296,0.0855590444902774,0.051898958910541415,0.061317356885543184,0.05849522176493771,0.05189895891054164,0.05058661530445807,0.050926538955266,0.05189895891054164,0.05058661530445807,0.05092653895526622,0.05189895891054186,0.05216072000209171,0.05496463197249679,0.05216072000209171,0.05487010532351588,0.05216072000209171,0.054817374519437356
2026-04-14 00:00:00+00:00,-0.0006875980710988605,-0.0006885771362697968,-0.0006888195833592015,-0.02640914791633797,-0.026422258673309384,-0.02731094441462012,0.0,0.0,0.0,0.0,0.0,0.0,0.0,0.0,0.0,0.20039224178313075,0.20199177535318769,0.15434695227458972,-0.02705175469038379,-0.027229046458899786,-0.0330911600322219,0.20039224178313098,0.20199177535318746,0.15434695227458994,-0.019410241883484614,-0.01949619551615578,-0.022527142933916666,-0.02500214985214566,-0.025162013881348977,-0.024546961163841474,-0.02500214985214555,-0.025162013881348866,-0.024546961163841696,-0.0035859549203451913,-0.02527590133046076,-0.003585954920344969,-0.02531191651895348,-0.003585954920344969,-0.02530079668769669
2026-04-15 00:00:00+00:00,0.0016940685848869652,0.0016964824171561421,0.0016970801580831196,0.012715967761384173,0.012722451898053322,0.012631967617565687,0.0,0.0,0.0,0.0,0.0,0.0,0.0,0.0,0.0,-0.11052376793861673,-0.11125523223581602,-0.09387181494955688,0.006312603898522617,0.006312233700677572,0.006422580940444567,-0.11052376793861673,-0.11125523223581568,-0.09387181494955676,0.006330773181254079,0.0063232157854002935,0.006423654111109789,-0.00842710917841305,-0.00848238301084192,-0.008849143089539324,-0.008427109178413161,-0.00848238301084192,-0.008849143089539435,0.008860589190693435,0.012685618577056523,0.008860589190693213,0.012708178027880379,0.008860589190693435,0.012871148250364062
2026-04-16 00:00:00+00:00,0.0008408287349497279,0.0008420247798850422,0.0008423209574064394,0.02459307356869256,0.02460545654701196,0.024800079253643137,0.0,0.0,0.0,0.0,0.0,0.0,0.0,0.0,0.0,0.16330790502204873,0.16454080812228455,0.14093126649402388,0.020663418872954198,0.020763566879548723,0.020422683907334482,0.16330790502204895,0.16454080812228433,0.14093126649402365,0.013526437382951118,0.013553208503315428,0.01313633096814737,0.0009330003601499826,0.0009391723092164739,0.0008493743567945522,0.0009330003601499826,0.0009391723092162518,0.0008493743567947742,0.004366596909975762,0.0273703849201834,0.004366596909975984,0.027422610392553892,0.004366596909975762,0.02743211756247521
2026-04-17 00:00:00+00:00,0.004974507345228751,0.004981577427946027,0.004983328195322434,0.015593630840357475,0.015601293912035352,0.0154983188877309,0.0,0.0,0.0,0.0,0.0,0.0,0.0,0.0,0.0,0.09956006202307566,0.10023687189774244,0.08579212802125169,-0.009908341023341816,-0.009887584763910717,-0.010522600166719687,0.09956006202307544,0.10023687189774266,0.08579212802125169,0.0014975298583170815,0.0016061477288209502,0.0010730870087849453,0.010760029992585629,0.010831142553368256,0.01133985864951903,0.010760029992585629,0.010831142553368478,0.011339858649518808,0.02574295442084673,0.007395516840187355,0.02574295442084673,0.007369103276791744,0.02574295442084673,0.007338901998010128
2026-04-18 00:00:00+00:00,-0.003482176396019443,-0.003487100952072275,-0.003488320411129564,-0.028531356445990586,-0.028545162030957916,-0.02860040488678328,0.0,0.0,0.0,0.0,0.0,0.0,0.0,0.0,0.0,-0.3875358560316111,-0.3898457732490046,-0.3454708406377216,-0.039434543424319624,-0.03971634762553966,-0.039178634068950946,-0.3875358560316111,-0.3898457732490047,-0.3454708406377217,-0.031030266361695813,-0.03119640317353667,-0.03058188623463809,-0.02409496321041371,-0.024252499455613696,-0.02408262966856578,-0.024094963210413822,-0.024252499455613585,-0.02408262966856589,-0.017655319508246503,-0.02939439627985385,-0.017655319508246614,-0.02940782997452629,-0.017655319508246503,-0.029395271603625428
2026-04-19 00:00:00+00:00,-0.004912654983515341,-0.004919626859571258,-0.0049213533034847545,-0.02498522215010457,-0.024997667095444043,-0.024731094411645005,0.0,0.0,0.0,0.0,0.0,0.0,0.0,0.0,0.0,-0.007308860026311592,-0.014615222869447608,-0.10021788628780814,-0.02193521217216865,-0.022064326859570382,-0.022893349970348864,-0.007308860026311814,-0.014615222869447608,-0.10021788628780792,-0.021307713833506048,-0.021399623927488065,-0.022186845231641716,-0.021653144914804745,-0.0217982350072754,-0.020555225426388768,-0.021653144914804856,-0.021798235007275513,-0.02055522542638888,-0.025267498688220758,-0.028194235805123036,-0.025267498688220758,-0.02821248862863579,-0.025267498688220646,-0.02842339770385016
2026-04-20 00:00:00+00:00,0.005267225678371457,0.005274737705699861,0.005276597923397519,0.020101372681880614,0.01982877171541708,0.020364594213726273,0.0,0.0,0.0,0.0,0.0,0.0,0.0,0.0,0.0,0.0,0.0,-0.006635928432988991,0.01440706701981842,0.005563772785464716,0.0333442494165852,0.0,0.0,-0.006635928432988658,0.03478093073978816,0.031886250411592654,0.036021218951944656,0.026460506425311392,0.02050201969170007,0.032951545585920616,0.026460506425311392,0.02050201969170007,0.03295154558592084,0.027656910827689396,0.027518623963447952,0.027656910827689174,0.027507037118400524,0.027656910827689174,0.02735005200425067
2026-04-21 00:00:00+00:00,0.0012413614773463255,0.0012431225964484316,0.0012435587016748073,0.005490453698735243,0.005491921616048057,0.005504803757377497,0.0,0.0,0.0,0.0,0.0,0.0,0.0,0.0,0.0,0.0,0.0,0.0,0.008136905081236767,0.008237820807516227,-0.0005784499416177091,0.0,0.0,0.0,-0.0050109256317469875,-0.005024986408038279,-0.007630248127938111,-0.0034631543172458645,-0.0034833749112985757,-0.009040462966482754,-0.0034631543172458645,-0.0034833749112984647,-0.009040462966482865,0.006376074509331531,0.0014396918591093044,0.006376074509331531,0.0015123476349634402,0.006376074509331531,0.0016005575124118376
2026-04-22 00:00:00+00:00,0.004767210974225167,0.004773965817701287,0.004775638513247582,0.009811536913968189,0.00981414578022477,0.009778642536506288,0.0,0.0,0.0,0.0,0.0,0.0,0.0,0.0,0.0,0.0,0.0,0.0,0.00499392625154238,0.005081695845603917,0.004940869326718111,0.0,0.0,0.0,0.0041705727290546335,0.004182334558181067,0.004312512449132111,0.003928437201681456,0.003951454658281284,0.004007629966976234,0.003928437201681234,0.003951454658281062,0.004007629966976234,0.024361160351640043,0.0026103725545174594,0.024361160351640043,0.002597297650605457,0.02436116035163982,0.0027230933701731797
2026-04-23 00:00:00+00:00,0.00018570832072950516,0.0001859702077089409,0.00018603505799186237,0.0016741026472246734,0.001674543461252842,0.0015107110474716912,0.0,0.0,0.0,0.0,0.0,0.0,0.0,0.0,0.0,0.0,0.0,0.0,0.011949756555924118,0.012085480960209116,0.012434570368689446,0.0,0.0,0.0,-0.010151854194672905,-0.010180365162578808,-0.01006150625547908,-0.007918830474243133,-0.007965045782086788,-0.007767047555775175,-0.0079188304742428,-0.007965045782086677,-0.007767047555774953,0.0009308448747016307,0.007183528963160546,0.0009308448747016307,0.007228649979405644,0.0009308448747016307,0.007242132806834611
2026-04-24 00:00:00+00:00,-0.00209015693667558,-0.0020931039403778717,-0.002093833697777714,-0.006666206231101812,-0.006667958599577473,-0.006554629456070105,0.0,0.0,0.0,0.0,0.0,0.0,0.0,0.0,0.0,0.0,0.0,0.0,0.004928506552615675,0.005003883061299952,0.005236005460679705,0.0,0.0,0.0,-0.0016837478517836013,-0.0016885252075012902,-0.0018102528879494484,-0.0019286649803657019,-0.0019400112898337873,-0.0020499020675824875,-0.001928664980366035,-0.0019400112898337873,-0.0020499020675824875,-0.010468908802253374,0.004913857402990329,-0.010468908802253263,0.004905029850352127,-0.010468908802253263,0.0048286886498769555
2026-04-25 00:00:00+00:00,0.00048284303321288746,0.00048352524266337404,0.00048369417669946735,-0.0012015912807267215,-0.001201909267466883,-0.0012073695999272882,0.0,0.0,0.0,0.0,0.0,0.0,0.0,0.0,0.0,0.0,0.0,0.0,-0.0012785917315677464,-0.0012867314966780175,-0.0012904875027063278,0.0,0.0,0.0,0.002318537902662454,0.002325127496730417,0.002203907958164386,0.002423364300800923,0.0024376486313077983,0.0022605792662575563,0.0024233643008013672,0.0024376486313077983,0.0022605792662575563,0.0024388795509526773,5.521043856693275e-05,0.0024388795509526773,2.2269680149733517e-05,0.0024388795509528993,-3.7498339016561744e-05
2026-04-26 00:00:00+00:00,0.0026136095999642617,0.002617300587145932,0.002618214577460476,0.011378886772250851,0.011381901681988715,0.011244391323836034,0.0,0.0,0.0,0.0,0.0,0.0,0.0,0.0,0.0,0.0,0.0,0.0,0.00772306497898545,0.007826053728272386,0.00761398756868914,0.0,0.0,0.0,0.02553326227288455,0.025605662870395784,0.025277868614369092,0.017031857238833492,0.017132006055785798,0.016793261186840214,0.017031857238833492,0.017132006055785798,0.01679326118683999,0.013175795407949886,0.01270314229476055,0.013175795407949886,0.012667853887162961,0.013175795407949886,0.01261866064221051
2026-04-27 00:00:00+00:00,-0.003159465412298057,-0.003327616401927913,-0.003342127163188713,-0.027151665833662575,-0.030109031745616188,-0.018697565180691766,-0.00443585732690821,-0.005875857326908318,0.0,-0.03146915974246378,-0.038669159742463655,0.0,-0.03146915974246345,-0.038669159742463766,0.0,0.0,0.0,0.0,-0.01910232930604927,-0.022162421766695473,-0.014880424824607386,0.0,0.0,0.0,-0.02871559289212522,-0.03168803720414615,-0.031008291768509166,-0.02862718891320082,-0.0287926840357019,-0.028300450674875077,-0.02862718891320082,-0.0287926840357019,-0.028300450674874744,-0.016643526824612564,-0.019451685059333257,-0.016643526824612564,-0.01941549306507806,-0.016643526824612453,-0.01931849026963328
2026-04-28 00:00:00+00:00,-0.002401743701457848,-0.002402148905487622,-0.0026798556227790593,-0.010446938182680277,-0.010478792914710988,-0.013264803863404562,-0.0024048228654304227,-0.0024083062783941678,-0.0038748150469051224,-0.010492727835303639,-0.010571314350216743,-0.017502300646414226,-0.01049272783530375,-0.010571314350216743,-0.017502300646414115,0.0,0.0,0.0,-0.01700757606869363,-0.017259171014832764,-0.02015227469692016,0.0,0.0,0.0,-0.011544288968872718,-0.011579728291001623,-0.014224616031633275,-0.01226401811505562,-0.012337018866876326,-0.01220679952769066,-0.01226401811505573,-0.012337018866876548,-0.012206799527690881,-0.013525985200949053,-0.011521298303946437,-0.013525985200948831,-0.011502954766134499,-0.013525985200949053,-0.011533038384821115
2026-04-29 00:00:00+00:00,-0.0013001509859783544,-0.0013003708658021473,-0.0014511075990950584,-0.026274465767198385,-0.026355430095878596,-0.02665975667360443,-0.001301821867303321,-0.0013037121232328808,-0.001319927162865775,-0.026390849753437085,-0.02659061893863479,-0.026774463904546852,-0.026390849753437307,-0.026590618938634902,-0.026774463904547074,0.0,0.0,0.0,-0.012327373245775486,-0.012517340590249337,-0.012469134710637486,0.0,0.0,0.0,-0.01778533802379556,-0.01784057611934131,-0.017839809593671152,-0.011498436386261579,-0.011567735002112167,-0.011406427063462954,-0.011498436386261579,-0.011567735002112167,-0.011406427063462843,-0.007404676145165823,-0.008612475548211318,-0.007404676145165712,-0.008611598103767326,-0.007404676145165934,-0.008544713830009987
2026-04-30 00:00:00+00:00,0.0012737154092743452,0.0012739310988243435,0.0014218175794251664,-0.012059431187443792,-0.012097598027286716,-0.012364776799000055,0.0012753544508148362,0.0012772086932388849,0.0012931150893036314,-0.012114296961478144,-0.012208502798390142,-0.012419441553264243,-0.012114296961478033,-0.012208502798390142,-0.01241944155326391,0.0,0.0,0.0,0.013344735101231908,0.013578377622294635,0.01374249754534107,0.0,0.0,0.0,0.009957318611801158,0.00998880602540897,0.009462951603023573,-0.004032654795209201,-0.0040572431746757065,-0.0038850567081984977,-0.00403265479520909,-0.0040572431746757065,-0.0038850567081982756,0.0072987324046291935,0.0036796055254442184,0.0072987324046291935,0.003710326552919252,0.0072987324046291935,0.0037275662170883628
2026-05-01 00:00:00+00:00,0.004436503637404554,0.004437253954141962,0.004951628856656232,0.005185559545122231,0.005202172273449213,0.005010577287491325,0.004442205344105332,0.004448655644056387,0.004503987786458108,0.005209441155689554,0.005250452636424097,0.00503300765310577,0.005209441155689776,0.005250452636424319,0.00503300765310577,0.0,0.0,0.0,0.028656300524943168,0.029120133963351558,0.029206793023874855,0.0,0.0,0.0,0.04800839654397371,0.04815870908815989,0.04816192823992993,0.027072836637243913,0.027238580801102863,0.026632279318331786,0.027072836637244135,0.02723858080110264,0.026632279318331564,0.02527030062467106,0.018123528130037148,0.02527030062467106,0.014126008765899423,0.02527030062467106,0.029701435282757593
2026-05-02 00:00:00+00:00,0.0010267873192524313,0.0010269602059096439,0.0011454208097239071,0.002396441003360117,0.0024040786341574805,0.0023367610501392466,0.0010281010899613197,0.0010295873313732606,0.0010423358646280967,0.002407420392284587,0.002426273891655839,0.0023471694164181045,0.002407420392284365,0.002426273891656061,0.0023471694164183265,0.0,0.0,0.0,0.006269987691950973,0.006361960771978259,0.006310374299442145,0.0,0.0,0.0,0.0063811615676441225,0.006400222788718768,0.006374578697691202,0.004914963735809019,0.004944256036126804,0.004910957755487111,0.004914963735808797,0.004944256036126804,0.004910957755487111,0.00572973021337897,0.007853853648358777,0.00572973021337897,0.007876808697829363,0.00572973021337897,0.0037051619037729022
2026-05-03 00:00:00+00:00,-0.00028241668600414993,-0.0002824641894986213,-0.0003150093604946669,-0.009980714461918061,-0.010012447432194871,-0.010166467503744725,-0.00028277766602147203,-0.00028318603404675624,-0.000286688842728533,-0.010026331678844813,-0.010104661955794403,-0.010211644793185704,-0.010026331678845035,-0.010104661955794625,-0.010211644793186037,0.0,0.0,0.0,0.010763427755274613,0.010966971226289424,0.011165753085933927,0.0,0.0,0.0,0.012476335439894015,0.012513366598143172,0.012264021644838863,0.0016582027506109043,0.001668036719256083,0.0015423169322794639,0.0016582027506111263,0.001668036719256083,0.0015423169322794639,-0.001568586382377335,-0.005215941363938326,-0.001568586382377557,-0.0051364172536766395,-0.001568586382377335,-0.005577757199229705
2026-05-04 00:00:00+00:00,0.0029606508756032657,0.002961149008351427,0.003302436406083409,0.053698845671326545,0.05294944287407177,0.04284482683395563,0.0029644361976390865,0.002968718444854801,0.0030054498990270684,0.053676379336298874,0.05285700213366429,0.043037183014679625,0.053676379336299096,0.052857002133664066,0.04303718301467985,0.0,0.0,0.0,0.010827523332230804,0.004987544726472004,0.010284538864850479,0.0,0.0,0.0,0.004400766684119262,0.0013407660691659995,0.003834973355574922,0.0004567622214568523,-0.008325020338622702,-0.0019438782305413183,0.00045676222145707435,-0.00832502033862259,-0.0019438782305413183,0.01646510025790815,0.018613845354331193,0.01646510025790837,0.01847029868729355,0.01646510025790837,0.019420774447844957
2026-05-05 00:00:00+00:00,0.002408463669417049,0.002408867699670081,0.002193301366735012,-0.017139504380115467,-0.017151711824108684,-0.01219970990900432,0.002411533894397966,0.002415007140926795,0.0024447980830497595,-0.017139882690098363,-0.017153243770130833,-0.012216946201627055,-0.017139882690098363,-0.0171532437701305,-0.012216946201627277,0.0,0.0,0.0,0.05972644243368874,0.060073544474469776,0.05324825292101898,0.0,0.0,0.0,0.06574926214731858,0.06600979332815138,0.06218304093549509,0.05700034897466355,0.05750509711630958,0.04723505385461935,0.057000348974663106,0.05750509711630958,0.047235053854619125,0.013216263963111041,0.03970103403196745,0.013216263963111041,0.039755118812466295,0.013216263963111041,0.03823047581036576
2026-05-06 00:00:00+00:00,0.0012074968296702515,0.0012076989057392407,0.0011929447714604802,-0.004468820104219673,-0.004472058521943212,-0.001924518302590994,0.0012090324011788667,0.0012107695323761991,0.0012256688656901993,-0.004468920461920378,-0.004472464925650899,-0.0019245565789504093,-0.004468920461920489,-0.004472464925651121,-0.0019245565789502983,0.0,0.0,0.0,0.016080116139075784,0.016168270480425573,0.015976679915650438,0.0,0.0,0.0,0.0470759221784236,0.047273821762717105,0.04741868872898447,0.02175393977879203,0.021936099631609363,0.0218325314988006,0.021753939778792253,0.021936099631609363,0.0218325314988006,0.006555369499968711,0.01799450776141498,0.006555369499968711,0.0179972031334672,0.006555369499968711,0.017123402571807
2026-05-07 00:00:00+00:00,-0.0032578875557391918,-0.00325843210954313,-0.0032186721480507163,-0.005608231912723749,-0.00561231428406006,-0.007640096026957699,-0.003262025602349783,-0.003266706795199692,-0.0033068566087320894,-0.005608358423922599,-0.005612826601204768,-0.007640248272303252,-0.005608358423922377,-0.005612826601204435,-0.007640248272303696,0.0,0.0,0.0,-0.008622034285777458,-0.008668549887059784,-0.00855970983373433,0.0,0.0,0.0,-0.00810853018227442,-0.008166864214251057,-0.00841765957137619,-0.009751619955442714,-0.009831523817589782,-0.009883504044576608,-0.009751619955442492,-0.00983152381758956,-0.00988350404457683,-0.017592748357341592,-0.012032139849035506,-0.017592748357341592,-0.01203652669929589,-0.017592748357341592,-0.012198496610091758
2026-05-08 00:00:00+00:00,0.00041849088327583495,0.0004185610624309888,0.00041343721477082873,0.027276567652159356,0.027296535006460676,0.025368065043927412,0.00041902417431249894,0.00041962746869517176,0.00042480205715200725,0.02727718643072552,0.027299040820942144,0.025368574449168513,0.02727718643072552,0.0272990408209417,0.025368574449168735,0.0,0.0,0.0,0.02909893612201553,0.029257296715408998,0.028910898059229417,0.0,0.0,0.0,0.03165962483758822,0.03176968501526911,0.031731309666953145,0.02821016063852677,0.028443607192529363,0.028190604946626507,0.028210160638527215,0.028443607192529363,0.02819060494662695,0.002292845806119548,0.037326334555037644,0.002292845806119548,0.03729510722666496,0.002292845806119548,0.03715651372762552
2026-05-09 00:00:00+00:00,0.0010652641356889703,0.0010654427012488643,0.001052405392019784,0.024757318205472778,0.024774959830202503,0.021483638472669542,0.0010666210538243792,0.0010681560883605279,0.0010813223407601935,0.02475786492111154,0.024777173727496216,0.021484059203074946,0.02475786492111154,0.024777173727496438,0.021484059203075168,0.0,0.0,0.0,-0.006335706543893593,-0.0063692062585807285,-0.006322930527050796,0.0,0.0,0.0,-0.01043644692305501,-0.01045786344701427,-0.010433028362869079,-0.011728122728338342,-0.011822491853145878,-0.011749893981917614,-0.011728122728338564,-0.011822491853145767,-0.011749893981917836,0.005825500362768743,0.0031220019943800636,0.005825500362768743,0.003042413133998112,0.005825500362768743,0.0037205934983004507
2026-05-10 00:00:00+00:00,0.003517252861498621,0.003517841815689371,0.0034748409339060427,-0.006294364575362366,-0.006298741392174456,-0.0009158252419836366,0.0035217283139963307,0.0035267912239269616,0.0035702160261261717,-0.006294500215596854,-0.006299290640630839,-0.000915842800065847,-0.006294500215597076,-0.00629929064063095,-0.000915842800065958,0.0,0.0,0.0,0.017640693687271947,0.01773456581706978,0.01753272182012444,0.0,0.0,0.0,0.021668613295998895,0.02176933958118199,0.021987727017676928,0.018948867086146626,0.019103161324930396,0.019080082983947033,0.018948867086146404,0.019103161324930173,0.019080082983947255,0.019143408621011826,0.03453732856726188,0.019143408621011826,0.03466195264094196,0.019143408621012048,0.034333403764049475
2026-05-11 00:00:00+00:00,-0.0010735440715737843,-0.0010737232033798394,-0.0010606438310047928,-0.015085240042821857,-0.018040860312413032,-0.007679238992014836,-0.0010749052857330632,-0.0010764451611273707,-0.0010896521023037176,-0.015085297976496825,-0.018041227741015242,-0.0076793863523435535,-0.015085297976496825,-0.01804122774101502,-0.0076793863523434425,0.0,0.0,0.0,-0.017953314651618424,-0.024136880974541586,-0.021066139401584416,0.0,0.0,0.0,0.007902152653915362,0.0019577623552979873,-0.022201018045301613,-0.01913786523491956,-0.01929077731774831,-0.018932839229972465,-0.01913786523491967,-0.019290777317748198,-0.018932839229972354,-0.005753407025962165,-0.02065724582944084,-0.005753407025962165,-0.020601240790414588,-0.005753407025962054,-0.020405670164585277
2026-05-12 00:00:00+00:00,-0.0028231240851495087,-0.002823595658610456,-0.0027891639996718842,-0.014066203817651002,-0.014121624865178761,-0.01658728351365968,-0.0028267075539170072,-0.002830761369674306,-0.002865529959926283,-0.014066608872898456,-0.014123271932849124,-0.01658737182995018,-0.014066608872898456,-0.014123271932848902,-0.01658737182995007,0.0,0.0,0.0,-0.013397427874586976,-0.013519931752842496,-0.018893544417794672,0.0,0.0,0.0,-0.0464403946488301,-0.04671593911016003,-0.05110873947070138,-0.00933253113942556,-0.009408565080184728,-0.009538715672414821,-0.009332531139425337,-0.009408565080184839,-0.009538715672415155,-0.015201085173013662,-0.03276081545238396,-0.015201085173013773,-0.03266173764350744,-0.015201085173013662,-0.0326689704686407
2026-05-13 00:00:00+00:00,-0.002726562665258281,-0.002727019398771069,-0.0026936724055997008,-0.026308328917899804,-0.026397120760913273,-0.026607242016855714,-0.0027300333766556717,-0.0027339596651827502,-0.002767635796542489,-0.026308592223241667,-0.02639819403640542,-0.026607244311633416,-0.026308592223241556,-0.026398194036405864,-0.026607244311633527,0.0,0.0,0.0,-0.025776607041462007,-0.02596265442679957,-0.026399642411467972,0.0,0.0,0.0,-0.059952322812488634,-0.06032546939348293,-0.058676323383041074,-0.027538600199666585,-0.02776509349207601,-0.02752333063893475,-0.027538600199666807,-0.02776509349207601,-0.027523330638934862,-0.014865678851836761,-0.02745287002839203,-0.014865678851836761,-0.02741582780178009,-0.01486567885183665,-0.027053505623706564
2026-05-14 00:00:00+00:00,0.0040928907859549835,0.004093578271385567,0.004043385291776058,0.027201402545055764,0.027298216867779113,0.027759396597561548,0.004098114993646984,0.0041040249920643035,0.004154717493720206,0.027201759969889716,0.027299672914882667,0.027759399057151413,0.027201759969889716,0.02729967291488289,0.027759399057151413,0.0,0.0,0.0,0.02691703126249423,0.02712623617792609,0.02739808425171475,0.0,0.0,0.0,0.025844767947818426,0.026015954101453964,0.0261925174480786,0.03127608333334808,0.0315406618856553,0.03117294025458439,0.031276083333348303,0.031540661885655075,0.031172940254584613,0.02259010350334334,0.023973631601971412,0.02259010350334334,0.024049289938201213,0.02259010350334334,0.02365091660547347
2026-05-15 00:00:00+00:00,-0.004599066420594711,-0.004599835779234174,-0.004543662506599877,-0.03569088650925256,-0.03581525328010349,-0.0361618259866775,-0.0046049127570884085,-0.004611526478886407,-0.004668251909444532,-0.0356913650795978,-0.03581720222486784,-0.036161829104214505,-0.0356913650795978,-0.03581720222486762,-0.03616182910421428,0.0,0.0,0.0,-0.0350222233495423,-0.03529299041817191,-0.035534311535412755,0.0,0.0,0.0,-0.06403860036255082,-0.06445201296758796,-0.06428842640049581,-0.04151632431492802,-0.04185679115355623,-0.04151604134677456,-0.041516324314928355,-0.041856791153556006,-0.041516041346774335,-0.024924706512962302,-0.042429444907159275,-0.024924706512962302,-0.04239111404237417,-0.024924706512962302,-0.042091611512595994
2026-05-16 00:00:00+00:00,-0.002178970520964385,-0.002179336716293001,-0.00215260114188498,-0.015051638691860991,-0.015109410465743212,-0.014810273098399995,-0.0021817532440320253,-0.002184901264439265,-0.0022119033340997074,-0.015051952255705214,-0.015110686608332702,-0.014810274423107894,-0.015051952255704881,-0.015110686608333146,-0.014810274423107783,0.0,0.0,0.0,-0.01446612093955868,-0.014591163696754395,-0.01436255110185336,0.0,0.0,0.0,-0.03331603458837251,-0.033545929372733374,-0.032501140259322936,-0.02017591512410699,-0.020348601763843344,-0.020272815737123806,-0.02017591512410677,-0.020348601763843344,-0.020272815737123806,-0.012055122212649927,-0.02790564715018795,-0.012055122212649816,-0.02788843492511306,-0.012055122212649816,-0.028022098206927692
2026-05-17 00:00:00+00:00,-0.0015989937480522798,-0.0015992630600601965,-0.0015796013648273766,-0.0020085765049763227,-0.00202215669284056,-0.0015634019219137318,-0.0016010402584598626,-0.0016033554348762191,-0.0016232144052059638,-0.0020087966840246496,-0.0020230515339213495,-0.0015634020638549684,-0.0020087966840248717,-0.0020230515339212385,-0.0015634020638550794,0.0,0.0,0.0,-0.001582280593954155,-0.0016210585373633846,-0.0010518305289412,0.0,0.0,0.0,-0.007093884406730644,-0.014297456297794664,-0.007076508696166273,-0.0021197383989944862,-0.002138258195098719,-0.0024080612154478986,-0.002119738398994264,-0.00213825819509883,-0.0024080612154481207,-0.008934843855326502,-0.009179153604481516,-0.008934843855326502,-0.009111601292888794,-0.008934843855326391,-0.009712347910811991
2026-05-18 00:00:00+00:00,-0.001063962312180644,-0.0010641417980666867,-0.0010510383041749671,0.006787022845598845,0.006807475651677608,0.007221391602202365,-0.001065326233496533,-0.001066869217224542,-0.0010801048170823169,0.006786979783952596,0.006807301814327316,0.00722139225885865,0.006786979783952596,0.006807301814327316,0.007221392258858206,0.0,0.0,0.0,-0.002288629831918132,-0.007838352285698846,0.007295522135650767,0.0,0.0,0.0,0.0,0.0,0.0,0.01568852898146922,0.009657606515359518,0.0029684044285012146,0.015688528981468997,0.00965760651535974,0.0029684044285012146,-0.005989205968045308,0.006196851139599779,-0.005989205968045197,0.0061853255144406205,-0.005989205968045197,0.0061931707720643825
2026-05-19 00:00:00+00:00,-0.00040549030800862695,-0.00040555878535675216,-0.0004005596128593414,-0.0046555139373705146,-0.004676194362803754,-0.004339311447437821,-0.00040601067107237654,-0.00040659935171549755,-0.0004116490852694721,-0.0046556929788940105,-0.004676922514620152,-0.004339311839191229,-0.0046556929788938994,-0.004676922514620152,-0.004339311839191007,0.0,0.0,0.0,-0.0061378228344893815,-0.006180533988959014,-0.011915948370647467,0.0,0.0,0.0,0.0,0.0,0.0,0.020182462461967976,0.02027389718817063,0.012973164082479505,0.020182462461967976,0.02027389718817041,0.012973164082479949,-0.002293876661956018,-0.009663059585950928,-0.002293876661956018,-0.009654610375591566,-0.002293876661955907,-0.009610220390487867
2026-05-20 00:00:00+00:00,0.0016283879903189469,0.001628663096605143,0.0016085791267728133,0.04044797763485852,0.0405854915994448,0.0418297428991925,0.0016304785387766252,0.0016328435543992992,0.001653130897381505,0.04044821202913362,0.04058645063089017,0.04182974669204209,0.04044821202913362,0.04058645063089039,0.04182974669204187,0.0,0.0,0.0,0.04144433696826333,0.04193172596803496,0.04054664116563722,0.0,0.0,0.0,0.0,0.0,0.0,0.054452760925587596,0.05479640227375393,0.05332963314655603,0.05445276092558737,0.05479640227375415,0.05332963314655559,0.009229298656149743,0.03760756195695181,0.009229298656149743,0.03763599978599563,0.009229298656149743,0.03644435403596891
2026-05-21 00:00:00+00:00,0.00016436155174814893,0.00016438927448558793,0.00016236535259639417,0.0008021090812679876,0.0008073162987389804,0.00044409577752446694,0.00016457221803922728,0.00016481054155259578,0.00016685485850032045,0.0008021934581086132,0.0008076591835257663,0.00044409581617532723,0.0008021934581086132,0.0008076591835255442,0.00044409581617532723,0.0,0.0,0.0,0.008589960285640963,0.00862119751121071,0.00869544545378842,0.0,0.0,0.0,0.0,0.0,0.0,0.036252238638234235,0.036481176833639495,0.035169936285397885,0.03625223863823446,0.03648117683363972,0.03516993628539811,0.0009245444943652981,0.01680272692390039,0.000924544494365076,0.01679247439388365,0.0009245444943652981,0.016483648459146627
2026-05-22 00:00:00+00:00,-0.004826360718014122,-0.0048271746427920315,-0.004767753257610918,-0.04678812720426406,-0.04694923985490085,-0.04779081165951893,-0.004832545766770058,-0.004839542813522835,-0.004899562693224224,-0.04678864620344114,-0.04695135543135964,-0.047790815817047916,-0.04678864620344125,-0.04695135543135953,-0.047790815817047805,0.0,0.0,0.0,-0.05329843690060798,-0.053840913074869934,-0.052786864241383236,0.0,0.0,0.0,0.0,0.0,0.0,-0.05332703145674578,-0.05369104475928177,-0.052341836387797214,-0.05332703145674578,-0.05369104475928166,-0.052341836387797214,-0.027127976332477988,-0.05331710353476504,-0.027127976332477988,-0.0532672643634714,-0.0271279763324781,-0.05255021156148143
2026-05-23 00:00:00+00:00,0.002780447883911741,0.002780919057288056,0.0027465226035694457,0.028850955366275244,0.02895518980031686,0.029619850614924115,0.0027840283696201062,0.002788078969500951,0.0028228268994918704,0.028851290905745453,0.028956558014698208,0.029619853321008804,0.028851290905745453,0.028956558014698208,0.029619853321008804,0.0,0.0,0.0,0.026505682800048058,0.026823422066200253,0.026148076263234232,0.0,0.0,0.0,0.0,0.0,0.0,0.04620348854529266,0.04650035024207466,0.045053084328888104,0.04620348854529244,0.046500350242074884,0.04505308432888788,0.015986578638355287,0.02968709412475401,0.015986578638355287,0.029712612397303495,0.015986578638355287,0.029408697621550406
2026-05-24 00:00:00+00:00,0.0007494341222789025,0.0007495607688352557,0.0007403150431473104,0.007670873689157531,0.007693543499779354,0.00822581511851328,0.0007503965170176929,0.0007514852649324055,0.0007608246896471105,0.007670828674752439,0.007693361869501203,0.008225815848408535,0.007670828674752439,0.007693361869501647,0.008225815848408535,0.0,0.0,0.0,0.002800541142555124,0.0028896336010517665,0.002600867239032967,0.0,0.0,0.0,0.0,0.0,0.0,0.030610448647282906,0.030771641060749477,0.029796060886388975,0.030610448647282906,0.030771641060749477,0.029796060886388975,0.004252968036529747,-0.0013595147605933722,0.004252968036529747,-0.0013141984114437566,0.004252968036529747,-0.0017420959436985628
2026-05-25 00:00:00+00:00,0.0006273266332659233,0.0006274325655262203,0.0006196989991664736,-0.0016622530046112027,-0.0019215779985048975,-0.0019425823368472983,0.0006281316181626639,0.0006290422879704494,0.0006368540535490741,-0.001662226504902664,-0.0019214816872900053,-0.001942582507810764,-0.0016622265049028861,-0.0019214816872903384,-0.001942582507810875,0.0,0.0,0.0,-0.016670124010436993,-0.022702869599065423,-0.0008374387038195819,0.0,0.0,0.0,0.0,0.0,0.0,-0.02663371244630275,-0.02677082003065967,-0.025719459628321673,-0.026633712446302527,-0.026770820030659892,-0.02571945962832145,0.0035475997125857806,0.0006301175109570956,0.0035475997125857806,0.0006198969693775869,0.0035475997125857806,0.0005000880674983499
2026-05-26 00:00:00+00:00,-0.003266835127603618,-0.0032673864292962485,-0.0032271384377755563,-0.03486185328219049,-0.03491731361665229,-0.03540137402930299,-0.0032710244956386525,-0.003275763869576842,-0.003316418072837557,-0.03486213114163472,-0.034918445013605526,-0.035401375231865595,-0.03486213114163472,-0.034918445013605526,-0.035401375231865706,0.0,0.0,0.0,-0.04634547280713963,-0.04668096294062529,-0.05218634019383972,0.0,0.0,0.0,0.0,0.0,0.0,-0.04284710124568436,-0.043119056792873534,-0.041858070608404296,-0.04284710124568458,-0.04311905679287342,-0.04185807060840441,-0.018420545386501064,-0.03355141707373044,-0.018420545386501175,-0.03352050427699671,-0.018420545386501175,-0.033031470573217425
2026-05-27 00:00:00+00:00,-0.003478275863319946,-0.0034788647713321907,-0.003435873028221237,-0.020744068849598785,-0.020801317338101533,-0.02083033684608193,-0.0034827510199204603,-0.0034878137478502325,-0.0035312436495709143,-0.020744378670409902,-0.020802578816726203,-0.02083033802265477,-0.020744378670409902,-0.020802578816726203,-0.02083033802265477,0.0,0.0,0.0,-0.03162619356529428,-0.03187766902649514,-0.03177172196056577,0.0,0.0,0.0,0.0,0.0,0.0,-0.021339518439873695,-0.021496891698605136,-0.020951552423846942,-0.021339518439873473,-0.021496891698605136,-0.020951552423847164,-0.01991556996865218,-0.019421623974702595,-0.01991556996865207,-0.019374065663859685,-0.01991556996865207,-0.018853453584117608
2026-05-28 00:00:00+00:00,-0.0018569851536470727,-0.0018573006580016038,-0.0018342690389123728,-0.0009981651518592427,-0.0010091329699603024,-0.0010117343870726936,-0.0018593827044887101,-0.001862095070751968,-0.0018853638567600806,-0.0009982293679231535,-0.0010093944240431307,-0.0010117346338688327,-0.0009982293679232646,-0.0010093944240432418,-0.0010117346338689437,0.0,0.0,0.0,-0.007107690111784137,-0.014243003431401946,0.0007584555050696995,0.0,0.0,0.0,0.0,0.0,0.0,0.007851196357571588,0.007870374309954853,0.007689816397383309,0.007851196357571588,0.007870374309954853,0.007689816397383309,-0.010810864635035555,0.006604367863029426,-0.010810864635035444,0.006760688284810801,-0.010810864635035444,0.006237201559137873
2026-05-29 00:00:00+00:00,-0.00033759869334992754,-0.0003376561585666238,-0.0003334613294248001,-0.0033099787685836324,-0.0033041800022989287,-0.003365147388059264,-0.00033803537849874665,-0.0003385294060324062,-0.00034276766852037177,-0.0033099383614106914,-0.0033040155329567833,-0.0033651472345289646,-0.0033099383614106914,-0.0033040155329567833,-0.0033651472345290756,0.0,0.0,0.0,0.0,0.0,-0.007169806824061542,0.0,0.0,0.0,0.0,0.0,0.0,0.0017511028619725533,0.0017609224554120395,0.0018272473983200754,0.0017511028619723312,0.0017609224554120395,0.0018272473983198534,-0.001983198517369056,0.021209692918444878,-0.001983198517369056,0.02126743267334552,-0.001983198517369056,0.022005060594857184
2026-05-30 00:00:00+00:00,0.0009356534446096632,0.0009358127630254565,0.0009241829318671346,0.004215978638046014,0.00423561094829128,0.004109935909760276,0.0009368641250264709,0.000938233784651743,0.0009499841509721385,0.004216089469911255,0.004236062234063809,0.004109936321434304,0.004216089469911255,0.004236062234063809,0.004109936321434526,0.0,0.0,0.0,0.0,0.0,0.024050995731871305,0.0,0.0,0.0,0.0,0.0,0.0,0.028046789974144115,0.028228980487950084,0.027297717535599952,0.028046789974144115,0.028228980487950084,0.027297717535599952,0.005505489746924885,-0.0010939741359858868,0.005505489746924885,-0.0011146457639678031,0.005505489746924885,-0.0012526696723195174
2026-05-31 00:00:00+00:00,-0.0004524855268972505,-0.0004525625018484414,-0.0004469434656471094,0.008343050888742765,0.00833279325692482,0.00850619001233821,-0.00045307046849230037,-0.0004537322193629567,-0.0004594093329179927,0.008342975236193206,0.008332485370304399,0.008506189728004987,0.008342975236193206,0.008332485370304399,0.008506189728004543,0.0,0.0,0.0,0.0,0.0,-0.006986666537752595,0.0,0.0,0.0,0.0,0.0,0.0,0.044281210077163013,0.0445258782553859,0.042903516893445515,0.044281210077163013,0.0445258782553859,0.04290351689344574,-0.002650375101547975,0.01853519081600208,-0.002650375101547864,0.018595311539088444,-0.002650375101547975,0.0180637793062981
2026-06-01 00:00:00+00:00,-0.0013627745114362932,-0.002726036048927516,-0.005170208908731877,-0.006925227635477205,-0.01383363429486395,-0.01971560449543852,-0.005241117750561797,-0.005248776357505869,-0.005314479417283247,-0.019789398519971524,-0.01984698334448154,-0.019715605648795265,-0.019789398519971302,-0.019846983344481317,-0.019715605648795265,0.0,0.0,0.0,0.0,0.0,0.0,0.0,0.0,0.0,0.0,0.0,0.0,-0.01760255845012515,-0.0210696818366507,-0.0055816216796200635,-0.01760255845012504,-0.02106968183665059,-0.0055816216796198415,-0.030727078170529554,-0.0103954655785794,-0.030727078170529665,-0.014483708328180911,-0.030727078170529776,-0.020880568262812593
2026-06-02 00:00:00+00:00,0.0,0.0,-0.0013114947606670535,0.0,0.0,-0.006812954344796229,-0.010851082183102045,-0.01086702204061496,-0.01100377989496304,-0.03143003179738224,-0.031644105451297366,-0.03043319131778799,-0.03143003179738224,-0.03164410545129748,-0.030433191317787878,0.0,0.0,0.0,0.0,0.0,0.0,0.0,0.0,0.0,0.0,0.0,0.0,-0.016816580790774194,-0.016942859434385116,-0.02113136111746583,-0.016816580790774194,-0.016942859434385005,-0.02113136111746594,-0.06528932016834743,-0.044580693511734104,-0.06528932016834754,-0.04488593017553266,-0.06528932016834754,-0.049129245910012664
2026-06-03 00:00:00+00:00,0.0,0.0,0.0,0.0,0.0,0.0,-0.006169068189028182,-0.006178229893343712,-0.0062568459331892035,-0.0067764037116617715,-0.013627450743540104,-0.01196239678643618,-0.0067764037116617715,-0.013627450743539882,-0.011962396786436291,0.0,0.0,0.0,0.0,0.0,0.0,0.0,0.0,0.0,0.0,0.0,0.0,0.030533692588833317,0.03064837613715543,0.03169691244479145,0.030533692588833317,0.03064837613715521,0.03169691244479167,-0.03928015019873732,0.011221357689530587,-0.03928015019873743,0.011246757364676174,-0.03928015019873732,0.01034430696736166
2026-06-04 00:00:00+00:00,0.0,0.0,0.0,0.0,0.0,0.0,-0.0005546999142126419,-0.0005555288221404941,-0.0005626422600483183,0.0,0.0,-0.06724499965360664,0.0,0.0,-0.06724499965360664,0.0,0.0,0.0,0.0,0.0,0.0,0.0,0.0,0.0,0.0,0.0,0.0,-0.12539022134779676,-0.1261703623180922,-0.12694137817186346,-0.12539022134779665,-0.12617036231809198,-0.12694137817186357,-0.003653653966271042,-0.09038337917432215,-0.003653653966271153,-0.09084424466310603,-0.003653653966271042,-0.08896787914991544
2026-06-05 00:00:00+00:00,0.0,0.0,0.0,0.0,0.0,0.0,-0.00658006100305597,-0.006589899289086043,-0.006674329164335857,0.0,0.0,-0.0711106262384763,0.0,0.0,-0.0711106262384762,0.0,0.0,0.0,0.0,0.0,0.0,0.0,0.0,0.0,0.0,0.0,0.0,-0.03491771339303673,-0.035364636881526246,-0.0326217631776875,-0.03491771339303662,-0.03536463688152647,-0.03262176317768739,-0.043475835038762733,-0.061400460044221505,-0.043475835038762733,-0.06181774906467774,-0.043475835038762844,-0.06167966589414697
2026-06-06 00:00:00+00:00,0.0,0.0,0.0,0.0,0.0,0.0,-0.00043342298858528583,-0.00043407532691264183,-0.0004396740735145288,0.0,0.0,-0.006484490269016874,0.0,0.0,-0.006484490269016874,0.0,0.0,0.0,0.0,0.0,0.0,0.0,0.0,0.0,0.0,0.0,0.0,-0.006553476881988929,-0.013280016986080168,-0.035507160934328263,-0.006553476881988929,-0.013280016986080279,-0.035507160934328486,-0.0029741774806658627,-0.020260828318849122,-0.0029741774806657517,-0.020379786197336824,-0.0029741774806658627,-0.01986089826345694
2026-06-07 00:00:00+00:00,0.0,0.0,0.0,0.0,0.0,0.0,0.005857880080031741,0.005866700514699286,0.0059424030840340425,0.0,0.0,0.0,0.0,0.0,0.0,0.0,0.0,0.0,0.0,0.0,0.0,0.0,0.0,0.0,0.0,0.0,0.0,0.0,0.0,-0.00683177808614055,0.0,0.0,-0.006831778086140772,0.04029959993742027,0.0614002171548691,0.04029959993742027,0.06182820512144249,0.04029959993742027,0.061390680029429046
2026-06-08 00:00:00+00:00,0.0,0.0,0.0,0.0,0.0,0.0,-0.0012043331192358453,-0.002410607011465782,-0.000577541059068265,0.0,0.0,0.0,0.0,0.0,0.0,0.0,0.0,0.0,0.0,0.0,0.0,0.0,0.0,0.0,0.0,0.0,0.0,0.0,0.0,0.0,0.0,0.0,0.0,-0.0037873564062718135,0.012460297694194544,-0.0037873564062717024,0.012530867117328093,-0.0037873564062719245,0.012039204408564652
2026-06-09 00:00:00+00:00,0.0,0.0,0.0,0.0,0.0,0.0,0.0,0.0,-0.0012160408380804677,0.0,0.0,0.0,0.0,0.0,0.0,0.0,0.0,0.0,0.0,0.0,0.0,0.0,0.0,0.0,0.0,0.0,0.0,0.0,0.0,0.0,0.0,0.0,0.0,-0.02183816876398792,-0.028571926049609342,-0.02183816876398803,-0.028750219031678625,-0.02183816876398803,-0.02889103013728822
2026-06-10 00:00:00+00:00,0.0,0.0,0.0,0.0,0.0,0.0,0.0,0.0,0.0,0.0,0.0,0.0,0.0,0.0,0.0,0.0,0.0,0.0,0.0,0.0,0.0,0.0,0.0,0.0,0.0,0.0,0.0,0.0,0.0,0.0,0.0,0.0,0.0,-0.003831351785986481,-0.04766542863841239,-0.003831351785986481,-0.04795404382991775,-0.003831351785986481,-0.04719223637946768
2026-06-11 00:00:00+00:00,0.0,0.0,0.0,0.0,0.0,0.0,0.0,0.0,0.0,0.0,0.0,0.0,0.0,0.0,0.0,0.0,0.0,0.0,0.0,0.0,0.0,0.0,0.0,0.0,0.0,0.0,0.0,0.0,0.0,0.0,0.0,0.0,0.0,0.03440160418008542,0.05359565182762327,0.03440160418008542,0.053956004551187764,0.03440160418008542,0.05354363925143324
2026-06-12 00:00:00+00:00,0.0,0.0,0.0,0.0,0.0,0.0,0.0,0.0,0.0,0.0,0.0,0.0,0.0,0.0,0.0,0.0,0.0,0.0,0.0,0.0,0.0,0.0,0.0,0.0,0.0,0.0,0.0,0.0,0.0,0.0,0.0,0.0,0.0,-0.0003931506517427241,-0.012105274505795016,-0.0003931506517427241,-0.012173440476239028,-0.0003931506517427241,-0.01188764256493513
2026-06-13 00:00:00+00:00,0.0,0.0,0.0,0.0,0.0,0.0,0.0,0.0,0.0,0.0,0.0,0.0,0.0,0.0,0.0,0.0,0.0,0.0,0.0,0.0,0.0,0.0,0.0,0.0,0.0,0.0,0.0,0.0,0.0,0.0,0.0,0.0,0.0,0.014031822945578032,0.03773154310804472,0.014031822945578032,0.037986146275736266,0.01403182294557781,0.03689552443359623
2026-06-14 00:00:00+00:00,0.0,0.0,0.0,0.0,0.0,0.0,0.0,0.0,0.0,0.0,0.0,0.0,0.0,0.0,0.0,0.0,0.0,0.0,0.0,0.0,0.0,0.0,0.0,0.0,0.0,0.0,0.0,0.0,0.0,0.0,0.0,0.0,0.0,0.01981422005497735,0.030237707597057684,0.01981422005497757,0.0304385515785206,0.01981422005497735,0.030569967682337662
2026-06-15 00:00:00+00:00,0.0,0.0,0.0,0.0,0.0,0.0,0.0,0.0,0.0,0.0,0.0,0.0,0.0,0.0,0.0,0.0,0.0,0.0,0.0,0.0,0.0,0.0,0.0,0.0,0.0,0.0,0.0,0.0,0.0,0.0,0.0,0.0,0.0,0.008677664442334754,0.020867391827539494,0.008677664442334754,0.020983577431267886,0.008677664442334754,0.02082633190955341
2026-06-16 00:00:00+00:00,0.0,0.0,0.0,0.0,0.0,0.0,0.0,0.0,0.0,0.0,0.0,0.0,0.0,0.0,0.0,0.0,0.0,0.0,0.0,0.0,0.0,0.0,0.0,0.0,0.0,0.0,0.0,0.0,0.0,0.0,0.0,0.0,0.0,-0.00996064988050116,-0.0019224793896022163,-0.009960649880501049,-0.001950435464040945,-0.00996064988050116,-0.0018370711689139618
2026-06-17 00:00:00+00:00,0.0,0.0,0.0,0.0,0.0,0.0,0.0,0.0,0.0,0.0,0.0,0.0,0.0,0.0,0.0,0.0,0.0,0.0,0.0,0.0,0.0,0.0,0.0,0.0,0.0,0.0,0.0,0.0,0.0,0.0,0.0,0.0,0.0,-0.017839986930144547,-0.021297013588156166,-0.017839986930144547,-0.02143227712984519,-0.017839986930144547,-0.02101129315546746
2026-06-18 00:00:00+00:00,0.0,0.0,0.0,0.0,0.0,0.0,0.0,0.0,0.0,0.0,0.0,0.0,0.0,0.0,0.0,0.0,0.0,0.0,0.0,0.0,0.0,0.0,0.0,0.0,0.0,0.0,0.0,0.0,0.0,0.0,0.0,0.0,0.0,-0.02431538074333195,-0.020654118239947783,-0.02431538074333206,-0.020796602048741897,-0.02431538074333195,-0.02091901447712996
2026-06-19 00:00:00+00:00,0.0,0.0,0.0,0.0,0.0,0.0,0.0,0.0,0.0,0.0,0.0,0.0,0.0,0.0,0.0,0.0,0.0,0.0,0.0,0.0,0.0,0.0,0.0,0.0,0.0,0.0,0.0,0.0,0.0,0.0,0.0,0.0,0.0,0.009481542409780275,-0.009230835949807115,0.009481542409780275,-0.00928453219105807,0.009481542409780275,-0.009110206486609984
2026-06-20 00:00:00+00:00,0.0,0.0,0.0,0.0,0.0,0.0,0.0,0.0,0.0,0.0,0.0,0.0,0.0,0.0,0.0,0.0,0.0,0.0,0.0,0.0,0.0,0.0,0.0,0.0,0.0,0.0,0.0,0.0,0.0,0.0,0.0,0.0,0.0,0.011780821486186754,0.004326412598320228,0.011780821486186754,0.004365940392594636,0.011780821486186754,0.004416069792423816
2026-06-21 00:00:00+00:00,0.0,0.0,0.0,0.0,0.0,0.0,0.0,0.0,0.0,0.0,0.0,0.0,0.0,0.0,0.0,0.0,0.0,0.0,0.0,0.0,0.0,0.0,0.0,0.0,0.0,0.0,0.0,0.0,0.0,0.0,0.0,0.0,0.0,-0.015373933851413613,-0.026302347627610412,-0.015373933851413613,-0.026466351103372032,-0.015373933851413724,-0.026322446576081626
2026-06-22 00:00:00+00:00,0.0,0.0,0.0,0.0,0.0,0.0,0.0,0.0,0.0,0.0,0.0,0.0,0.0,0.0,0.0,0.0,0.0,0.0,0.0,0.0,0.0,0.0,0.0,0.0,0.0,0.0,0.0,0.0,0.0,0.0,0.0,0.0,0.0,0.01130660040866216,0.0024251563696240375,0.01130660040866216,0.002450372734425388,0.01130660040866216,0.002582556995647467
2026-06-23 00:00:00+00:00,0.0,0.0,0.0,0.0,0.0,0.0,0.0,0.0,0.0,0.0,0.0,0.0,0.0,0.0,0.0,0.0,0.0,0.0,0.0,0.0,0.0,0.0,0.0,0.0,0.0,0.0,0.0,0.0,0.0,0.0,0.0,0.0,0.0,-0.0204181007812122,-0.0392474622030613,-0.0204181007812122,-0.03949887614915104,-0.0204181007812122,-0.03932162640089554
2026-06-24 00:00:00+00:00,0.0,0.0,0.0,0.0,0.0,0.0,0.0,0.0,0.0,0.0,0.0,0.0,0.0,0.0,0.0,0.0,0.0,0.0,0.0,0.0,0.0,0.0,0.0,0.0,0.0,0.0,0.0,0.0,0.0,0.0,0.0,0.0,0.0,-0.026526198637845222,-0.02061563741063921,-0.026526198637845222,-0.020767797500318652,-0.026526198637845222,-0.020945412560862797
2026-06-25 00:00:00+00:00,0.0,0.0,0.0,0.0,0.0,0.0,0.0,0.0,0.0,0.0,0.0,0.0,0.0,0.0,0.0,0.0,0.0,0.0,0.0,0.0,0.0,0.0,0.0,0.0,0.0,0.0,0.0,0.0,0.0,0.0,0.0,0.0,0.0,-0.02098088438556689,-0.016305863445436386,-0.020980884385567,-0.016429355220385577,-0.020980884385567,-0.01619059517906518
2026-06-26 00:00:00+00:00,0.0,0.0,0.0,0.0,0.0,0.0,0.0,0.0,0.0,0.0,0.0,0.0,0.0,0.0,0.0,0.0,0.0,0.0,0.0,0.0,0.0,0.0,0.0,0.0,0.0,0.0,0.0,0.0,0.0,0.0,0.0,0.0,0.0,0.005006059093539461,0.01671530086584405,0.005006059093539461,0.016833188191237358,0.005006059093539461,0.01667245546709406
2026-06-27 00:00:00+00:00,0.0,0.0,0.0,0.0,0.0,0.0,0.0,0.0,0.0,0.0,0.0,0.0,0.0,0.0,0.0,0.0,0.0,0.0,0.0,0.0,0.0,0.0,0.0,0.0,0.0,0.0,0.0,0.0,0.0,0.0,0.0,0.0,0.0,-0.0011281190976447641,-0.013420827360706156,-0.0011281190976447641,-0.013509494195759641,-0.0011281190976448752,-0.013638535027104326
2026-06-28 00:00:00+00:00,0.0,0.0,0.0,0.0,0.0,0.0,0.0,0.0,0.0,0.0,0.0,0.0,0.0,0.0,0.0,0.0,0.0,0.0,0.0,0.0,0.0,0.0,0.0,0.0,0.0,0.0,0.0,0.0,0.0,0.0,0.0,0.0,0.0,-0.007688850091198907,-0.009069189086072349,-0.007688850091198907,-0.009128421719107438,-0.007688850091198907,-0.008991457417201087
2026-06-29 00:00:00+00:00,0.0,0.0,0.0,0.0,0.0,0.0,0.0,0.0,0.0,0.0,0.0,0.0,0.0,0.0,0.0,0.0,0.0,0.0,0.0,0.0,0.0,0.0,0.0,0.0,0.0,0.0,0.0,0.0,0.0,0.0,0.0,0.0,0.0,0.01158018435279562,0.024869906286184573,0.01158018435279562,0.025044077364708706,0.011580184352795397,0.024961166686648717
2026-06-30 00:00:00+00:00,0.0,0.0,0.0,0.0,0.0,0.0,0.0,0.0,0.0,0.0,0.0,0.0,0.0,0.0,0.0,0.0,0.0,0.0,0.0,0.0,0.0,0.0,0.0,0.0,0.0,0.0,0.0,0.0,0.0,0.0,0.0,0.0,0.0,-0.02723945539040551,-0.022598536062231056,-0.027239455390405398,-0.022760976722637216,-0.027239455390405398,-0.02223219401550336
